Workbook

Sheet indexed
A1: Core | B1: Year | C1: Density | D1: Extension | E1: Calcification
A2: VAR1 | B2: 2015 | C2: 0.66367558 | D2: 1.5082 | E2: 1.0009555 | G2: Specimen | H2: Time span | I2: n | J2: Density | K2: Extension | L2: Calcification
A3: VAR1 | B3: 2014 | C3: 0.64346974 | D3: 1.6148 | E3: 1.0390749 | G3: VAR1 | H3: 1982-2015 | I3: 34 | J3: =AVERAGE(C2:C35) -> 0.692789 | K3: =AVERAGE(D2:D35) -> 1.3458253 | L3: =AVERAGE(E2:E35) -> 0.92372783 | M3: =_xlfn.STDEV.S(C2:C35) -> 0.08540557 | N3: =_xlfn.STDEV.S(D2:D35) -> 0.32176458 | O3: =_xlfn.STDEV.S(E2:E35) -> 0.2167087
A4: VAR1 | B4: 2013 | C4: 0.61306653 | D4: 1.7519 | E4: 1.0740313 | G4: VAR2 | H4: 1951-2015 | I4: 65 | J4: =AVERAGE(C36:C100) -> 0.7246838 | K4: =AVERAGE(D36:D100) -> 1.0784231 | L4: =AVERAGE(E36:E100) -> 0.79707055 | M4: =_xlfn.STDEV.S(C36:C100) -> 0.14850848 | N4: =_xlfn.STDEV.S(D36:D100) -> 0.21399976 | O4: =_xlfn.STDEV.S(E36:E100) -> 0.22243524
A5: VAR1 | B5: 2012 | C5: 0.62324338 | D5: 1.8129 | E5: 1.1298779 | G5: VAR3 | H5: 1942-2015 | I5: 74 | J5: =AVERAGE(C101:C174) -> 0.78894828 | K5: =AVERAGE(D101:D174) -> 0.95151304 | L5: =AVERAGE(E101:E174) -> 0.76505275 | M5: =_xlfn.STDEV.S(C101:C174) -> 0.14497208 | N5: =_xlfn.STDEV.S(D101:D174) -> 0.21581195 | O5: =_xlfn.STDEV.S(E101:E174) -> 0.2195597
A6: VAR1 | B6: 2011 | C6: 0.49989233 | D6: 1.4321 | E6: 0.71589581 | G6: VAR4 | H6: 1950-2015 | I6: 66 | J6: =AVERAGE(C175:C240) -> 0.6615329 | K6: =AVERAGE(D175:D240) -> 1.0310894 | L6: =AVERAGE(E175:E240) -> 0.67766086 | M6: =_xlfn.STDEV.S(C175:C240) -> 0.13578813 | N6: =_xlfn.STDEV.S(D175:D240) -> 0.19150226 | O6: =_xlfn.STDEV.S(E175:E240) -> 0.14718441
A7: VAR1 | B7: 2010 | C7: 0.63715169 | D7: 1.4472 | E7: 0.92208592 | G7: Mean | H7: 1951-2015 | I7: 65 | J7: =AVERAGE(columns!V2:V75) -> 0.72965813 | K7: =AVERAGE(columns!W2:W75) -> 1.0528591 | L7: =AVERAGE(columns!X2:X75) -> 0.78528803 | M7: =_xlfn.STDEV.S(columns!V2:V75) -> 0.1143981 | N7: =_xlfn.STDEV.S(columns!W2:W75) -> 0.1601226 | O7: =_xlfn.STDEV.S(columns!X2:X75) -> 0.15044141
A8: VAR1 | B8: 2009 | C8: 0.5635353 | D8: 1.1426 | E8: 0.64389544
A9: VAR1 | B9: 2008 | C9: 0.67246571 | D9: 1.2492 | E9: 0.84004416
A10: VAR1 | B10: 2007 | C10: 0.64241555 | D10: 1.4168 | E10: 0.91017435
A11: VAR1 | B11: 2006 | C11: 0.72705608 | D11: 0.8531 | E11: 0.62025154
A12: VAR1 | B12: 2005 | C12: 0.63195382 | D12: 1.9805 | E12: 1.2515845
A13: VAR1 | B13: 2004 | C13: 0.62146618 | D13: 1.234 | E13: 0.76688927
A14: VAR1 | B14: 2003 | C14: 0.63409067 | D14: 1.2949 | E14: 0.82108401
A15: VAR1 | B15: 2002 | C15: 0.68440373 | D15: 1.2492 | E15: 0.85495714
A16: VAR1 | B16: 2001 | C16: 0.68401499 | D16: 1.9195 | E16: 1.3129668
A17: VAR1 | B17: 2000 | C17: 0.63685605 | D17: 1.5844 | E17: 1.0090347
A18: VAR1 | B18: 1999 | C18: 0.70072623 | D18: 1.7062 | E18: 1.1955791
A19: VAR1 | B19: 1998 | C19: 0.66170289 | D19: 1.43168 | E19: 0.94734679
... A240: VAR4 | B240: 1950 | C240: 0.27110054 | D240: 0.945 | E240: 0.51238002

Sheet columns
A1: Core | B1: Year | C1: Density | D1: Extension | E1: Calcification | F1: Core | G1: Year | H1: Density | I1: Extension | J1: Calcification | K1: Core | L1: Year | M1: Density | N1: Extension | O1: Calcification | P1: Core | Q1: Year | R1: Density | S1: Extension | T1: Calcification | U1: Year | V1: Density | W1: Extension | X1: Calcification
A2: VAR1 | B2: 2015 | C2: 0.66367558 | D2: 1.5082 | E2: 1.0009555 | F2: VAR2 | G2: 2015 | H2: 0.62070003 | I2: 0.8614 | J2: 0.534671 | K2: VAR3 | L2: 2015 | M2: 1.0227758 | N2: 0.707585 | O2: 0.71756853 | P2: VAR4 | Q2: 2015 | R2: 0.55092273 | S2: 1.0073 | T2: 0.55578431 | U2: 2015 | V2: 0.71451854 | W2: 1.0211212 | X2: 0.70224484
A3: VAR1 | B3: 2014 | C3: 0.64346974 | D3: 1.6148 | E3: 1.0390749 | F3: VAR2 | G3: 2014 | H3: 0.64222612 | I3: 1.66135 | J3: 1.0771725 | K3: VAR3 | L3: 2014 | M3: 0.72230319 | N3: 1.01528 | O3: 0.77270753 | P3: VAR4 | Q3: 2014 | R3: 0.6730718 | S3: 1.07935 | T3: 0.72330961 | U3: 2014 | V3: 0.67026771 | W3: 1.342695 | X3: 0.90306613
A4: VAR1 | B4: 2013 | C4: 0.61306653 | D4: 1.7519 | E4: 1.0740313 | F4: VAR2 | G4: 2013 | H4: 0.57407599 | I4: 1.2922 | J4: 0.73136274 | K4: VAR3 | L4: 2013 | M4: 0.75686751 | N4: 0.523 | O4: 0.39708989 | P4: VAR4 | Q4: 2013 | R4: 0.67628116 | S4: 1.1512 | T4: 0.77853488 | U4: 2013 | V4: 0.6550728 | W4: 1.179575 | X4: 0.74525469
A5: VAR1 | B5: 2012 | C5: 0.62324338 | D5: 1.8129 | E5: 1.1298779 | F5: VAR2 | G5: 2012 | H5: 0.52368544 | I5: 1.0768 | J5: 0.58705831 | K5: VAR3 | L5: 2012 | M5: 0.86020557 | N5: 0.7076 | O5: 0.61553128 | P5: VAR4 | Q5: 2012 | R5: 0.80910702 | S5: 0.86345 | T5: 0.69954576 | U5: 2012 | V5: 0.70406035 | W5: 1.1151875 | X5: 0.75800332
A6: VAR1 | B6: 2011 | C6: 0.49989233 | D6: 1.4321 | E6: 0.71589581 | F6: VAR2 | G6: 2011 | H6: 0.62126067 | I6: 0.9537 | J6: 0.56870008 | K6: VAR3 | L6: 2011 | M6: 1.152103 | N6: 0.73837 | O6: 0.8888782 | P6: VAR4 | Q6: 2011 | R6: 0.87060685 | S6: 1.07935 | T6: 0.94460146 | U6: 2011 | V6: 0.7859657 | W6: 1.05088 | X6: 0.77951889
A7: VAR1 | B7: 2010 | C7: 0.63715169 | D7: 1.4472 | E7: 0.92208592 | F7: VAR2 | G7: 2010 | H7: 0.74836514 | I7: 0.8922 | J7: 0.66472599 | K7: VAR3 | L7: 2010 | M7: 0.7972046 | N7: 0.73838 | O7: 0.58863874 | P7: VAR4 | Q7: 2010 | R7: 0.9054073 | S7: 0.93535 | T7: 0.85636773 | U7: 2010 | V7: 0.77203218 | W7: 1.0032825 | X7: 0.7579546
A8: VAR1 | B8: 2009 | C8: 0.5635353 | D8: 1.1426 | E8: 0.64389544 | F8: VAR2 | G8: 2009 | H8: 0.64815066 | I8: 0.923 | J8: 0.59824306 | K8: VAR3 | L8: 2009 | M8: 0.76829506 | N8: 0.769115 | O8: 0.58661405 | P8: VAR4 | Q8: 2009 | R8: 0.7746438 | S8: 1.05535 | T8: 0.80538956 | U8: 2009 | V8: 0.68865621 | W8: 0.97251625 | X8: 0.65853553
A9: VAR1 | B9: 2008 | C9: 0.67246571 | D9: 1.2492 | E9: 0.84004416 | F9: VAR2 | G9: 2008 | H9: 0.67276675 | I9: 1.29215 | J9: 0.88285883 | K9: VAR3 | L9: 2008 | M9: 0.69581167 | N9: 0.5538 | O9: 0.3865714 | P9: VAR4 | Q9: 2008 | R9: 0.67075042 | S9: 1.24715 | T9: 0.83652276 | U9: 2008 | V9: 0.67794864 | W9: 1.085575 | X9: 0.73649929
A10: VAR1 | B10: 2007 | C10: 0.64241555 | D10: 1.4168 | E10: 0.91017435 | F10: VAR2 | G10: 2007 | H10: 0.66736371 | I10: 1.10755 | J10: 0.73332086 | K10: VAR3 | L10: 2007 | M10: 0.69136974 | N10: 0.9845 | O10: 0.68330001 | P10: VAR4 | Q10: 2007 | R10: 0.60497942 | S10: 1.2235 | T10: 0.74041517 | U10: 2007 | V10: 0.6515321 | W10: 1.1830875 | X10: 0.7668026
A11: VAR1 | B11: 2006 | C11: 0.72705608 | D11: 0.8531 | E11: 0.62025154 | F11: VAR2 | G11: 2006 | H11: 0.68793992 | I11: 1.2306 | J11: 0.84911533 | K11: VAR3 | L11: 2006 | M11: 0.81503483 | N11: 0.738365 | O11: 0.61025313 | P11: VAR4 | Q11: 2006 | R11: 0.48859726 | S11: 0.98365 | T11: 0.48299472 | U11: 2006 | V11: 0.67965702 | W11: 0.95142875 | X11: 0.64065368
A12: VAR1 | B12: 2005 | C12: 0.63195382 | D12: 1.9805 | E12: 1.2515845 | F12: VAR2 | G12: 2005 | H12: 0.71503627 | I12: 1.1691 | J12: 0.82632546 | K12: VAR3 | L12: 2005 | M12: 0.77560446 | N12: 1.23059 | O12: 0.89914982 | P12: VAR4 | Q12: 2005 | R12: 0.77498582 | S12: 1.03165 | T12: 0.80151611 | U12: 2005 | V12: 0.7243951 | W12: 1.35296 | X12: 0.94464399
A13: VAR1 | B13: 2004 | C13: 0.62146618 | D13: 1.234 | E13: 0.76688927 | F13: VAR2 | G13: 2004 | H13: 0.6125473 | I13: 0.98455 | J13: 0.58331742 | K13: VAR3 | L13: 2004 | M13: 0.68155796 | N13: 0.615305 | O13: 0.39625337 | P13: VAR4 | Q13: 2004 | R13: 0.67179981 | S13: 1.1996 | T13: 0.80812357 | U13: 2004 | V13: 0.64684281 | W13: 1.0083637 | X13: 0.63864591
... A35: VAR1 | B35: 1982 | C35: 0.81390883 | D35: 0.83765 | E35: 0.68177073 | F35: VAR2 | G35: 1982 | H35: 0.74893519 | I35: 0.92275 | J35: 0.70335504 | K35: VAR3 | L35: 1982 | M35: 0.66000949 | N35: 0.892195 | O35: 0.58903882 | P35: VAR4 | Q35: 1982 | R35: 0.60391413 | S35: 0.861 | T35: 0.52426909 | U35: 1982 | V35: 0.70669191 | W35: 0.87839875 | X35: 0.62460842
F36: VAR2 | G36: 1981 | H36: 0.90458881 | I36: 1.47645 | J36: 1.4202284 | K36: VAR3 | L36: 1981 | M36: 0.68277065 | N36: 1.199845 | O36: 0.79007761 | P36: VAR4 | Q36: 1981 | R36: 0.69127593 | S36: 0.924 | T36: 0.63823957 | U36: 1981 | V36: 0.75954513 | W36: 1.2000983 | X36: 0.9495152
F37: VAR2 | G37: 1980 | H37: 0.85646492 | I37: 1.10725 | J37: 0.91738163 | K37: VAR3 | L37: 1980 | M37: 0.59149239 | N37: 0.953725 | O37: 0.56448819 | P37: VAR4 | Q37: 1980 | R37: 0.88712617 | S37: 0.816 | T37: 0.72917182 | U37: 1980 | V37: 0.77836116 | W37: 0.95899167 | X37: 0.73701388
F38: VAR2 | G38: 1979 | H38: 0.81861257 | I38: 1.23025 | J38: 0.97998267 | K38: VAR3 | L38: 1979 | M38: 0.96872327 | N38: 0.79993 | O38: 0.76576324 | P38: VAR4 | Q38: 1979 | R38: 0.92032473 | S38: 0.765 | T38: 0.70195654 | U38: 1979 | V38: 0.90255352 | W38: 0.93172667 | X38: 0.81590082
F39: VAR2 | G39: 1978 | H39: 0.98942804 | I39: 1.1688 | J39: 1.1582065 | K39: VAR3 | L39: 1978 | M39: 0.58598595 | N39: 0.89199 | O39: 0.51937635 | P39: VAR4 | Q39: 1978 | R39: 0.8020359 | S39: 0.882 | T39: 0.70774664 | U39: 1978 | V39: 0.7924833 | W39: 0.98093 | X39: 0.79510985
F40: VAR2 | G40: 1977 | H40: 0.91001949 | I40: 0.92255 | J40: 0.83598365 | K40: VAR3 | L40: 1977 | M40: 0.70148597 | N40: 0.92271 | O40: 0.64344767 | P40: VAR4 | Q40: 1977 | R40: 0.89411392 | S40: 0.927 | T40: 0.82810226 | U40: 1977 | V40: 0.83520646 | W40: 0.92408667 | X40: 0.76917786
F41: VAR2 | G41: 1976 | H41: 0.85802753 | I41: 1.13775 | J41: 0.9727302 | K41: VAR3 | L41: 1976 | M41: 0.59007432 | N41: 0.768975 | O41: 0.45187629 | P41: VAR4 | Q41: 1976 | R41: 0.86181044 | S41: 0.744 | T41: 0.64178348 | U41: 1976 | V41: 0.76997076 | W41: 0.883575 | X41: 0.68879666
F42: VAR2 | G42: 1975 | H42: 0.89276325 | I42: 1.07625 | J42: 0.97339371 | K42: VAR3 | L42: 1975 | M42: 0.66952195 | N42: 1.014975 | O42: 0.6846929 | P42: VAR4 | Q42: 1975 | R42: 0.77946614 | S42: 0.906 | T42: 0.70611803 | U42: 1975 | V42: 0.78058378 | W42: 0.999075 | X42: 0.78806821
F43: VAR2 | G43: 1974 | H43: 1.0604316 | I43: 1.07625 | J43: 1.2393365 | K43: VAR3 | L43: 1974 | M43: 0.62510807 | N43: 0.79968 | O43: 0.49962461 | P43: VAR4 | Q43: 1974 | R43: 0.79992887 | S43: 0.72 | T43: 0.57594879 | U43: 1974 | V43: 0.82848951 | W43: 0.86531 | X43: 0.77163664
F44: VAR2 | G44: 1973 | H44: 1.1548418 | I44: 1.0455 | J44: 1.2073871 | K44: VAR3 | L44: 1973 | M44: 0.71499686 | N44: 0.984225 | O44: 0.69975079 | P44: VAR4 | Q44: 1973 | R44: 0.83321727 | S44: 0.81 | T44: 0.68322541 | U44: 1973 | V44: 0.90101865 | W44: 0.946575 | X44: 0.86345444
F45: VAR2 | G45: 1972 | H45: 0.86175919 | I45: 0.95325 | J45: 0.82320922 | K45: VAR3 | L45: 1972 | M45: 0.75873309 | N45: 0.861195 | O45: 0.65305261 | P45: VAR4 | Q45: 1972 | R45: 0.55262156 | S45: 0.975 | T45: 0.53995621 | U45: 1972 | V45: 0.72437128 | W45: 0.929815 | X45: 0.67207268
F46: VAR2 | G46: 1971 | H46: 0.86099294 | I46: 1.07625 | J46: 0.93532892 | K46: VAR3 | L46: 1971 | M46: 0.74573173 | N46: 0.86118 | O46: 0.65941355 | P46: VAR4 | Q46: 1971 | R46: 0.57263924 | S46: 1.02 | T46: 0.57719181 | U46: 1971 | V46: 0.72645463 | W46: 0.98581 | X46: 0.72397809
F47: VAR2 | G47: 1970 | H47: 0.87313105 | I47: 1.26075 | J47: 1.072268 | K47: VAR3 | L47: 1970 | M47: 0.99502619 | N47: 1.014945 | O47: 1.0227835 | P47: VAR4 | Q47: 1970 | R47: 0.64771216 | S47: 0.813 | T47: 0.5269511 | U47: 1970 | V47: 0.83862313 | W47: 1.029565 | X47: 0.8740009
... F66: VAR2 | G66: 1951 | H66: 0.44105538 | I66: 0.46125 | J66: 0.40687359 | K66: VAR3 | L66: 1951 | M66: 0.82204353 | N66: 1.322595 | O66: 1.0884743 | P66: VAR4 | Q66: 1951 | R66: 0.50796733 | S66: 1.296 | T66: 0.65337036 | U66: 1951 | V66: 0.59035542 | W66: 1.026615 | X66: 0.71623941
K67: VAR3 | L67: 1950 | M67: 0.91056619 | N67: 0.98421 | O67: 0.88868529 | P67: VAR4 | Q67: 1950 | R67: 0.27110054 | S67: 0.945 | T67: 0.51238002 | V67: 0.59083336 | W67: 0.964605 | X67: 0.70053265
K68: VAR3 | L68: 1949 | M68: 1.0200566 | N68: 1.138065 | O68: 1.1371296 | V68: 1.0200566 | W68: 1.138065 | X68: 1.1371296
K69: VAR3 | L69: 1948 | M69: 0.87307898 | N69: 1.199625 | O69: 0.94858993 | V69: 0.87307898 | W69: 1.199625 | X69: 0.94858993
K70: VAR3 | L70: 1947 | M70: 0.92764806 | N70: 1.507095 | O70: 1.4112744 | V70: 0.92764806 | W70: 1.507095 | X70: 1.4112744
K71: VAR3 | L71: 1946 | M71: 0.88869478 | N71: 1.138035 | O71: 1.0057532 | V71: 0.88869478 | W71: 1.138035 | X71: 1.0057532
K72: VAR3 | L72: 1945 | M72: 1.1279307 | N72: 1.076475 | O72: 1.263202 | V72: 1.1279307 | W72: 1.076475 | X72: 1.263202
K73: VAR3 | L73: 1944 | M73: 0.43646169 | N73: 0.73836 | O73: 0.64453171 | V73: 0.43646169 | W73: 0.73836 | X73: 0.64453171
K74: VAR3 | L74: 1943 | M74: 0.38321721 | N74: 0.55377 | O74: 0.42442839 | V74: 0.38321721 | W74: 0.55377 | X74: 0.42442839
K75: VAR3 | L75: 1942 | M75: 0.47993299 | N75: 0.461475 | O75: 0.44295415 | V75: 0.47993299 | W75: 0.461475 | X75: 0.44295415
