Workbook

Sheet Hoja1
A1: Year | B1: Month | C1: Y.M | D1: WF_Helena | E1: WF_Calamar | F1: Air_Temperature | G1: SST_CCI | H1: HadISST | I1: SOI | J1: AMO
A2: 2015 | B2: 12 | C2: 2015.9167 | D2: -220.55429 | E2: -5474.8495 | F2: 1.0121148 | G2: 1.1872941 | H2: 0.9759504 | I2: -0.6 | J2: 0.234
A3: 2015 | B3: 11 | C3: 2015.8333 | D3: -152.6 | E3: -4179.328 | F3: 0.45202205 | G3: 0.47347059 | H3: 0.47994874 | I3: -0.5 | J3: 0.192
A4: 2015 | B4: 10 | C4: 2015.75 | D4: -193.03429 | E4: -4301.6935 | F4: 1.1565562 | G4: 0.38094118 | H4: 0.92958523 | I4: -1.7 | J4: 0.33
A5: 2015 | B5: 9 | C5: 2015.6667 | D5: -146.01714 | E5: -3253.6613 | F5: 0.9820501 | G5: 0.40744118 | H5: 0.64678847 | I5: -1.6 | J5: 0.305
A6: 2015 | B6: 8 | C6: 2015.5833 | D6: -146.53714 | E6: -3319.5968 | F6: 0.79146686 | G6: 0.010529412 | H6: 0.22047697 | I6: -1.4 | J6: 0.183
A7: 2015 | B7: 7 | C7: 2015.5 | D7: -156.63429 | E7: -3700.5323 | F7: 0.44511529 | G7: -0.14191176 | H7: 0.0039573226 | I7: -1.1 | J7: 0.137
A8: 2015 | B8: 6 | C8: 2015.4167 | D8: -65.58 | E8: -2347.5484 | F8: 0.65753875 | G8: -0.23705882 | H8: 0.0061128548 | I8: -0.6 | J8: 0.034
A9: 2015 | B9: 5 | C9: 2015.3333 | D9: -44.482 | E9: -1834.8387 | F9: 0.35299394 | G9: 0.076352941 | H9: 0.042377177 | I9: -0.7 | J9: 0.05
A10: 2015 | B10: 4 | C10: 2015.25 | D10: 19.738 | E10: -129.17742 | F10: 0.44671505 | G10: 0.45102941 | H10: -0.026491855 | I10: 0 | J10: -0.066
A11: 2015 | B11: 3 | C11: 2015.1667 | D11: -16.042857 | E11: -749.37097 | F11: 0.076579615 | G11: 0.27714706 | H11: 0.10555134 | I11: -0.7 | J11: -0.124
A12: 2015 | B12: 2 | C12: 2015.0833 | D12: -25.974 | E12: -503.74194 | F12: 0.75463408 | G12: 0.23061765 | H12: 0.55876876 | I12: 0.2 | J12: 0.002
A13: 2015 | B13: 1 | C13: 2015 | D13: -80.252 | E13: -2421.7258 | F13: 0.26982516 | G13: -0.17170588 | H13: 0.53827118 | I13: -0.8 | J13: -0.003
... A409: 1982 | B409: 1 | C409: 1982 | D409: -77.752 | E409: 1321.2742 | F409: -0.28421065 | G409: 0.17029412 | H409: 0.16951818 | I409: 1.2 | J409: -0.07
A410: 1981 | B410: 12 | C410: 1981.9167 | D410: -144.95429 | E410: 1660.1505 | F410: 0.26445452 | H410: 0.012945403 | I410: 0.5 | J410: 0.005
A411: 1981 | B411: 11 | C411: 1981.8333 | D411: -159.5 | E411: 1165.672 | F411: 0.44084205 | H411: -0.16285126 | I411: 0.2 | J411: -0.126
A412: 1981 | B412: 10 | C412: 1981.75 | D412: -125.93429 | E412: 1281.3065 | F412: -0.041120563 | H412: -0.18891477 | I412: -0.4 | J412: -0.176
A413: 1981 | B413: 9 | C413: 1981.6667 | D413: -78.417143 | E413: 2695.3387 | F413: 0.06254343 | H413: 0.033352468 | I413: 0.3 | J413: -0.025
A414: 1981 | B414: 8 | C414: 1981.5833 | D414: -33.437143 | E414: 3404.4032 | F414: -0.29517507 | H414: -0.035633032 | I414: 0.7 | J414: -0.104
A415: 1981 | B415: 7 | C415: 1981.5 | D415: -11.334286 | E415: 5525.4677 | F415: 0.17075884 | H415: 0.19734732 | I415: 0.8 | J415: -0.084
A416: 1981 | B416: 6 | C416: 1981.4167 | D416: -43.18 | E416: 5279.4516 | F416: -0.27568677 | H416: 0.26097785 | I416: 1.2 | J416: -0.051
A417: 1981 | B417: 5 | C417: 1981.3333 | D417: -108.882 | E417: 2734.1613 | F417: -0.19413509 | H417: 0.51400518 | I417: 0.8 | J417: -0.073
A418: 1981 | B418: 4 | C418: 1981.25 | D418: -130.062 | E418: -4.1774194 | F418: -0.10192228 | H418: -0.013146855 | I418: -0.1 | J418: -0.084
A419: 1981 | B419: 3 | C419: 1981.1667 | D419: -104.65286 | E419: 820.62903 | F419: 0.35546026 | H419: 0.63045734 | I419: -1.3 | J419: 0.012
A420: 1981 | B420: 2 | C420: 1981.0833 | D420: -158.214 | E420: -699.74194 | F420: 0.18116087 | H420: 0.095008758 | I420: -0.2 | J420: -0.17
A421: 1981 | B421: 1 | C421: 1981 | D421: -171.352 | E421: -315.72581 | F421: 0.41578935 | H421: 0.073318177 | I421: 0.4 | J421: -0.171
A422: 1980 | B422: 12 | C422: 1980.9167 | E422: -1205.8495 | F422: 0.36445452 | H422: -0.1450386 | I422: -0.1 | J422: -0.243
A423: 1980 | B423: 11 | C423: 1980.8333 | E423: -943.32796 | F423: 0.54084205 | H423: -0.012666258 | I423: -0.3 | J423: -0.191
A424: 1980 | B424: 10 | C424: 1980.75 | E424: -632.69355 | F424: 0.35887944 | H424: -0.30208077 | I424: 0 | J424: -0.055
A425: 1980 | B425: 9 | C425: 1980.6667 | E425: -1511.6613 | F425: 0.36254343 | H425: -0.037274532 | I425: -0.5 | J425: -0.002
A426: 1980 | B426: 8 | C426: 1980.5833 | E426: -1186.5968 | F426: 0.20482493 | H426: 0.0041959677 | I426: 0.4 | J426: 0.029
A427: 1980 | B427: 7 | C427: 1980.5 | E427: -2145.5323 | F427: 0.27075884 | H427: 0.27074132 | I427: 0 | J427: 0.056
A428: 1980 | B428: 6 | C428: 1980.4167 | E428: -1615.5484 | F428: 0.22431323 | H428: 0.21921585 | I428: 0 | J428: 0.114
A429: 1980 | B429: 5 | C429: 1980.3333 | E429: -1792.8387 | F429: 0.30586491 | H429: 0.32290018 | I429: 0 | J429: 0.135
A430: 1980 | B430: 4 | C430: 1980.25 | E430: -1654.1774 | F430: 0.19807772 | H430: -0.42872385 | I430: -0.6 | J430: 0.005
A431: 1980 | B431: 3 | C431: 1980.1667 | E431: -989.37097 | F431: 0.35546026 | H431: -0.43031866 | I431: -0.4 | J431: -0.133
A432: 1980 | B432: 2 | C432: 1980.0833 | E432: 162.25806 | F432: 0.38116087 | H432: 0.065610758 | I432: 0.3 | J432: -0.073
A433: 1980 | B433: 1 | C433: 1980 | E433: 499.27419 | F433: 0.41578935 | H433: 0.18421918 | I433: 0.4 | J433: 0.004
... A745: 1954 | B745: 1 | C745: 1954 | E745: -32.725806 | F745: -0.68421065 | H745: 0.12165118 | I745: 0.7 | J745: 0.231

Sheet Climatology
A1: Month | B1: WF_Helena | C1: WF_Calamar | D1: Air_Temperature | E1: SST_CCI | F1: HadISST | G1: sd1 | H1: sd2 | I1: sd3 | J1: sd4 | K1: sd5 | L1: SOI | M1: sd | N1: AMO | O1: sd
A2: 12 | B2: 486.85429 | C2: 9918.8495 | D2: 27.435545 | E2: 28.589706 | F2: 27.838719 | G2: 137.04712 | H2: 2391.6746 | I2: 0.60197925 | J2: 0.58013549 | K2: 0.32307953 | L2: =AVERAGEIF(Hoja1!$B$2:$B$745,$A2,Hoja1!I$2:I$745) -> 0.12741935 | M2: {=_xlfn.STDEV.S(IF(Hoja1!$B$2:$B$745=$A2,Hoja1!I$2:I$745))} -> 1.0721771
A3: 11 | B3: 480.1 | C3: 9982.328 | D3: 27.859158 | E3: 29.309529 | F3: 28.654693 | G3: 114.45713 | H3: 2022.5193 | I3: 0.55727743 | J3: 0.40910384 | K3: 0.31389712 | L3: =AVERAGEIF(Hoja1!$B$2:$B$745,$A3,Hoja1!I$2:I$745) -> 0.066129032 | M3: {=_xlfn.STDEV.S(IF(Hoja1!$B$2:$B$745=$A3,Hoja1!I$2:I$745))} -> 0.89514969
A4: 10 | B4: 429.63429 | C4: 8644.6935 | D4: 27.941121 | E4: 29.643059 | F4: 28.906085 | G4: 121.24822 | H4: 2003.55 | I4: 0.48881018 | J4: 0.38769638 | K4: 0.32589402 | L4: =AVERAGEIF(Hoja1!$B$2:$B$745,$A4,Hoja1!I$2:I$745) -> 0.09516129 | M4: {=_xlfn.STDEV.S(IF(Hoja1!$B$2:$B$745=$A4,Hoja1!I$2:I$745))} -> 0.93570827
A5: 9 | B5: 388.41714 | C5: 7647.6613 | D5: 28.237457 | E5: 29.711559 | F5: 28.807192 | G5: 129.86548 | H5: 2065.9108 | I5: 0.4570873 | J5: 0.47170517 | K5: 0.34243378 | L5: =AVERAGEIF(Hoja1!$B$2:$B$745,$A5,Hoja1!I$2:I$745) -> 0.04516129 | M5: {=_xlfn.STDEV.S(IF(Hoja1!$B$2:$B$745=$A5,Hoja1!I$2:I$745))} -> 0.93224169
A6: 8 | B6: 380.03714 | C6: 7446.5968 | D6: 28.195175 | E6: 29.586471 | F6: 28.499573 | G6: 129.91852 | H6: 2035.4525 | I6: 0.4848345 | J6: 0.4276927 | K6: 0.34826878 | L6: =AVERAGEIF(Hoja1!$B$2:$B$745,$A6,Hoja1!I$2:I$745) -> 0.17903226 | M6: {=_xlfn.STDEV.S(IF(Hoja1!$B$2:$B$745=$A6,Hoja1!I$2:I$745))} -> 0.85048436
A7: 7 | B7: 397.13429 | C7: 8041.5323 | D7: 28.229241 | E7: 29.573912 | F7: 28.336963 | G7: 124.98542 | H7: 2064.0806 | I7: 0.37916659 | J7: 0.46121443 | K7: 0.34551055 | L7: =AVERAGEIF(Hoja1!$B$2:$B$745,$A7,Hoja1!I$2:I$745) -> 0.091935484 | M7: {=_xlfn.STDEV.S(IF(Hoja1!$B$2:$B$745=$A7,Hoja1!I$2:I$745))} -> 0.8128675
A8: 6 | B8: 394.38 | C8: 8251.5484 | D8: 28.375687 | E8: 29.710059 | F8: 28.681522 | G8: 111.63255 | H8: 1717.7244 | I8: 0.43493117 | J8: 0.41638094 | K8: 0.38430044 | L8: =AVERAGEIF(Hoja1!$B$2:$B$745,$A8,Hoja1!I$2:I$745) -> 0.17419355 | M8: {=_xlfn.STDEV.S(IF(Hoja1!$B$2:$B$745=$A8,Hoja1!I$2:I$745))} -> 0.65535261
A9: 5 | B9: 328.282 | C9: 6931.8387 | D9: 28.194135 | E9: 28.831647 | F9: 28.361531 | G9: 110.70983 | H9: 1490.3006 | I9: 0.37929135 | J9: 0.511284 | K9: 0.41338047 | L9: =AVERAGEIF(Hoja1!$B$2:$B$745,$A9,Hoja1!I$2:I$745) -> 0.16129032 | M9: {=_xlfn.STDEV.S(IF(Hoja1!$B$2:$B$745=$A9,Hoja1!I$2:I$745))} -> 0.69597316
A10: 4 | B10: 236.062 | C10: 5006.1774 | D10: 27.701922 | E10: 27.598971 | F10: 27.547727 | G10: 98.828521 | H10: 1337.5811 | I10: 0.47557674 | J10: 0.50509378 | K10: 0.36818719 | L10: =AVERAGEIF(Hoja1!$B$2:$B$745,$A10,Hoja1!I$2:I$745) -> 0.16774194 | M10: {=_xlfn.STDEV.S(IF(Hoja1!$B$2:$B$745=$A10,Hoja1!I$2:I$745))} -> 0.77940166
A11: 3 | B11: 201.74286 | C11: 4148.371 | D11: 27.24454 | E11: 27.159853 | F11: 27.056757 | G11: 94.945738 | H11: 1394.4333 | I11: 0.55876882 | J11: 0.44275406 | K11: 0.41895342 | L11: =AVERAGEIF(Hoja1!$B$2:$B$745,$A11,Hoja1!I$2:I$745) -> 0.30806452 | M11: {=_xlfn.STDEV.S(IF(Hoja1!$B$2:$B$745=$A11,Hoja1!I$2:I$745))} -> 1.0855683
A12: 2 | B12: 246.674 | C12: 4493.7419 | D12: 26.918839 | E12: 27.287382 | F12: 26.953949 | G12: 119.07694 | H12: 1584.2535 | I12: 0.51554551 | J12: 0.43809726 | K12: 0.40018975 | L12: =AVERAGEIF(Hoja1!$B$2:$B$745,$A12,Hoja1!I$2:I$745) -> 0.22258065 | M12: {=_xlfn.STDEV.S(IF(Hoja1!$B$2:$B$745=$A12,Hoja1!I$2:I$745))} -> 1.3338493
A13: 1 | B13: 375.552 | C13: 7003.7258 | D13: 26.984211 | E13: 27.733706 | F13: 27.161522 | G13: 148.86518 | H13: 2349.349 | I13: 0.56071788 | J13: 0.41987166 | K13: 0.33066464 | L13: =AVERAGEIF(Hoja1!$B$2:$B$745,$A13,Hoja1!I$2:I$745) -> 0.10967742 | M13: {=_xlfn.STDEV.S(IF(Hoja1!$B$2:$B$745=$A13,Hoja1!I$2:I$745))} -> 1.2163786
