Workbook

Sheet VAR1
A1: Distancia (cm) | B1: Densidad optica | C1: Promedio densidad optica (2X2) | D1: Grosor de laja (cm) | E1: ln DO | F1: Ecuación Regresión Cuña | G1: Densidad | H1: Banda | I1: Pair | J1: Fecha | L1: Year | M1: Density | N1: Extension | O1: Calcification | Q1: Year | R1: Month | S1: Y.M. | T1: Density | U1: Extension | V1: Calcification
A2: 0 | B2: 0.0769 | C2: =AVERAGE(B2:B4) -> 2.3846333 | D2: 0.753 | E2: =LN(B2) -> -2.5652494 | F2: y = 0.0026e1.3248x | G2: =(0.0026*(EXP(1.3248*E2)))/D2 -> 0.0001154127 | L2: 2015 | M2: 0.66367558 | N2: 1.5082 | O2: 1.0009555 | Q2: 2015 | R2: 12 | S2: 2015.9167 | T2: 0.86752855 | U2: 0.1523 | V2: 0.1321246
A3: 0.0152 | B3: 1.8462 | C3: =AVERAGE(B2:B5) -> 4.576925 | D3: 0.75254545 | E3: =LN(C3) -> 1.5210274 | G3: =(0.0026*(EXP(1.3248*E3)))/D3 -> 0.025916048 | L3: 2014 | M3: 0.64346974 | N3: 1.6148 | O3: 1.0390749 | Q3: 2015 | R3: 11 | S3: 2015.8333 | T3: 0.91638075 | U3: 0.1371 | V3: 0.1256358
A4: 0.0305 | B4: 5.2308 | C4: =AVERAGE(B2:B6) -> 7.0077 | D4: 0.75209091 | E4: =LN(C4) -> 1.9470095 | G4: =(0.0026*(EXP(1.3248*E4)))/D4 -> 0.045595442 | L4: 2013 | M4: 0.61306653 | N4: 1.7519 | O4: 1.0740313 | Q4: 2015 | R4: 10 | S4: 2015.75 | T4: 0.91901858 | U4: 0.1067 | V4: 0.098059282
A5: 0.0457 | B5: 11.1538 | C5: =AVERAGE(B3:B7) -> 11.26156 | D5: 0.75163636 | E5: =LN(C5) -> 2.4213952 | G5: =(0.0026*(EXP(1.3248*E5)))/D5 -> 0.085530957 | L5: 2012 | M5: 0.62324338 | N5: 1.8129 | O5: 1.1298779 | Q5: 2015 | R5: 9 | S5: 2015.6667 | T5: 0.77072903 | U5: 0.1066 | V5: 0.082159714
A6: 0.0609 | B6: 16.7308 | C6: =AVERAGE(B4:B8) -> 15.98462 | D6: 0.75118182 | E6: =LN(C6) -> 2.771627 | G6: =(0.0026*(EXP(1.3248*E6)))/D6 -> 0.13611096 | L6: 2011 | M6: 0.49989233 | N6: 1.4321 | O6: 0.71589581 | Q6: 2015 | R6: 8 | S6: 2015.5833 | T6: 0.68201024 | U6: 0.1066 | V6: 0.072702291
A7: 0.0762 | B7: 21.3462 | C7: =AVERAGE(B5:B9) -> 20.84616 | D7: 0.75072727 | E7: =LN(C7) -> 3.0371698 | G7: =(0.0026*(EXP(1.3248*E7)))/D7 -> 0.19361406 | L7: 2010 | M7: 0.63715169 | N7: 1.4472 | O7: 0.92208592 | Q7: 2015 | R7: 7 | S7: 2015.5 | T7: 0.59832239 | U7: 0.1067 | V7: 0.063840999
A8: 0.0914 | B8: 25.4615 | C8: =AVERAGE(B6:B10) -> 25.0077 | D8: 0.75027273 | E8: =LN(C8) -> 3.2191838 | F8: BASADO EN RAYOS-X VETERINARIA | G8: =(0.0026*(EXP(1.3248*E8)))/D8 -> 0.24655981 | L8: 2009 | M8: 0.5635353 | N8: 1.1426 | O8: 0.64389544 | Q8: 2015 | R8: 6 | S8: 2015.4167 | T8: 0.56464061 | U8: 0.1066 | V8: 0.060190689
A9: 0.1066 | B9: 29.5385 | C9: =AVERAGE(B7:B11) -> 28.73846 | D9: 0.74981818 | E9: =LN(C9) -> 3.3582363 | G9: =(0.0026*(EXP(1.3248*E9)))/D9 -> 0.29661275 | L9: 2008 | M9: 0.67246571 | N9: 1.2492 | O9: 0.84004416 | Q9: 2015 | R9: 5 | S9: 2015.3333 | T9: 0.57385431 | U9: 0.1067 | V9: 0.061230255
A10: 0.1219 | B10: 31.9615 | C10: =AVERAGE(B8:B12) -> 31.77692 | D10: 0.74936364 | E10: =LN(C10) -> 3.4587402 | G10: =(0.0026*(EXP(1.3248*E10)))/D10 -> 0.33906147 | L10: 2007 | M10: 0.64241555 | N10: 1.4168 | O10: 0.91017435 | Q10: 2015 | R10: 4 | S10: 2015.25 | T10: 0.559072 | U10: 0.1066 | V10: 0.059597075
A11: 0.1371 | B11: 35.3846 | C11: =AVERAGE(B9:B13) -> 34.19232 | D11: 0.74890909 | E11: =LN(C11) -> 3.5320011 | G11: =(0.0026*(EXP(1.3248*E11)))/D11 -> 0.37384607 | L11: 2006 | M11: 0.72705608 | N11: 0.8531 | O11: 0.62025154 | Q11: 2015 | R11: 3 | S11: 2015.1667 | T11: 0.49275578 | U11: 0.1066 | V11: 0.052527766
A12: 0.1523 | B12: 36.5385 | C12: =AVERAGE(B10:B14) -> 35.91538 | D12: 0.74845455 | E12: =LN(C12) -> 3.5811656 | G12: =(0.0026*(EXP(1.3248*E12)))/D12 -> 0.39924867 | L12: 2005 | M12: 0.63195382 | N12: 1.9805 | O12: 1.2515845 | Q12: 2015 | R12: 2 | S12: 2015.0833 | T12: 0.48718179 | U12: 0.1829 | V12: 0.08910555
A13: 0.1676 | B13: 37.5385 | C13: =AVERAGE(B11:B15) -> 37.19232 | D13: 0.748 | E13: =LN(C13) -> 3.6161023 | G13: =(0.0026*(EXP(1.3248*E13)))/D13 -> 0.41841596 | L13: 2004 | M13: 0.62146618 | N13: 1.234 | O13: 0.76688927 | Q13: 2015 | R13: 1 | S13: 2015 | T13: 0.56768071 | U13: 0.1828 | V13: 0.10377203
A14: 0.1828 | B14: 38.1538 | C14: =AVERAGE(B12:B16) -> 37.86156 | D14: 0.74754545 | E14: =LN(C14) -> 3.6339363 | G14: =(0.0026*(EXP(1.3248*E14)))/D14 -> 0.4286799 | L14: 2003 | M14: 0.63409067 | N14: 1.2949 | O14: 0.82108401 | Q14: 2014 | R14: 12 | S14: 2014.9167 | T14: 0.70164265 | U14: 0.198 | V14: 0.13892525
A15: 0.198 | B15: 38.3462 | C15: =AVERAGE(B13:B17) -> 38.4231 | D15: 0.74709091 | E15: =LN(C15) -> 3.6486588 | G15: =(0.0026*(EXP(1.3248*E15)))/D15 -> 0.43738905 | L15: 2002 | M15: 0.68440373 | N15: 1.2492 | O15: 0.85495714 | Q15: 2014 | R15: 11 | S15: 2014.8333 | T15: 0.83715795 | U15: 0.1828 | V15: 0.15303247
A16: 0.2133 | B16: 38.7308 | C16: =AVERAGE(B14:B18) -> 38.9231 | D16: 0.74663636 | E16: =LN(C16) -> 3.6615879 | G16: =(0.0026*(EXP(1.3248*E16)))/D16 -> 0.44521625 | L16: 2001 | M16: 0.68401499 | N16: 1.9195 | O16: 1.3129668 | Q16: 2014 | R16: 10 | S16: 2014.75 | T16: 0.90984754 | U16: 0.1219 | V16: 0.11091041
A17: 0.2285 | B17: 39.3462 | C17: =AVERAGE(B15:B19) -> 39.6231 | D17: 0.74618182 | E17: =LN(C17) -> 3.6794123 | G17: =(0.0026*(EXP(1.3248*E17)))/D17 -> 0.45613226 | L17: 2000 | M17: 0.63685605 | N17: 1.5844 | O17: 1.0090347 | Q17: 2014 | R17: 9 | S17: 2014.6667 | T17: 0.79873134 | U17: 0.1066 | V17: 0.085144761
A18: 0.2437 | B18: 40.0385 | C18: =AVERAGE(B16:B20) -> 40.35386 | D18: 0.74572727 | E18: =LN(C18) -> 3.6976871 | G18: =(0.0026*(EXP(1.3248*E18)))/D18 -> 0.46759502 | L18: 1999 | M18: 0.70072623 | N18: 1.7062 | O18: 1.1955791 | Q18: 2014 | R18: 8 | S18: 2014.5833 | T18: 0.71505648 | U18: 0.1219 | V18: 0.087165385
A19: 0.259 | B19: 41.6538 | C19: =AVERAGE(B17:B21) -> 40.99232 | D19: 0.74527273 | E19: =LN(C19) -> 3.7133847 | G19: =(0.0026*(EXP(1.3248*E19)))/D19 -> 0.47771226 | L19: 1998 | M19: 0.66170289 | N19: 1.43168 | O19: 0.94734679 | Q19: 2014 | R19: 7 | S19: 2014.5 | T19: 0.71862485 | U19: 0.1067 | V19: 0.076677272
A20: 0.2742 | B20: 42 | C20: =AVERAGE(B18:B22) -> 41.32308 | D20: 0.74481818 | E20: =LN(C20) -> 3.7214212 | G20: =(0.0026*(EXP(1.3248*E20)))/D20 -> 0.48312014 | L20: 1997 | M20: 0.65477524 | N20: 1.00518 | O20: 0.65816698 | Q20: 2014 | R20: 6 | S20: 2014.4167 | T20: 0.67705937 | U20: 0.1218 | V20: 0.082465831
... A35: 0.5027 | B35: 42.0385 | C35: =AVERAGE(B33:B37) -> 42.08462 | D35: 0.738 | E35: =LN(C35) -> 3.7396824 | G35: =(0.0026*(EXP(1.3248*E35)))/D35 -> 0.49952322 | L35: 1982 | M35: 0.81390883 | N35: 0.83765 | O35: 0.68177073 | Q35: 2013 | R35: 3 | S35: 2013.1667 | T35: 0.49232435 | U35: 0.1066 | V35: 0.052481776
A36: 0.518 | B36: 42.3077 | C36: =AVERAGE(B34:B38) -> 42.62308 | D36: 0.73754545 | E36: =LN(C36) -> 3.7523959 | G36: =(0.0026*(EXP(1.3248*E36)))/D36 -> 0.50832097 | Q36: 2013 | R36: 2 | S36: 2013.0833 | T36: 0.55152581 | U36: 0.2438 | V36: 0.13446199
A37: 0.5332 | B37: 43.0769 | C37: =AVERAGE(B35:B39) -> 43.5077 | D37: 0.73709091 | E37: =LN(C37) -> 3.7729379 | G37: =(0.0026*(EXP(1.3248*E37)))/D37 -> 0.52266654 | Q37: 2013 | R37: 1 | S37: 2013 | T37: 0.54447283 | U37: 0.2589 | V37: 0.14096402
A38: 0.5484 | B38: 44.3077 | C38: =AVERAGE(B36:B40) -> 44.53076 | D38: 0.73663636 | E38: =LN(C38) -> 3.7961802 | G38: =(0.0026*(EXP(1.3248*E38)))/D38 -> 0.53934307 | Q38: 2012 | R38: 12 | S38: 2012.9167 | T38: 0.61132453 | U38: 0.259 | V38: 0.15833305
A39: 0.5637 | B39: 45.8077 | C39: =AVERAGE(B37:B41) -> 45.70768 | D39: 0.73618182 | E39: =LN(C39) -> 3.8222663 | G39: =(0.0026*(EXP(1.3248*E39)))/D39 -> 0.55865273 | Q39: 2012 | R39: 11 | S39: 2012.8333 | T39: 0.70386958 | U39: 0.259 | V39: 0.18230222
A40: 0.5789 | B40: 47.1538 | C40: =AVERAGE(B38:B42) -> 46.80768 | D40: 0.73572727 | E40: =LN(C40) -> 3.8460473 | G40: =(0.0026*(EXP(1.3248*E40)))/D40 -> 0.57688947 | Q40: 2012 | R40: 10 | S40: 2012.75 | T40: 0.7169494 | U40: 0.1371 | V40: 0.098293762
A41: 0.5941 | B41: 48.1923 | C41: =AVERAGE(B39:B43) -> 47.6769 | D41: 0.73527273 | E41: =LN(C41) -> 3.864447 | G41: =(0.0026*(EXP(1.3248*E41)))/D41 -> 0.59148991 | Q41: 2012 | R41: 9 | S41: 2012.6667 | T41: 0.71189729 | U41: 0.1371 | V41: 0.097601119
A42: 0.6094 | B42: 48.5769 | C42: =AVERAGE(B40:B44) -> 48.22306 | D42: 0.73481818 | E42: =LN(C42) -> 3.8758373 | G42: =(0.0026*(EXP(1.3248*E42)))/D42 -> 0.60085457 | Q42: 2012 | R42: 8 | S42: 2012.5833 | T42: 0.72433934 | U42: 0.1219 | V42: 0.088296965
A43: 0.6246 | B43: 48.6538 | C43: =AVERAGE(B41:B45) -> 48.47692 | D43: 0.73436364 | E43: =LN(C43) -> 3.8810878 | G43: =(0.0026*(EXP(1.3248*E43)))/D43 -> 0.60542309 | Q43: 2012 | R43: 7 | S43: 2012.5 | T43: 0.68879372 | U43: 0.1371 | V43: 0.094433619
A44: 0.6398 | B44: 48.5385 | C44: =AVERAGE(B42:B46) -> 48.6077 | D44: 0.73390909 | E44: =LN(C44) -> 3.883782 | G44: =(0.0026*(EXP(1.3248*E44)))/D44 -> 0.60796413 | Q44: 2012 | R44: 6 | S44: 2012.4167 | T44: 0.55590263 | U44: 0.1371 | V44: 0.076214251
A45: 0.6551 | B45: 48.4231 | C45: =AVERAGE(B43:B47) -> 48.8077 | D45: 0.73345455 | E45: =LN(C45) -> 3.8878881 | G45: =(0.0026*(EXP(1.3248*E45)))/D45 -> 0.61165918 | Q45: 2012 | R45: 5 | S45: 2012.3333 | T45: 0.50041521 | U45: 0.1371 | V45: 0.068606926
A46: 0.6703 | B46: 48.8462 | C46: =AVERAGE(B44:B48) -> 49.1154 | D46: 0.733 | E46: =LN(C46) -> 3.8941726 | G46: =(0.0026*(EXP(1.3248*E46)))/D46 -> 0.61715544 | Q46: 2012 | R46: 4 | S46: 2012.25 | T46: 0.55806786 | U46: 0.1219 | V46: 0.068028472
A47: 0.6855 | B47: 49.5769 | C47: =AVERAGE(B45:B49) -> 49.52308 | D47: 0.73254545 | E47: =LN(C47) -> 3.9024388 | G47: =(0.0026*(EXP(1.3248*E47)))/D47 -> 0.62433825 | Q47: 2012 | R47: 3 | S47: 2012.1667 | T47: 0.51404475 | U47: 0.1371 | V47: 0.070475535
... A49: 0.716 | B49: 50.5769 | C49: =AVERAGE(B47:B51) -> 50.15384 | D49: 0.73163636 | E49: =LN(C49) -> 3.9150951 | G49: =(0.0026*(EXP(1.3248*E49)))/D49 -> 0.63568367 | Q49: 2012 | R49: 1 | S49: 2012 | T49: 0.59570859 | U49: 0.1218 | V49: 0.072557307
A50: 0.7312 | B50: 50.6154 | C50: =AVERAGE(B48:B52) -> 50.14616 | D50: 0.73118182 | E50: =LN(C50) -> 3.9149419 | G50: =(0.0026*(EXP(1.3248*E50)))/D50 -> 0.63594982 | H50: Alta | I50: 1 | J50: 42674 | Q50: 2011 | R50: 12 | S50: 2011.9167 | T50: 0.52924583 | U50: 0.1219 | V50: 0.064515066
A51: 0.7465 | B51: 49.8077 | C51: =AVERAGE(B49:B53) -> 49.93846 | D51: 0.73072727 | E51: =LN(C51) -> 3.9107914 | G51: =(0.0026*(EXP(1.3248*E51)))/D51 -> 0.63285601 | J51: 42666 | Q51: 2011 | R51: 11 | S51: 2011.8333 | T51: 0.51957164 | U51: 0.1219 | V51: 0.063335783
A52: 0.7617 | B52: 49.5385 | C52: =AVERAGE(B50:B54) -> 49.5077 | D52: 0.73027273 | E52: =LN(C52) -> 3.9021282 | G52: =(0.0026*(EXP(1.3248*E52)))/D52 -> 0.62602363 | J52: 42659 | Q52: 2011 | R52: 10 | S52: 2011.75 | T52: 0.53569952 | U52: 0.1066 | V52: 0.057105569
A53: 0.777 | B53: 49.1538 | C53: =AVERAGE(B51:B55) -> 48.86154 | D53: 0.72981818 | E53: =LN(C53) -> 3.8889906 | G53: =(0.0026*(EXP(1.3248*E53)))/D53 -> 0.6156053 | J53: 42652 | Q53: 2011 | R53: 9 | S53: 2011.6667 | T53: 0.50319079 | U53: 0.1067 | V53: 0.053690457
A54: 0.7922 | B54: 48.4231 | C54: =AVERAGE(B52:B56) -> 48.24616 | D54: 0.72936364 | E54: =LN(C54) -> 3.8763162 | G54: =(0.0026*(EXP(1.3248*E54)))/D54 -> 0.60573225 | J54: 42645 | Q54: 2011 | R54: 8 | S54: 2011.5833 | T54: 0.49506354 | U54: 0.1218 | V54: 0.060298739
A55: 0.8074 | B55: 47.3846 | C55: =AVERAGE(B53:B57) -> 47.6077 | D55: 0.72890909 | E55: =LN(C55) -> 3.8629945 | G55: =(0.0026*(EXP(1.3248*E55)))/D55 -> 0.59550682 | J55: 42638 | Q55: 2011 | R55: 7 | S55: 2011.5 | T55: 0.5247095 | U55: 0.1067 | V55: 0.055986504
A56: 0.8227 | B56: 46.7308 | C56: =AVERAGE(B54:B58) -> 47.03848 | D56: 0.72845455 | E56: =LN(C56) -> 3.850966 | G56: =(0.0026*(EXP(1.3248*E56)))/D56 -> 0.58645811 | J56: 42631 | Q56: 2011 | R56: 6 | S56: 2011.4167 | T56: 0.51840112 | U56: 0.1066 | V56: 0.055261559
A57: 0.8379 | B57: 46.3462 | C57: =AVERAGE(B55:B59) -> 46.75386 | D57: 0.728 | E57: =LN(C57) -> 3.8448968 | G57: =(0.0026*(EXP(1.3248*E57)))/D57 -> 0.58212487 | J57: 42624 | Q57: 2011 | R57: 5 | S57: 2011.3333 | T57: 0.479656 | U57: 0.1067 | V57: 0.051179295
A58: 0.8531 | B58: 46.3077 | C58: =AVERAGE(B56:B60) -> 46.7231 | D58: 0.72754545 | E58: =LN(C58) -> 3.8442387 | G58: =(0.0026*(EXP(1.3248*E58)))/D58 -> 0.58198092 | J58: 42617 | Q58: 2011 | R58: 4 | S58: 2011.25 | T58: 0.44176973 | U58: 0.1066 | V58: 0.047092654
A59: 0.8684 | B59: 47 | C59: =AVERAGE(B57:B61) -> 46.86924 | D59: 0.72709091 | E59: =LN(C59) -> 3.8473616 | G59: =(0.0026*(EXP(1.3248*E59)))/D59 -> 0.58475903 | J59: 42610 | Q59: 2011 | R59: 3 | S59: 2011.1667 | T59: 0.41374638 | U59: 0.1066 | V59: 0.044105364
A60: 0.8836 | B60: 47.2308 | C60: =AVERAGE(B58:B62) -> 47.1077 | D60: 0.72663636 | E60: =LN(C60) -> 3.8524365 | G60: =(0.0026*(EXP(1.3248*E60)))/D60 -> 0.58907199 | J60: 42603 | Q60: 2011 | R60: 2 | S60: 2011.0833 | T60: 0.43992149 | U60: 0.1524 | V60: 0.067044035
A61: 0.8988 | B61: 47.4615 | C61: =AVERAGE(B59:B63) -> 47.33846 | D61: 0.72618182 | E61: =LN(C61) -> 3.8573231 | G61: =(0.0026*(EXP(1.3248*E61)))/D61 -> 0.59326899 | J61: 42596 | Q61: 2011 | R61: 1 | S61: 2011 | T61: 0.57449134 | U61: 0.1676 | V61: 0.096284748
A62: 0.9141 | B62: 47.5385 | C62: =AVERAGE(B60:B64) -> 47.43846 | D62: 0.72572727 | E62: =LN(C62) -> 3.8594333 | G62: =(0.0026*(EXP(1.3248*E62)))/D62 -> 0.59530249 | J62: 42589 | Q62: 2010 | R62: 12 | S62: 2010.9167 | T62: 0.64887459 | U62: 0.1675 | V62: 0.10868649
... A84: 1.2492 | B84: 33.3846 | C84: =AVERAGE(B82:B86) -> 33.36152 | D84: 0.71766667 | E84: =LN(C84) -> 3.5074031 | G84: =(0.0026*(EXP(1.3248*E84)))/D84 -> 0.37761275 | J84: 42435 | Q84: 2009 | R84: 2 | S84: 2009.0833 | T84: 0.4680079 | U84: 0.1219 | V84: 0.057050163
A85: 1.2644 | B85: 33.0769 | C85: =AVERAGE(B83:B87) -> 33.20768 | D85: 0.71733333 | E85: =LN(C85) -> 3.5027812 | G85: =(0.0026*(EXP(1.3248*E85)))/D85 -> 0.37548202 | H85: Baja | I85: 1 | J85: 42428 | Q85: 2009 | R85: 1 | S85: 2009 | T85: 0.56509049 | U85: 0.1219 | V85: 0.068884531
A86: 1.2797 | B86: 32.7692 | C86: =AVERAGE(B84:B88) -> 33.30768 | D86: 0.717 | E86: =LN(C86) -> 3.505788 | G86: =(0.0026*(EXP(1.3248*E86)))/D86 -> 0.37715597 | J86: 42424 | Q86: 2008 | R86: 12 | S86: 2008.9167 | T86: 0.63875853 | U86: 0.1371 | V86: 0.087573795
A87: 1.2949 | B87: 33.2308 | C87: =AVERAGE(B85:B89) -> 33.73846 | D87: 0.71666667 | E87: =LN(C87) -> 3.5186384 | G87: =(0.0026*(EXP(1.3248*E87)))/D87 -> 0.38381017 | J87: 42421 | Q87: 2008 | R87: 11 | S87: 2008.8333 | T87: 0.73904164 | U87: 0.1219 | V87: 0.090089176
A88: 1.3102 | B88: 34.0769 | C88: =AVERAGE(B86:B90) -> 34.4 | D88: 0.71633333 | E88: =LN(C88) -> 3.5380566 | G88: =(0.0026*(EXP(1.3248*E88)))/D88 -> 0.39399509 | J88: 42418 | Q88: 2008 | R88: 10 | S88: 2008.75 | T88: 0.75753929 | U88: 0.0914 | V88: 0.069239091
A89: 1.3254 | B89: 35.5385 | C89: =AVERAGE(B87:B91) -> 35.8077 | D89: 0.716 | E89: =LN(C89) -> 3.578163 | G89: =(0.0026*(EXP(1.3248*E89)))/D89 -> 0.41568877 | J89: 42415 | Q89: 2008 | R89: 9 | S89: 2008.6667 | T89: 0.73619625 | U89: 0.0914 | V89: 0.067288337
A90: 1.3406 | B90: 36.3846 | C90: =AVERAGE(B88:B92) -> 37.4 | D90: 0.71566667 | E90: =LN(C90) -> 3.6216707 | G90: =(0.0026*(EXP(1.3248*E90)))/D90 -> 0.44055776 | J90: 42411 | Q90: 2008 | R90: 8 | S90: 2008.5833 | T90: 0.77744236 | U90: 0.1066 | V90: 0.082875355
A91: 1.3559 | B91: 39.8077 | C91: =AVERAGE(B89:B93) -> 39.27692 | D91: 0.71533333 | E91: =LN(C91) -> 3.6706371 | G91: =(0.0026*(EXP(1.3248*E91)))/D91 -> 0.47030343 | J91: 42408 | Q91: 2008 | R91: 7 | S91: 2008.5 | T91: 0.74921515 | U91: 0.0914 | V91: 0.068478264
A92: 1.3711 | B92: 41.1923 | C92: =AVERAGE(B90:B94) -> 41.42306 | D92: 0.715 | E92: =LN(C92) -> 3.7238377 | G92: =(0.0026*(EXP(1.3248*E92)))/D92 -> 0.50488183 | J92: 42405 | Q92: 2008 | R92: 6 | S92: 2008.4167 | T92: 0.68167157 | U92: 0.0914 | V92: 0.062304781
A93: 1.3863 | B93: 43.4615 | C93: =AVERAGE(B91:B95) -> 44.03844 | D93: 0.71466667 | E93: =LN(C93) -> 3.7850629 | G93: =(0.0026*(EXP(1.3248*E93)))/D93 -> 0.54779537 | J93: 42402 | Q93: 2008 | R93: 5 | S93: 2008.3333 | T93: 0.64809135 | U93: 0.0914 | V93: 0.05923555
A94: 1.4016 | B94: 46.2692 | C94: =AVERAGE(B92:B96) -> 46.64614 | D94: 0.71433333 | E94: =LN(C94) -> 3.8425902 | G94: =(0.0026*(EXP(1.3248*E94)))/D94 -> 0.59145197 | J94: 42398 | Q94: 2008 | R94: 4 | S94: 2008.25 | T94: 0.62834966 | U94: 0.0915 | V94: 0.057493994
A95: 1.4168 | B95: 49.4615 | C95: =AVERAGE(B93:B97) -> 49.61538 | D95: 0.714 | E95: =LN(C95) -> 3.9043009 | G95: =(0.0026*(EXP(1.3248*E95)))/D95 -> 0.64213692 | J95: 42395 | Q95: 2008 | R95: 3 | S95: 2008.1667 | T95: 0.58003861 | U95: 0.0914 | V95: 0.053015529
A96: 1.432 | B96: 52.8462 | C96: =AVERAGE(B94:B98) -> 52.49232 | D96: 0.71366667 | E96: =LN(C96) -> 3.9606669 | G96: =(0.0026*(EXP(1.3248*E96)))/D96 -> 0.69224656 | J96: 42392 | Q96: 2008 | R96: 2 | S96: 2008.0833 | T96: 0.56683616 | U96: 0.1218 | V96: 0.069040644
A97: 1.4473 | B97: 56.0385 | C97: =AVERAGE(B95:B99) -> 55.46924 | D97: 0.71333333 | E97: =LN(C97) -> 4.0158286 | G97: =(0.0026*(EXP(1.3248*E97)))/D97 -> 0.74507708 | J97: 42389 | Q97: 2008 | R97: 1 | S97: 2008 | T97: 0.60220387 | U97: 0.1219 | V97: 0.073408652
... A121: 1.8129 | B121: 67.6154 | C121: =AVERAGE(B119:B123) -> 66.94616 | D121: 0.70533333 | E121: =LN(C121) -> 4.2038887 | G121: =(0.0026*(EXP(1.3248*E121)))/D121 -> 0.96671912 | J121: 42311 | Q121: 2006 | R121: 1 | S121: 2006 | T121: 0.76993219 | U121: 0.1219 | V121: 0.093854733
A122: 1.8281 | B122: 67.8462 | C122: =AVERAGE(B120:B124) -> 67.27694 | D122: 0.705 | E122: =LN(C122) -> 4.2088175 | G122: =(0.0026*(EXP(1.3248*E122)))/D122 -> 0.97351223 | H122: Alta | I122: 2 | J122: 42308 | Q122: 2005 | R122: 12 | S122: 2005.9167 | T122: 0.80646911 | U122: 0.1067 | V122: 0.086050254
A123: 1.8434 | B123: 67.5385 | C123: =AVERAGE(B121:B125) -> 67.0308 | D123: 0.70466667 | E123: =LN(C123) -> 4.2051522 | G123: =(0.0026*(EXP(1.3248*E123)))/D123 -> 0.96925477 | J123: 42303 | Q123: 2005 | R123: 11 | S123: 2005.8333 | T123: 0.86898542 | U123: 0.1066 | V123: 0.092633846
A124: 1.8586 | B124: 66.8077 | C124: =AVERAGE(B122:B126) -> 66.19234 | D124: 0.70433333 | E124: =LN(C124) -> 4.1925647 | G124: =(0.0026*(EXP(1.3248*E124)))/D124 -> 0.95367674 | J124: 42299 | Q124: 2005 | R124: 10 | S124: 2005.75 | T124: 0.85970254 | U124: 0.198 | V124: 0.1702211
A125: 1.8738 | B125: 65.3462 | C125: =AVERAGE(B123:B127) -> 64.90002 | D125: 0.704 | E125: =LN(C125) -> 4.1728479 | G125: =(0.0026*(EXP(1.3248*E125)))/D125 -> 0.92952835 | J125: 42294 | Q125: 2005 | R125: 9 | S125: 2005.6667 | T125: 0.69085868 | U125: 0.1981 | V125: 0.13685911
A126: 1.8891 | B126: 63.4231 | C126: =AVERAGE(B124:B128) -> 63.28462 | D126: 0.70366667 | E126: =LN(C126) -> 4.1476423 | G126: =(0.0026*(EXP(1.3248*E126)))/D126 -> 0.89942757 | J126: 42290 | Q126: 2005 | R126: 8 | S126: 2005.5833 | T126: 0.64245789 | U126: 0.2133 | V126: 0.13703627
A127: 1.9043 | B127: 61.3846 | C127: =AVERAGE(B125:B129) -> 61.58462 | D127: 0.70333333 | E127: =LN(C127) -> 4.1204122 | G127: =(0.0026*(EXP(1.3248*E127)))/D127 -> 0.86797058 | J127: 42286 | Q127: 2005 | R127: 7 | S127: 2005.5 | T127: 0.62312276 | U127: 0.198 | V127: 0.12337831
A128: 1.9195 | B128: 59.4615 | C128: =AVERAGE(B126:B130) -> 60.04614 | D128: 0.703 | E128: =LN(C128) -> 4.0951133 | G128: =(0.0026*(EXP(1.3248*E128)))/D128 -> 0.83975979 | J128: 42281 | Q128: 2005 | R128: 6 | S128: 2005.4167 | T128: 0.57095511 | U128: 0.1981 | V128: 0.11310621
A129: 1.9348 | B129: 58.3077 | C129: =AVERAGE(B127:B131) -> 58.7846 | D129: 0.70266667 | E129: =LN(C129) -> 4.0738799 | G129: =(0.0026*(EXP(1.3248*E129)))/D129 -> 0.81685387 | J129: 42277 | Q129: 2005 | R129: 5 | S129: 2005.3333 | T129: 0.5025298 | U129: 0.2132 | V129: 0.10713935
A130: 1.95 | B130: 57.6538 | C130: =AVERAGE(B128:B132) -> 57.73076 | D130: 0.70233333 | E130: =LN(C130) -> 4.0557901 | G130: =(0.0026*(EXP(1.3248*E130)))/D130 -> 0.7978889 | J130: 42273 | Q130: 2005 | R130: 4 | S130: 2005.25 | T130: 0.52707118 | U130: 0.1981 | V130: 0.1044128
A131: 1.9652 | B131: 57.1154 | C131: =AVERAGE(B129:B133) -> 56.7923 | D131: 0.702 | E131: =LN(C131) -> 4.0394008 | G131: =(0.0026*(EXP(1.3248*E131)))/D131 -> 0.78112207 | J131: 42268 | Q131: 2005 | R131: 3 | S131: 2005.1667 | T131: 0.5093514 | U131: 0.198 | V131: 0.10085158
A132: 1.9805 | B132: 56.1154 | C132: =AVERAGE(B130:B134) -> 55.96922 | D132: 0.70166667 | E132: =LN(C132) -> 4.0248019 | G132: =(0.0026*(EXP(1.3248*E132)))/D132 -> 0.76652385 | J132: 42264 | Q132: 2005 | R132: 2 | S132: 2005.0833 | T132: 0.49333066 | U132: 0.0762 | V132: 0.037591796
A133: 1.9957 | B133: 54.7692 | C133: =AVERAGE(B131:B135) -> 55.2923 | D133: 0.70133333 | E133: =LN(C133) -> 4.0126337 | G133: =(0.0026*(EXP(1.3248*E133)))/D133 -> 0.75462468 | J133: 42259 | Q133: 2005 | R133: 1 | S133: 2005 | T133: 0.5551065 | U133: 0.0762 | V133: 0.042299116
A134: 2.0109 | B134: 54.1923 | C134: =AVERAGE(B132:B136) -> 54.6923 | D134: 0.701 | E134: =LN(C134) -> 4.0017229 | G134: =(0.0026*(EXP(1.3248*E134)))/D134 -> 0.74414907 | J134: 42255 | Q134: 2004 | R134: 12 | S134: 2004.9167 | T134: 0.61911788 | U134: 0.0762 | V134: 0.047176782
... A177: 2.666 | B177: 38.1154 | C177: =AVERAGE(B175:B179) -> 38.28464 | D177: 0.71092308 | E177: =LN(C177) -> 3.6450488 | G177: =(0.0026*(EXP(1.3248*E177)))/D177 -> 0.45744795 | J177: 42067 | Q177: 2001 | R177: 5 | S177: 2001.3333 | T177: 0.57315531 | U177: 0.198 | V177: 0.11348475
A178: 2.6812 | B178: 37.8462 | C178: =AVERAGE(B176:B180) -> 38.1154 | D178: 0.71115385 | E178: =LN(C178) -> 3.6406184 | G178: =(0.0026*(EXP(1.3248*E178)))/D178 -> 0.45462331 | H178: Baja | I178: 2 | J178: 42063 | Q178: 2001 | R178: 4 | S178: 2001.25 | T178: 0.62211992 | U178: 0.1981 | V178: 0.12324196
A179: 2.6965 | B179: 37.8462 | C179: =AVERAGE(B177:B181) -> 38.13078 | D179: 0.71138462 | E179: =LN(C179) -> 3.6410218 | G179: =(0.0026*(EXP(1.3248*E179)))/D179 -> 0.4547188 | J179: 42060 | Q179: 2001 | R179: 3 | S179: 2001.1667 | T179: 0.61264121 | U179: 0.2132 | V179: 0.13061511
A180: 2.7117 | B180: 38.2692 | C180: =AVERAGE(B178:B182) -> 38.24616 | D180: 0.71161538 | E180: =LN(C180) -> 3.6440432 | G180: =(0.0026*(EXP(1.3248*E180)))/D180 -> 0.45639448 | J180: 42058 | Q180: 2001 | R180: 2 | S180: 2001.0833 | T180: 0.58811096 | U180: 0.061 | V180: 0.035874769
A181: 2.7269 | B181: 38.5769 | C181: =AVERAGE(B179:B183) -> 38.43076 | D181: 0.71184615 | E181: =LN(C181) -> 3.6488582 | G181: =(0.0026*(EXP(1.3248*E181)))/D181 -> 0.4591662 | J181: 42055 | Q181: 2001 | R181: 1 | S181: 2001 | T181: 0.6100116 | U181: 0.0609 | V181: 0.037149706
A182: 2.7422 | B182: 38.6923 | C182: =AVERAGE(B180:B184) -> 38.73076 | D182: 0.71207692 | E182: =LN(C182) -> 3.6566341 | G182: =(0.0026*(EXP(1.3248*E182)))/D182 -> 0.46377043 | J182: 42053 | Q182: 2000 | R182: 12 | S182: 2000.9167 | T182: 0.64339024 | U182: 0.061 | V182: 0.039246805
A183: 2.7574 | B183: 38.7692 | C183: =AVERAGE(B181:B185) -> 39.18462 | D183: 0.71230769 | E183: =LN(C183) -> 3.6682843 | G183: =(0.0026*(EXP(1.3248*E183)))/D183 -> 0.47083129 | J183: 42050 | Q183: 2000 | R183: 11 | S183: 2000.8333 | T183: 0.65607252 | U183: 0.0609 | V183: 0.039954817
A184: 2.7726 | B184: 39.3462 | C184: =AVERAGE(B182:B186) -> 39.78462 | D184: 0.71253846 | E184: =LN(C184) -> 3.6834804 | G184: =(0.0026*(EXP(1.3248*E184)))/D184 -> 0.48025042 | J184: 42048 | Q184: 2000 | R184: 10 | S184: 2000.75 | T184: 0.64790395 | U184: 0.1523 | V184: 0.098675771
A185: 2.7879 | B185: 40.5385 | C185: =AVERAGE(B183:B187) -> 40.76924 | D185: 0.71276923 | E185: =LN(C185) -> 3.7079279 | G185: =(0.0026*(EXP(1.3248*E185)))/D185 -> 0.4958988 | J185: 42045 | Q185: 2000 | R185: 9 | S185: 2000.6667 | T185: 0.65550455 | U185: 0.1524 | V185: 0.099898894
A186: 2.8031 | B186: 41.5769 | C186: =AVERAGE(B184:B188) -> 41.73848 | D186: 0.713 | E186: =LN(C186) -> 3.7314235 | G186: =(0.0026*(EXP(1.3248*E186)))/D186 -> 0.5114118 | J186: 42043 | Q186: 2000 | R186: 8 | S186: 2000.5833 | T186: 0.59592129 | U186: 0.1523 | V186: 0.090758813
A187: 2.8183 | B187: 43.6154 | C187: =AVERAGE(B185:B189) -> 42.59232 | D187: 0.71323077 | E187: =LN(C187) -> 3.751674 | G187: =(0.0026*(EXP(1.3248*E187)))/D187 -> 0.52514759 | J187: 42040 | Q187: 2000 | R187: 7 | S187: 2000.5 | T187: 0.46697482 | U187: 0.1676 | V187: 0.078264979
A188: 2.8336 | B188: 43.6154 | C188: =AVERAGE(B186:B190) -> 43.16154 | D188: 0.71346154 | E188: =LN(C188) -> 3.7649498 | G188: =(0.0026*(EXP(1.3248*E188)))/D188 -> 0.53429265 | J188: 42038 | Q188: 2000 | R188: 6 | S188: 2000.4167 | T188: 0.5683317 | U188: 0.1523 | V188: 0.086556917
A189: 2.8488 | B189: 43.6154 | C189: =AVERAGE(B187:B191) -> 43.5 | D189: 0.71369231 | E189: =LN(C189) -> 3.7727609 | G189: =(0.0026*(EXP(1.3248*E189)))/D189 -> 0.53967574 | J189: 42036 | Q189: 2000 | R189: 5 | S189: 2000.3333 | T189: 0.63484175 | U189: 0.1524 | V189: 0.096749883
A190: 2.8641 | B190: 43.3846 | C190: =AVERAGE(B188:B192) -> 43.4 | D190: 0.71392308 | E190: =LN(C190) -> 3.7704594 | G190: =(0.0026*(EXP(1.3248*E190)))/D190 -> 0.53785885 | J190: 42033 | Q190: 2000 | R190: 4 | S190: 2000.25 | T190: 0.66399346 | U190: 0.1523 | V190: 0.1011262
... A226: 3.4125 | B226: 65.1538 | C226: =AVERAGE(B224:B228) -> 65.13076 | D226: 0.70945455 | E226: =LN(C226) -> 4.1763969 | G226: =(0.0026*(EXP(1.3248*E226)))/D226 -> 0.9267288 | J226: 41945 | Q226: 1997 | R226: 4 | S226: 1997.25 | T226: 0.58118285 | U226: 0.07615 | V226: 0.044257074
A227: 3.4277 | B227: 65.9231 | C227: =AVERAGE(B225:B229) -> 65.25384 | D227: 0.70921212 | E227: =LN(C227) -> 4.1782849 | G227: =(0.0026*(EXP(1.3248*E227)))/D227 -> 0.92936717 | H227: Alta | I227: 3 | J227: 41943 | Q227: 1997 | R227: 3 | S227: 1997.1667 | T227: 0.5389518 | U227: 0.07615 | V227: 0.04104118
A228: 3.443 | B228: 65.4615 | C228: =AVERAGE(B226:B230) -> 65.2 | D228: 0.7089697 | E228: =LN(C228) -> 4.1774595 | G228: =(0.0026*(EXP(1.3248*E228)))/D228 -> 0.92866887 | J228: 41938 | Q228: 1997 | R228: 2 | S228: 1997.0833 | T228: 0.53708708 | U228: 0.12184 | V228: 0.06543869
A229: 3.4582 | B229: 64.8462 | C229: =AVERAGE(B227:B231) -> 65 | D229: 0.70872727 | E229: =LN(C229) -> 4.1743873 | G229: =(0.0026*(EXP(1.3248*E229)))/D229 -> 0.92521319 | J229: 41934 | Q229: 1997 | R229: 1 | S229: 1997 | T229: 0.61225111 | U229: 0.13707 | V229: 0.08392126
A230: 3.4734 | B230: 64.6154 | C230: =AVERAGE(B228:B232) -> 64.6 | D230: 0.70848485 | E230: =LN(C230) -> 4.1682144 | G230: =(0.0026*(EXP(1.3248*E230)))/D230 -> 0.91799184 | J230: 41930 | Q230: 1996 | R230: 12 | S230: 1996.9167 | T230: 0.71106056 | U230: 0.13707 | V230: 0.097465071
A231: 3.4887 | B231: 64.1538 | C231: =AVERAGE(B229:B233) -> 64.15386 | D231: 0.70824242 | E231: =LN(C231) -> 4.1612843 | G231: =(0.0026*(EXP(1.3248*E231)))/D231 -> 0.90991362 | J231: 41926 | Q231: 1996 | R231: 11 | S231: 1996.8333 | T231: 0.78725661 | U231: 0.12184 | V231: 0.095919346
A232: 3.5039 | B232: 63.9231 | C232: =AVERAGE(B230:B234) -> 63.76924 | D232: 0.708 | E232: =LN(C232) -> 4.1552709 | G232: =(0.0026*(EXP(1.3248*E232)))/D232 -> 0.90300273 | J232: 41922 | Q232: 1996 | R232: 10 | S232: 1996.75 | T232: 0.78471354 | U232: 0.13707 | V232: 0.10756069
A233: 3.5191 | B233: 63.2308 | C233: =AVERAGE(B231:B235) -> 63.05386 | D233: 0.70775758 | E233: =LN(C233) -> 4.1439893 | G233: =(0.0026*(EXP(1.3248*E233)))/D233 -> 0.88991157 | J233: 41918 | Q233: 1996 | R233: 9 | S233: 1996.6667 | T233: 0.73471267 | U233: 0.12184 | V233: 0.089517391
A234: 3.5344 | B234: 62.9231 | C234: =AVERAGE(B232:B236) -> 62.2231 | D234: 0.70751515 | E234: =LN(C234) -> 4.1307263 | G234: =(0.0026*(EXP(1.3248*E234)))/D234 -> 0.87471131 | J234: 41914 | Q234: 1996 | R234: 8 | S234: 1996.5833 | T234: 0.73451606 | U234: 0.12184 | V234: 0.089493437
A235: 3.5496 | B235: 61.0385 | C235: =AVERAGE(B233:B237) -> 61.15386 | D235: 0.70727273 | E235: =LN(C235) -> 4.113393 | G235: =(0.0026*(EXP(1.3248*E235)))/D235 -> 0.85514702 | J235: 41910 | Q235: 1996 | R235: 7 | S235: 1996.5 | T235: 0.59025896 | U235: 0.13707 | V235: 0.080906795
A236: 3.5648 | B236: 60 | C236: =AVERAGE(B234:B238) -> 60.05386 | D236: 0.7070303 | E236: =LN(C236) -> 4.0952418 | G236: =(0.0026*(EXP(1.3248*E236)))/D236 -> 0.83511511 | J236: 41906 | Q236: 1996 | R236: 6 | S236: 1996.4167 | T236: 0.54528318 | U236: 0.12184 | V236: 0.066437302
...

Sheet VAR2-Cor
A1: HU | B1: Distancia (cm) | C1: Grosor corte (cm) | D1: Ecuación | E1: Densidad | F1: Banda | G1: Pair | H1: Fecha | J1: Year | K1: Density | L1: Extension | M1: Calcification | O1: Year | P1: Month | Q1: Y.M. | R1: Density | S1: Extension | T1: Calcification
A2: -1001.222 | B2: 0 | C2: 0.246 | E2: =(0.0705*EXP(0.0015*A2))/C$2 -> 0.063828733 | J2: 2015 | K2: 0.55656811 | L2: 0.8614 | M2: 0.47942777 | O2: 2015 | P2: 12 | Q2: 2015.9167 | R2: 0.57325735 | S2: 0.1846 | T2: 0.10582331
A3: -999.667 | B3: 0.0615 | E3: =(0.0705*EXP(0.0015*A3))/C$2 -> 0.063977788 | J3: 2014 | K3: 0.55925094 | L3: 1.5383 | M3: 0.86029572 | O3: 2015 | P3: 11 | Q3: 2015.8333 | R3: 0.58027205 | S3: 0.1846 | T3: 0.10711822
A4: -998 | B4: 0.1231 | D4: y = 2E-07e2.0844x | E4: =(0.0705*EXP(0.0015*A4))/C$2 -> 0.064137964 | J4: 2013 | K4: 0.53158003 | L4: 1.5383 | M4: 0.81772956 | O4: 2015 | P4: 10 | Q4: 2015.75 | R4: 0.58220225 | S4: 0.03075 | T4: 0.017902719
A5: -745.222 | B5: 0.1846 | E5: =(0.0705*EXP(0.0015*A5))/C$2 -> 0.093709864 | J5: 2012 | K5: 0.47941428 | L5: 0.5538 | M5: 0.26549963 | O5: 2015 | P5: 9 | Q5: 2015.6667 | R5: 0.57391305 | S5: 0.03075
A6: -470.222 | B6: 0.2461 | D6: y = 0.0705e0.0015x | E6: =(0.0705*EXP(0.0015*A6))/C$2 -> 0.14155714 | J6: 2011 | K6: 0.53532273 | L6: 1.2306 | M6: 0.65876815 | O6: 2015 | P6: 8 | Q6: 2015.5833 | R6: 0.56562386 | S6: 0.03075 | T6: 0.017392934
A7: -195 | B7: 0.3077 | E7: =(0.0705*EXP(0.0015*A7))/C$2 -> 0.21390595 | J7: 2010 | K7: 0.71623738 | L7: 0.9845 | M7: 0.70513571 | O7: 2015 | P7: 7 | Q7: 2015.5 | R7: 0.55626401 | S7: 0.03075
A8: 79.778 | B8: 0.3692 | D8: y = 0.0905e0.0013x | E8: =(0.0905*EXP(0.0013*A8))/C$2 -> 0.40808888 | J8: 2009 | K8: 0.57982415 | L8: 0.923 | M8: 0.53517769 | O8: 2015 | P8: 6 | Q8: 2015.4167 | R8: 0.54690417 | S8: 0.0308 | T8: 0.016844648
A9: 175.333 | B9: 0.4307 | E9: =(0.0905*EXP(0.0013*A9))/C$2 -> 0.46206543 | J9: 2008 | K9: 0.61774638 | L9: 1.046 | M9: 0.64616271 | O9: 2015 | P9: 5 | Q9: 2015.3333 | R9: 0.53781594 | S9: 0.0308
A10: 253 | B10: 0.4922 | E10: =(0.0905*EXP(0.0013*A10))/C$2 -> 0.51115537 | J10: 2007 | K10: 0.57284197 | L10: 1.1691 | M10: 0.66970955 | O10: 2015 | P10: 4 | Q10: 2015.25 | R10: 0.52872772 | S10: 0.03075 | T10: 0.016258377
A11: 330.889 | B11: 0.5538 | E11: =(0.0905*EXP(0.0013*A11))/C$2 -> 0.56562386 | J11: 2006 | K11: 0.67419963 | L11: 1.046 | M11: 0.70521281 | O11: 2015 | P11: 3 | Q11: 2015.1667 | R11: 0.52204348 | S11: 0.03075
A12: 408.556 | B12: 0.6153 | E12: =(0.0905*EXP(0.0013*A12))/C$2 -> 0.62571587 | J12: 2005 | K12: 0.69269255 | L12: 1.5998 | M12: 1.1081695 | O12: 2015 | P12: 2 | Q12: 2015.0833 | R12: 0.51535924 | S12: 0.1231 | T12: 0.063440722
A13: 426.111 | B13: 0.6768 | E13: =(0.0905*EXP(0.0013*A13))/C$2 -> 0.64015984 | J13: 2004 | K13: 0.57239286 | L13: 1.4768 | M13: 0.84530977 | O13: 2015 | P13: 1 | Q13: 2015 | R13: 0.53859439 | S13: 0.123 | T13: 0.066247111
A14: 437.222 | B14: 0.7384 | E14: =(0.0905*EXP(0.0013*A14))/C$2 -> 0.6494736 | J14: 2003 | K14: 0.46680923 | L14: 1.1691 | M14: 0.54574667 | O14: 2014 | P14: 12 | Q14: 2014.9167 | R14: 0.56891961 | S14: 0.1231 | T14: 0.070034004
A15: 448.333 | B15: 0.7999 | E15: =(0.0905*EXP(0.0013*A15))/C$2 -> 0.65892287 | J15: 2002 | K15: 0.44937844 | L15: 1.5383 | M15: 0.69127886 | O15: 2014 | P15: 11 | Q15: 2014.8333 | R15: 0.61539725 | S15: 0.1231 | T15: 0.075755401
A16: 459.444 | B16: 0.8614 | E16: =(0.0905*EXP(0.0013*A16))/C$2 -> 0.66850962 | F16: Alta | G16: 1 | H16: 42674 | J16: 2001 | K16: 0.57104261 | L16: 0.9845 | M16: 0.56219145 | O16: 2014 | P16: 10 | Q16: 2014.75 | R16: 0.65027706 | S16: 0.123 | T16: 0.079984078
A17: 420.889 | B17: 0.923 | E17: =(0.0905*EXP(0.0013*A17))/C$2 -> 0.63582877 | H17: 42653 | J17: 2000 | K17: 0.54047929 | L17: 0.9845 | M17: 0.53210186 | O17: 2014 | P17: 9 | Q17: 2014.6667 | R17: 0.63113995 | S17: 0.1231 | T17: 0.077693327
A18: 376.778 | B18: 0.9845 | E18: =(0.0905*EXP(0.0013*A18))/C$2 -> 0.60039333 | H18: 42633 | J18: 1999 | K18: 0.56462626 | L18: 0.7383 | M18: 0.41686357 | O18: 2014 | P18: 8 | Q18: 2014.5833 | R18: 0.6150518 | S18: 0.0615 | T18: 0.037825686
A19: 332.667 | B19: 1.046 | E19: =(0.0905*EXP(0.0013*A19))/C$2 -> 0.56693275 | H19: 42612 | J19: 1998 | K19: 0.52185128 | L19: 1.3537 | M19: 0.70643007 | O19: 2014 | P19: 7 | Q19: 2014.5 | R19: 0.58785039 | S19: 0.1231 | T19: 0.072364382
A20: 288.778 | B20: 1.1076 | E20: =(0.0905*EXP(0.0013*A20))/C$2 -> 0.53549149 | H20: 42592 | J20: 1997 | K20: 0.55743605 | L20: 0.8614 | M20: 0.48017541 | O20: 2014 | P20: 6 | Q20: 2014.4167 | R20: 0.5518141 | S20: 0.123 | T20: 0.067873134
A21: 273.111 | B21: 1.1691 | E21: =(0.0905*EXP(0.0013*A21))/C$2 -> 0.52469539 | H21: 42571 | J21: 1996 | K21: 0.5763584 | L21: 1.1076 | M21: 0.63837456 | O21: 2014 | P21: 5 | Q21: 2014.3333 | R21: 0.52826946 | S21: 0.0616 | T21: 0.032541399
A22: 261.222 | B22: 1.2306 | E22: =(0.0905*EXP(0.0013*A22))/C$2 -> 0.51664821 | H22: 42551 | J22: 1995 | K22: 0.83849307 | L22: 0.7384 | M22: 0.61914328 | O22: 2014 | P22: 4 | Q22: 2014.25 | R22: 0.50745058 | S22: 0.123 | T22: 0.062416421
A23: 249.111 | B23: 1.2922 | E23: =(0.0905*EXP(0.0013*A23))/C$2 -> 0.50857764 | H23: 42530 | J23: 1994 | K23: 0.96521834 | L23: 0.7384 | M23: 0.71271722 | O23: 2014 | P23: 3 | Q23: 2014.1667 | R23: 0.487432 | S23: 0.0616 | T23: 0.030025811
A24: 237 | B24: 1.3537 | E24: =(0.0905*EXP(0.0013*A24))/C$2 -> 0.50063315 | H24: 42510 | J24: 1993 | K24: 0.71701679 | L24: 0.7383 | M24: 0.5293735 | O24: 2014 | P24: 2 | Q24: 2014.0833 | R24: 0.48651818 | S24: 0.2461 | T24: 0.11973212
A25: 233.778 | B25: 1.4152 | E25: =(0.0905*EXP(0.0013*A25))/C$2 -> 0.49854058 | H25: 42489 | J25: 1992 | K25: 0.58411483 | L25: 0.7384 | M25: 0.43131039 | O25: 2014 | P25: 1 | Q25: 2014 | R25: 0.54468741 | S25: 0.2461 | T25: 0.13404757
A26: 231.778 | B26: 1.4767 | E26: =(0.0905*EXP(0.0013*A26))/C$2 -> 0.49724606 | H26: 42469 | J26: 1991 | K26: 0.5445475 | L26: 0.4923 | M26: 0.26808073 | O26: 2013 | P26: 12 | Q26: 2013.9167 | R26: 0.5554863 | S26: 0.2461 | T26: 0.13670518
A27: 229.667 | B27: 1.5383 | E27: =(0.0905*EXP(0.0013*A27))/C$2 -> 0.49588334 | H27: 42448 | J27: 1990 | K27: 0.51534609 | L27: 1.2306 | M27: 0.6341849 | O27: 2013 | P27: 11 | Q27: 2013.8333 | R27: 0.56515097 | S27: 0.1846 | T27: 0.10432687
A28: 227.444 | B28: 1.5998 | E28: =(0.0905*EXP(0.0013*A28))/C$2 -> 0.49445235 | F28: Baja | G28: 1 | H28: 42428 | J28: 1989 | K28: 0.47062134 | L28: 1.1075 | M28: 0.52121313 | O28: 2013 | P28: 10 | Q28: 2013.75 | R28: 0.59616751 | S28: 0.1231 | T28: 0.07338822
A29: 248.667 | B29: 1.6613 | E29: =(0.0905*EXP(0.0013*A29))/C$2 -> 0.50828418 | H29: 42418 | J29: 1988 | K29: 0.46288632 | L29: 0.6769 | M29: 0.31332775 | O29: 2013 | P29: 9 | Q29: 2013.6667 | R29: 0.55381112 | S29: 0.1231 | T29: 0.068174149
A30: 272.667 | B30: 1.7229 | E30: =(0.0905*EXP(0.0013*A30))/C$2 -> 0.52439263 | H30: 42408 | J30: 1987 | K30: 0.54598168 | L30: 1.599 | M30: 0.8730247 | O30: 2013 | P30: 8 | Q30: 2013.5833 | R30: 0.52223923 | S30: 0.123 | T30: 0.064235426
A31: 296.889 | B31: 1.7844 | E31: =(0.0905*EXP(0.0013*A31))/C$2 -> 0.54116774 | H31: 42398 | J31: 1986 | K31: 0.45427719 | L31: 0.6765 | M31: 0.30731852 | O31: 2013 | P31: 7 | Q31: 2013.5 | R31: 0.53593325 | S31: 0.1231 | T31: 0.065973384
A32: 321 | B32: 1.8459 | E32: =(0.0905*EXP(0.0013*A32))/C$2 -> 0.55839891 | H32: 42388 | J32: 1985 | K32: 0.45484561 | L32: 0.615 | M32: 0.27973005 | O32: 2013 | P32: 6 | Q32: 2013.4167 | R32: 0.54284172 | S32: 0.123 | T32: 0.066769531
A33: 329.222 | B33: 1.9075 | E33: =(0.0905*EXP(0.0013*A33))/C$2 -> 0.56439942 | H33: 42378 | J33: 1984 | K33: 0.48790943 | L33: 0.738 | M33: 0.36007716 | O33: 2013 | P33: 5 | Q33: 2013.3333 | R33: 0.51302691 | S33: 0.1231 | T33: 0.063153612
A34: 335.111 | B34: 1.969 | E34: =(0.0905*EXP(0.0013*A34))/C$2 -> 0.56873688 | H34: 42368 | J34: 1983 | K34: 0.51582154 | L34: 0.6765 | M34: 0.34895327 | O34: 2013 | P34: 4 | Q34: 2013.25 | R34: 0.48572756 | S34: 0.1231 | T34: 0.059793063
A35: 341.222 | B35: 2.0305 | E35: =(0.0905*EXP(0.0013*A35))/C$2 -> 0.57327309 | H35: 42358 | J35: 1982 | K35: 0.55014832 | L35: 0.861 | M35: 0.4736777 | O35: 2013 | P35: 3 | Q35: 2013.1667 | R35: 0.47216287 | S35: 0.123 | T35: 0.058076034
A36: 347.222 | B36: 2.0921 | E36: =(0.0905*EXP(0.0013*A36))/C$2 -> 0.5777621 | H36: 42348 | J36: 1981 | K36: 0.56111844 | L36: 1.23 | M36: 0.69017568 | O36: 2013 | P36: 2 | Q36: 2013.0833 | R36: 0.46286743 | S36: 0.0616 | T36: 0.028512634
A37: 349.111 | B37: 2.1536 | E37: =(0.0905*EXP(0.0013*A37))/C$2 -> 0.57918265 | H37: 42338 | J37: 1980 | K37: 0.60441476 | L37: 1.23 | M37: 0.74343015 | O37: 2013 | P37: 1 | Q37: 2013 | R37: 0.46541491 | S37: 0.0615 | T37: 0.028623017
A38: 350.667 | B38: 2.2151 | E38: =(0.0905*EXP(0.0013*A38))/C$2 -> 0.58035541 | H38: 42328 | J38: 1979 | K38: 0.70827506 | L38: 1.476 | M38: 1.045414 | O38: 2012 | P38: 12 | Q38: 2012.9167 | R38: 0.47055201 | S38: 0.0615 | T38: 0.028938949
A39: 351.889 | B39: 2.2767 | E39: =(0.0905*EXP(0.0013*A39))/C$2 -> 0.5812781 | H39: 42318 | J39: 1978 | K39: 0.9608996 | L39: 1.107 | M39: 1.0637159 | O39: 2012 | P39: 11 | Q39: 2012.8333 | R39: 0.47567778 | S39: 0.0616 | T39: 0.029301751
A40: 353.111 | B40: 2.3382 | E40: =(0.0905*EXP(0.0013*A40))/C$2 -> 0.58220225 | F40: Alta | G40: 2 | H40: 42308 | J40: 1977 | K40: 0.85217035 | L40: 0.984 | M40: 0.83853563 | O40: 2012 | P40: 10 | Q40: 2012.75 | R40: 0.48072001 | S40: 0.03075 | T40: 0.01478214
A41: 330.889 | B41: 2.3997 | E41: =(0.0905*EXP(0.0013*A41))/C$2 -> 0.56562386 | H41: 42246 | J41: 1976 | K41: 0.82018883 | L41: 1.23 | M41: 1.0088323 | O41: 2012 | P41: 9 | Q41: 2012.6667 | R41: 0.47992266 | S41: 0.03075
A42: 305 | B42: 2.4612 | E42: =(0.0905*EXP(0.0013*A42))/C$2 -> 0.54690417 | H42: 42185 | J42: 1975 | K42: 0.75664121 | L42: 0.984 | M42: 0.74453495 | O42: 2012 | P42: 8 | Q42: 2012.5833 | R42: 0.47912532 | S42: 0.03075 | T42: 0.014733104
A43: 279 | B43: 2.5228 | E43: =(0.0905*EXP(0.0013*A43))/C$2 -> 0.52872772 | H43: 42124 | J43: 1974 | K43: 0.7705661 | L43: 0.738 | M43: 0.56867778 | O43: 2012 | P43: 7 | Q43: 2012.5 | R43: 0.47716112 | S43: 0.03075
A44: 253.333 | B44: 2.5843 | E44: =(0.0905*EXP(0.0013*A44))/C$2 -> 0.5113767 | F44: Baja | G44: 2 | H44: 42063 | J44: 1973 | K44: 0.92355414 | L44: 1.0455 | M44: 0.96557585 | O44: 2012 | P44: 6 | Q44: 2012.4167 | R44: 0.47519692 | S44: 0.0308 | T44: 0.014636065
A45: 265.222 | B45: 2.6458 | E45: =(0.0905*EXP(0.0013*A45))/C$2 -> 0.51934178 | H45: 42048 | J45: 1972 | K45: 0.80526223 | L45: 0.9225 | M45: 0.74285441 | O45: 2012 | P45: 5 | Q45: 2012.3333 | R45: 0.47324883 | S45: 0.0308
A46: 283.889 | B46: 2.7074 | E46: =(0.0905*EXP(0.0013*A46))/C$2 -> 0.53209886 | H46: 42033 | J46: 1971 | K46: 0.76684367 | L46: 0.984 | M46: 0.75457417 | O46: 2012 | P46: 4 | Q46: 2012.25 | R46: 0.47130074 | S46: 0.03075 | T46: 0.014492498
A47: 302.444 | B47: 2.7689 | E47: =(0.0905*EXP(0.0013*A47))/C$2 -> 0.54508993 | H47: 42018 | J47: 1970 | K47: 0.77003464 | L47: 1.5375 | M47: 1.1839283 | O47: 2012 | P47: 3 | Q47: 2012.1667 | R47: 0.47376905 | S47: 0.03075
A48: 320.778 | B48: 2.8304 | E48: =(0.0905*EXP(0.0013*A48))/C$2 -> 0.55823778 | H48: 42003 | J48: 1969 | K48: 0.59692099 | L48: 0.984 | M48: 0.58737025 | O48: 2012 | P48: 2 | Q48: 2012.0833 | R48: 0.47623737 | S48: 0.123 | T48: 0.058577196
A49: 349.667 | B49: 2.892 | E49: =(0.0905*EXP(0.0013*A49))/C$2 -> 0.57960144 | H49: 41988 | J49: 1968 | K49: 0.72486819 | L49: 1.2915 | M49: 0.93616727 | O49: 2012 | P49: 1 | Q49: 2012 | R49: 0.50968098 | S49: 0.0616 | T49: 0.031396348
A50: 380.222 | B50: 2.9535 | E50: =(0.0905*EXP(0.0013*A50))/C$2 -> 0.60308744 | H50: 41973 | J50: 1967 | K50: 0.68990529 | L50: 1.353 | M50: 0.93344186 | O50: 2011 | P50: 12 | Q50: 2011.9167 | R50: 0.53587798 | S50: 0.0615 | T50: 0.032956496
A51: 411 | B51: 3.015 | E51: =(0.0905*EXP(0.0013*A51))/C$2 -> 0.62770706 | H51: 41958 | J51: 1966 | K51: 0.65963748 | L51: 1.2915 | M51: 0.85192181 | O51: 2011 | P51: 11 | Q51: 2011.8333 | R51: 0.56309637 | S51: 0.0615 | T51: 0.034630427
A52: 441.333 | B52: 3.0766 | E52: =(0.0905*EXP(0.0013*A52))/C$2 -> 0.65295388 | F52: Alta | G52: 3 | H52: 41943 | J52: 1965 | K52: 0.55436116 | L52: 1.23 | M52: 0.68186423 | O52: 2011 | P52: 10 | Q52: 2011.75 | R52: 0.56095598 | S52: 0.1231 | T52: 0.069053681
A53: 435 | B53: 3.1381 | E53: =(0.0905*EXP(0.0013*A53))/C$2 -> 0.64760024 | H53: 41924 | J53: 1964 | K53: 0.63663921 | L53: 1.476 | M53: 0.93967947 | O53: 2011 | P53: 9 | Q53: 2011.6667 | R53: 0.54738831 | S53: 0.1231 | T53: 0.067383501
A54: 421.778 | B54: 3.1996 | E54: =(0.0905*EXP(0.0013*A54))/C$2 -> 0.63656402 | H54: 41905 | J54: 1963 | K54: 0.75591112 | L54: 1.353 | M54: 1.0227477 | O54: 2011 | P54: 8 | Q54: 2011.5833 | R54: 0.5343038 | S54: 0.123 | T54: 0.065719367
A55: 408.556 | B55: 3.2612 | E55: =(0.0905*EXP(0.0013*A55))/C$2 -> 0.62571587 | H55: 41886 | J55: 1962 | K55: 0.84769698 | L55: 1.353 | M55: 1.146934 | O55: 2011 | P55: 7 | Q55: 2011.5 | R55: 0.52153159 | S55: 0.1231 | T55: 0.064200539
A56: 395.333 | B56: 3.3227 | E56: =(0.0905*EXP(0.0013*A56))/C$2 -> 0.6150518 | H56: 41867 | J56: 1961 | K56: 0.96588067 | L56: 1.722 | M56: 1.6632465 | O56: 2011 | P56: 6 | Q56: 2011.4167 | R56: 0.53511722 | S56: 0.1231 | T56: 0.06587293
A57: 372.444 | B57: 3.3842 | E57: =(0.0905*EXP(0.0013*A57))/C$2 -> 0.59702011 | H57: 41848 | J57: 1960 | K57: 0.88307313 | L57: 1.1685 | M57: 1.031871 | O57: 2011 | P57: 5 | Q57: 2011.3333 | R57: 0.56555488 | S57: 0.123 | T57: 0.06956325
A58: 348.444 | B58: 3.4457 | E58: =(0.0905*EXP(0.0013*A58))/C$2 -> 0.57868066 | H58: 41829 | J58: 1959 | K58: 0.8843616 | L58: 1.5375 | M58: 1.359706 | O58: 2011 | P58: 4 | Q58: 2011.25 | R58: 0.53611754 | S58: 0.1231 | T58: 0.065996069
A59: 324 | B59: 3.5073 | E59: =(0.0905*EXP(0.0013*A59))/C$2 -> 0.56058091 | H59: 41811 | J59: 1958 | K59: 0.68099625 | L59: 1.107 | M59: 0.75386285 | O59: 2011 | P59: 3 | Q59: 2011.1667 | R59: 0.48997325 | S59: 0.0615 | T59: 0.030133355
A60: 299.556 | B60: 3.5688 | E60: =(0.0905*EXP(0.0013*A60))/C$2 -> 0.54304728 | H60: 41792 | J60: 1957 | K60: 0.81733761 | L60: 0.9225 | M60: 0.75399394 | O60: 2011 | P60: 2 | Q60: 2011.0833 | R60: 0.4787458 | S60: 0.1231 | T60: 0.058933608
A61: 278.333 | B61: 3.6303 | E61: =(0.0905*EXP(0.0013*A61))/C$2 -> 0.52826946 | H61: 41773 | J61: 1956 | K61: 0.80016258 | L61: 1.353 | M61: 1.08262 | O61: 2011 | P61: 1 | Q61: 2011 | R61: 0.55807669 | S61: 0.0615 | T61: 0.034321717
A62: 257.778 | B62: 3.6919 | E62: =(0.0905*EXP(0.0013*A62))/C$2 -> 0.51434024 | H62: 41754 | J62: 1955 | K62: 0.8676465 | L62: 1.1685 | M62: 1.0138449 | O62: 2010 | P62: 12 | Q62: 2010.9167 | R62: 0.62825158 | S62: 0.0615 | T62: 0.038637472
A63: 236.889 | B63: 3.7534 | E63: =(0.0905*EXP(0.0013*A63))/C$2 -> 0.50056091 | H63: 41735 | J63: 1954 | K63: 0.72467078 | L63: 1.476 | M63: 1.0696141 | O63: 2010 | P63: 11 | Q63: 2010.8333 | R63: 0.70673954 | S63: 0.0616 | T63: 0.043535156
A64: 216.444 | B64: 3.8149 | E64: =(0.0905*EXP(0.0013*A64))/C$2 -> 0.487432 | H64: 41716 | J64: 1953 | K64: 0.57927437 | L64: 1.107 | M64: 0.64125673 | O64: 2010 | P64: 10 | Q64: 2010.75 | R64: 0.72661535 | S64: 0.123 | T64: 0.089373687
A65: 213.778 | B65: 3.8765 | E65: =(0.0905*EXP(0.0013*A65))/C$2 -> 0.48574558 | F65: Baja | G65: 3 | H65: 41698 | J65: 1952 | K65: 0.78956286 | L65: 1.23 | M65: 0.97116231 | O65: 2010 | P65: 9 | Q65: 2010.6667 | R65: 0.72368108 | S65: 0.0616 | T65: 0.044578754
A66: 214.667 | B66: 3.938 | E66: =(0.0905*EXP(0.0013*A66))/C$2 -> 0.48630728 | H66: 41690 | J66: 1951 | K66: 0.88211077 | L66: 0.9225 | M66: 0.81374718 | O66: 2010 | P66: 8 | Q66: 2010.5833 | R66: 0.72462798 | S66: 0.123 | T66: 0.089129242
A67: 215.333 | B67: 3.9995 | E67: =(0.0905*EXP(0.0013*A67))/C$2 -> 0.48672851 | H67: 41682 | O67: 2010 | P67: 7 | Q67: 2010.5 | R67: 0.73601522 | S67: 0.0615 | T67: 0.045264936
A68: 216.222 | B68: 4.0611 | E68: =(0.0905*EXP(0.0013*A68))/C$2 -> 0.48729135 | H68: 41674 | O68: 2010 | P68: 6 | Q68: 2010.4167 | R68: 0.74911397 | S68: 0.1231 | T68: 0.09221593
A69: 246.333 | B69: 4.1226 | E69: =(0.0905*EXP(0.0013*A69))/C$2 -> 0.50674428 | H69: 41666 | O69: 2010 | P69: 5 | Q69: 2010.3333 | R69: 0.74381801 | S69: 0.0615 | T69: 0.045744808
A70: 282.667 | B70: 4.1841 | E70: =(0.0905*EXP(0.0013*A70))/C$2 -> 0.53125424 | H70: 41658 | O70: 2010 | P70: 4 | Q70: 2010.25 | R70: 0.71929736 | S70: 0.1231 | T70: 0.088545505
A71: 319 | B71: 4.2457 | E71: =(0.0905*EXP(0.0013*A71))/C$2 -> 0.55694896 | H71: 41650 | O71: 2010 | P71: 3 | Q71: 2010.1667 | R71: 0.69549881 | S71: 0.0615 | T71: 0.042773177
A72: 355.222 | B72: 4.3072 | E72: =(0.0905*EXP(0.0013*A72))/C$2 -> 0.58380218 | H72: 41642 | O72: 2010 | P72: 2 | Q72: 2010.0833 | R72: 0.69229107 | S72: 0.0616 | T72: 0.04264513
A73: 346 | B73: 4.3687 | E73: =(0.0905*EXP(0.0013*A73))/C$2 -> 0.576845 | H73: 41634 | O73: 2010 | P73: 1 | Q73: 2010 | R73: 0.69419354 | S73: 0.0615 | T73: 0.042692903
A74: 326.444 | B74: 4.4302 | E74: =(0.0905*EXP(0.0013*A74))/C$2 -> 0.56236482 | H74: 41626 | O74: 2009 | P74: 12 | Q74: 2009.9167 | R74: 0.69610213 | S74: 0.03075 | T74: 0.021405141
A75: 306.889 | B75: 4.4918 | E75: =(0.0905*EXP(0.0013*A75))/C$2 -> 0.54824885 | H75: 41618 | O75: 2009 | P75: 11 | Q75: 2009.8333 | R75: 0.69700824 | S75: 0.03075
A76: 287.333 | B76: 4.5533 | E76: =(0.0905*EXP(0.0013*A76))/C$2 -> 0.53448651 | H76: 41610 | O76: 2009 | P76: 10 | Q76: 2009.75 | R76: 0.69791435 | S76: 0.0616 | T76: 0.042991524
A77: 304.333 | B77: 4.6148 | E77: =(0.0905*EXP(0.0013*A77))/C$2 -> 0.54643015 | H77: 41602 | O77: 2009 | P77: 9 | Q77: 2009.6667 | R77: 0.67218977 | S77: 0.0615 | T77: 0.041339671
A78: 330.111 | B78: 4.6764 | E78: =(0.0905*EXP(0.0013*A78))/C$2 -> 0.56505207 | H78: 41594 | O78: 2009 | P78: 8 | Q78: 2009.5833 | R78: 0.63702347 | S78: 0.0615 | T78: 0.039176943
A79: 355.444 | B79: 4.7379 | E79: =(0.0905*EXP(0.0013*A79))/C$2 -> 0.58397069 | H79: 41586 | O79: 2009 | P79: 7 | Q79: 2009.5 | R79: 0.60387196 | S79: 0.0616 | T79: 0.037198513
A80: 381.444 | B80: 4.7994 | E80: =(0.0905*EXP(0.0013*A80))/C$2 -> 0.60404627 | F80: Alta | G80: 4 | H80: 41578 | O80: 2009 | P80: 6 | Q80: 2009.4167 | R80: 0.57228052 | S80: 0.0615 | T80: 0.035195252
A81: 361.111 | B81: 4.861 | E81: =(0.0905*EXP(0.0013*A81))/C$2 -> 0.58828875 | H81: 41562 | O81: 2009 | P81: 5 | Q81: 2009.3333 | R81: 0.55214268 | S81: 0.0615 | T81: 0.033956775
A82: 329.889 | B82: 4.9225 | E82: =(0.0905*EXP(0.0013*A82))/C$2 -> 0.56488902 | H82: 41547 | O82: 2009 | P82: 4 | Q82: 2009.25 | R82: 0.53680811 | S82: 0.0615 | T82: 0.033013699
A83: 299.111 | B83: 4.984 | E83: =(0.0905*EXP(0.0013*A83))/C$2 -> 0.54273322 | H83: 41532 | O83: 2009 | P83: 3 | Q83: 2009.1667 | R83: 0.52167286 | S83: 0.0616 | T83: 0.032135048
A84: 267.889 | B84: 5.0456 | E84: =(0.0905*EXP(0.0013*A84))/C$2 -> 0.52114551 | H84: 41516 | O84: 2009 | P84: 2 | Q84: 2009.0833 | R84: 0.51374109 | S84: 0.1846 | T84: 0.094836606
A85: 271.111 | B85: 5.1071 | E85: =(0.0905*EXP(0.0013*A85))/C$2 -> 0.52333296 | H85: 41501 | O85: 2009 | P85: 1 | Q85: 2009 | R85: 0.55537769 | S85: 0.1846 | T85: 0.10252272
A86: 283.333 | B86: 5.1686 | E86: =(0.0905*EXP(0.0013*A86))/C$2 -> 0.5317144 | H86: 41486 | O86: 2008 | P86: 12 | Q86: 2008.9167 | R86: 0.68269279 | S86: 0.1846 | T86: 0.12602509
A87: 295.444 | B87: 5.2302 | E87: =(0.0905*EXP(0.0013*A87))/C$2 -> 0.54015211 | H87: 41470 | O87: 2008 | P87: 11 | Q87: 2008.8333 | R87: 0.76272112 | S87: 0.1846 | T87: 0.14079832
A88: 307.333 | B88: 5.2917 | E88: =(0.0905*EXP(0.0013*A88))/C$2 -> 0.54856539 | H88: 41455 | O88: 2008 | P88: 10 | Q88: 2008.75 | R88: 0.77194854 | S88: 0.0615 | T88: 0.047474835
A89: 291.111 | B89: 5.3532 | E89: =(0.0905*EXP(0.0013*A89))/C$2 -> 0.53711805 | H89: 41440 | O89: 2008 | P89: 9 | Q89: 2008.6667 | R89: 0.71443812 | S89: 0.03075 | T89: 0.021968972
A90: 267.444 | B90: 5.4147 | E90: =(0.0905*EXP(0.0013*A90))/C$2 -> 0.52084412 | H90: 41424 | O90: 2008 | P90: 8 | Q90: 2008.5833 | R90: 0.67522521 | S90: 0.03075
A91: 244 | B91: 5.4763 | E91: =(0.0905*EXP(0.0013*A91))/C$2 -> 0.5052097 | H91: 41409 | O91: 2008 | P91: 7 | Q91: 2008.5 | R91: 0.63601229 | S91: 0.0615 | T91: 0.039114756
A92: 220.222 | B92: 5.5378 | E92: =(0.0905*EXP(0.0013*A92))/C$2 -> 0.48983186 | H92: 41394 | O92: 2008 | P92: 6 | Q92: 2008.4167 | R92: 0.56627793 | S92: 0.0308 | T92: 0.01744136
A93: 207.222 | B93: 5.5993 | E93: =(0.0905*EXP(0.0013*A93))/C$2 -> 0.48162326 | H93: 41378 | O93: 2008 | P93: 5 | Q93: 2008.3333 | R93: 0.53523336 | S93: 0.0308
A94: 197.111 | B94: 5.6609 | E94: =(0.0905*EXP(0.0013*A94))/C$2 -> 0.47533409 | H94: 41363 | O94: 2008 | P94: 4 | Q94: 2008.25 | R94: 0.5041888 | S94: 0.03075 | T94: 0.015503805
A95: 186.778 | B95: 5.7224 | E95: =(0.0905*EXP(0.0013*A95))/C$2 -> 0.46899166 | H95: 41348 | O95: 2008 | P95: 3 | Q95: 2008.1667 | R95: 0.49762809 | S95: 0.03075
A96: 176.667 | B96: 5.7839 | E96: =(0.0905*EXP(0.0013*A96))/C$2 -> 0.46286743 | F96: Baja | G96: 4 | H96: 41333 | O96: 2008 | P96: 2 | Q96: 2008.0833 | R96: 0.49106738 | S96: 0.1846 | T96: 0.090651039
A97: 180.889 | B97: 5.8455 | E97: =(0.0905*EXP(0.0013*A97))/C$2 -> 0.46541491 | H97: 41303 | O97: 2008 | P97: 1 | Q97: 2008 | R97: 0.49979294 | S97: 0.1846 | T97: 0.092261777
A98: 189.333 | B98: 5.907 | E98: =(0.0905*EXP(0.0013*A98))/C$2 -> 0.47055201 | H98: 41273 | O98: 2007 | P98: 12 | Q98: 2007.9167 | R98: 0.51278959 | S98: 0.1846 | T98: 0.094660959
A99: 197.667 | B99: 5.9685 | E99: =(0.0905*EXP(0.0013*A99))/C$2 -> 0.47567778 | H99: 41243 | O99: 2007 | P99: 11 | Q99: 2007.8333 | R99: 0.59360243 | S99: 0.1231 | T99: 0.073072459
A100: 205.778 | B100: 6.0301 | E100: =(0.0905*EXP(0.0013*A100))/C$2 -> 0.48072001 | F100: Alta | G100: 5 | H100: 41213 | O100: 2007 | P100: 10 | Q100: 2007.75 | R100: 0.66283712 | S100: 0.0615 | T100: 0.040764483
...

Sheet VAR2-Sag
A1: HU | B1: Distancia (cm) | C1: Grosor corte (cm) | D1: Ecuación | E1: Densidad | F1: Banda | G1: Pair | H1: Fecha | J1: Year | K1: Density | L1: Extension | M1: Calcification | O1: Year | P1: Month | Q1: Y.M. | R1: Density | S1: Extension | T1: Calcification
A2: -779.111 | B2: 0 | C2: 0.246 | E2: =(0.0705*EXP(0.0015*A2))/C$2 -> 0.089065313 | J2: 2015 | K2: 0.68483194 | L2: 0.8614 | M2: 0.58991424 | O2: 2015 | P2: 12 | Q2: 2015.9167 | R2: 0.63481949 | S2: 0.0615 | T2: 0.039041399
A3: -545.222 | B3: 0.0615 | E3: =(0.0705*EXP(0.0015*A3))/C$2 -> 0.12649508 | J3: 2014 | K3: 0.72520129 | L3: 1.7844 | M3: 1.2940492 | O3: 2015 | P3: 11 | Q3: 2015.8333 | R3: 0.67882421 | S3: 0.0616 | T3: 0.041815571
A4: -311.333 | B4: 0.1231 | E4: =(0.0705*EXP(0.0015*A4))/C$2 -> 0.17965475 | J4: 2013 | K4: 0.61657194 | L4: 1.0461 | M4: 0.64499591 | O4: 2015 | P4: 10 | Q4: 2015.75 | R4: 0.72619451 | S4: 0.0615 | T4: 0.044660962
A5: -77.556 | B5: 0.1846 | D5: y = 2E-07e2.0844x | E5: =(0.0705*EXP(0.0015*A5))/C$2 -> 0.25511195 | J5: 2012 | K5: 0.56795661 | L5: 1.5998 | M5: 0.90861699 | O5: 2015 | P5: 9 | Q5: 2015.6667 | R5: 0.72263662 | S5: 0.0615 | T5: 0.044442152
A6: 46.222 | B6: 0.2461 | D6: y = 0.0705e0.0015x | E6: =(0.0705*EXP(0.0015*A6))/C$2 -> 0.30716021 | J6: 2011 | K6: 0.7071986 | L6: 0.6768 | M6: 0.47863202 | O6: 2015 | P6: 8 | Q6: 2015.5833 | R6: 0.71175994 | S6: 0.0616 | T6: 0.043844412
A7: 159.333 | B7: 0.3077 | E7: =(0.0705*EXP(0.0015*A7))/C$2 -> 0.36395708 | J7: 2010 | K7: 0.7804929 | L7: 0.7999 | M7: 0.62431627 | O7: 2015 | P7: 7 | Q7: 2015.5 | R7: 0.70084377 | S7: 0.0615 | T7: 0.043101892
A8: 272.222 | B8: 0.3692 | D8: y = 0.0905e0.0013x | E8: =(0.0905*EXP(0.0013*A8))/C$2 -> 0.52408935 | J8: 2009 | K8: 0.71647718 | L8: 0.923 | M8: 0.66130844 | O8: 2015 | P8: 6 | Q8: 2015.4167 | R8: 0.69029421 | S8: 0.0615 | T8: 0.042453094
A9: 385.333 | B9: 0.4307 | E9: =(0.0905*EXP(0.0013*A9))/C$2 -> 0.60710788 | J9: 2008 | K9: 0.72778713 | L9: 1.5383 | M9: 1.1195549 | O9: 2015 | P9: 5 | Q9: 2015.3333 | R9: 0.68246176 | S9: 0.0616 | T9: 0.042039644
A10: 477.667 | B10: 0.4922 | E10: =(0.0905*EXP(0.0013*A10))/C$2 -> 0.68453563 | J10: 2007 | K10: 0.76188545 | L10: 1.046 | M10: 0.79693218 | O10: 2015 | P10: 4 | Q10: 2015.25 | R10: 0.67510862 | S10: 0.0615 | T10: 0.04151918
A11: 568 | B11: 0.5538 | E11: =(0.0905*EXP(0.0013*A11))/C$2 -> 0.76983299 | J11: 2006 | K11: 0.70168022 | L11: 1.4152 | M11: 0.99301785 | O11: 2015 | P11: 3 | Q11: 2015.1667 | R11: 0.66793108 | S11: 0.0615 | T11: 0.041077761
A12: 658.111 | B12: 0.6153 | E12: =(0.0905*EXP(0.0013*A12))/C$2 -> 0.8655091 | J12: 2005 | K12: 0.73738 | L12: 0.7384 | M12: 0.54448139 | O12: 2015 | P12: 2 | Q12: 2015.0833 | R12: 0.66462151 | S12: 0.1231 | T12: 0.081814908
A13: 748.333 | B13: 0.6768 | E13: =(0.0905*EXP(0.0013*A13))/C$2 -> 0.97321643 | J13: 2004 | K13: 0.65270174 | L13: 0.4923 | M13: 0.32132506 | O13: 2015 | P13: 1 | Q13: 2015 | R13: 0.683765 | S13: 0.123 | T13: 0.084103096
A14: 688.333 | B14: 0.7384 | E14: =(0.0905*EXP(0.0013*A14))/C$2 -> 0.90019058 | J14: 2003 | K14: 0.61685101 | L14: 1.3536 | M14: 0.83496953 | O14: 2014 | P14: 12 | Q14: 2014.9167 | R14: 0.7175569 | S14: 0.1231 | T14: 0.088331254
A15: 611.778 | B15: 0.7999 | E15: =(0.0905*EXP(0.0013*A15))/C$2 -> 0.81491596 | J15: 2002 | K15: 0.51789733 | L15: 1.2922 | M15: 0.66922693 | O15: 2014 | P15: 11 | Q15: 2014.8333 | R15: 0.80018585 | S15: 0.1231 | T15: 0.098502878
A16: 535.222 | B16: 0.8614 | E16: =(0.0905*EXP(0.0013*A16))/C$2 -> 0.73771841 | J16: 2001 | K16: 0.66615993 | L16: 0.8614 | M16: 0.57383016 | O16: 2014 | P16: 10 | Q16: 2014.75 | R16: 0.86453176 | S16: 0.1846 | T16: 0.15959256
A17: 458.556 | B17: 0.923 | E17: =(0.0905*EXP(0.0013*A17))/C$2 -> 0.66773834 | J17: 2000 | K17: 0.86216969 | L17: 1.5998 | M17: 1.3792991 | O17: 2014 | P17: 9 | Q17: 2014.6667 | R17: 0.83120833 | S17: 0.1846 | T17: 0.15344106
A18: 432.667 | B18: 0.9845 | E18: =(0.0905*EXP(0.0013*A18))/C$2 -> 0.64563911 | J18: 1999 | K18: 0.63715476 | L18: 1.2307 | M18: 0.78414636 | O18: 2014 | P18: 8 | Q18: 2014.5833 | R18: 0.78839503 | S18: 0.123 | T18: 0.096972589
A19: 412.778 | B19: 1.046 | E19: =(0.0905*EXP(0.0013*A19))/C$2 -> 0.62915962 | J19: 1998 | K19: 0.53923241 | L19: 1.4767 | M19: 0.79628451 | O19: 2014 | P19: 7 | Q19: 2014.5 | R19: 0.7511015 | S19: 0.1846 | T19: 0.13865334
A20: 392.778 | B20: 1.1076 | E20: =(0.0905*EXP(0.0013*A20))/C$2 -> 0.6130123 | J20: 1997 | K20: 0.58066726 | L20: 1.2306 | M20: 0.71456913 | O20: 2014 | P20: 6 | Q20: 2014.4167 | R20: 0.72070569 | S20: 0.1846 | T20: 0.13304227
... A28: 323.111 | B28: 1.5998 | E28: =(0.0905*EXP(0.0013*A28))/C$2 -> 0.55993343 | J28: 1989 | K28: 0.68310391 | L28: 0.4922 | M28: 0.33622375 | O28: 2013 | P28: 10 | Q28: 2013.75 | R28: 0.61875428 | S28: 0.1231 | T28: 0.076168652
A29: 322.556 | B29: 1.6613 | E29: =(0.0905*EXP(0.0013*A29))/C$2 -> 0.55952958 | F29: Baja | G29: 1 | H29: 42428 | J29: 1988 | K29: 0.58654659 | L29: 1.2306 | M29: 0.72180423 | O29: 2013 | P29: 9 | Q29: 2013.6667 | R29: 0.60904064 | S29: 0.0615 | T29: 0.037455999
A30: 367.556 | B30: 1.7229 | E30: =(0.0905*EXP(0.0013*A30))/C$2 -> 0.59323843 | H30: 42398 | J30: 1987 | K30: 0.57184016 | L30: 0.7999 | M30: 0.45741494 | O30: 2013 | P30: 8 | Q30: 2013.5833 | R30: 0.59845597 | S30: 0.1231 | T30: 0.07366993
A31: 419.667 | B31: 1.7844 | E31: =(0.0905*EXP(0.0013*A31))/C$2 -> 0.63481949 | H31: 42368 | J31: 1986 | K31: 1.0707289 | L31: 0.7384 | M31: 0.79062621 | O31: 2013 | P31: 7 | Q31: 2013.5 | R31: 0.60623166 | S31: 0.0615 | T31: 0.037283247
A32: 471.222 | B32: 1.8459 | E32: =(0.0905*EXP(0.0013*A32))/C$2 -> 0.67882421 | H32: 42338 | J32: 1985 | K32: 1.1055051 | L32: 1.1691 | M32: 1.2924461 | O32: 2013 | P32: 6 | Q32: 2013.4167 | R32: 0.63099043 | S32: 0.1231 | T32: 0.077674922
A33: 523.111 | B33: 1.9075 | E33: =(0.0905*EXP(0.0013*A33))/C$2 -> 0.72619451 | F33: Alta | G33: 2 | H33: 42308 | J33: 1984 | K33: 0.84668658 | L33: 0.9845 | M33: 0.83356294 | O33: 2013 | P33: 5 | Q33: 2013.3333 | R33: 0.65664313 | S33: 0.0615 | T33: 0.040383553
A34: 519.333 | B34: 1.969 | E34: =(0.0905*EXP(0.0013*A34))/C$2 -> 0.72263662 | H34: 42277 | J34: 1983 | K34: 1.0358757 | L34: 1.2306 | M34: 1.2747486 | O34: 2013 | P34: 4 | Q34: 2013.25 | R34: 0.63795429 | S34: 0.1231 | T34: 0.078532173
A35: 507.667 | B35: 2.0305 | E35: =(0.0905*EXP(0.0013*A35))/C$2 -> 0.71175994 | H35: 42246 | J35: 1982 | K35: 0.94772207 | L35: 0.9845 | M35: 0.93303238 | O35: 2013 | P35: 3 | Q35: 2013.1667 | R35: 0.61274618 | S35: 0.0615 | T35: 0.03768389
A36: 495.778 | B36: 2.0921 | E36: =(0.0905*EXP(0.0013*A36))/C$2 -> 0.70084377 | H36: 42216 | J36: 1981 | K36: 1.2480592 | L36: 1.7229 | M36: 2.1502812 | O36: 2013 | P36: 2 | Q36: 2013.0833 | R36: 0.59650343 | S36: 0.0615 | T36: 0.036684961
A37: 484.111 | B37: 2.1536 | E37: =(0.0905*EXP(0.0013*A37))/C$2 -> 0.69029421 | H37: 42185 | J37: 1980 | K37: 1.1085151 | L37: 0.9845 | M37: 1.0913331 | O37: 2013 | P37: 1 | Q37: 2013 | R37: 0.60465751 | S37: 0.0616 | T37: 0.037246902
A38: 475.333 | B38: 2.2151 | E38: =(0.0905*EXP(0.0013*A38))/C$2 -> 0.68246176 | H38: 42154 | J38: 1979 | K38: 0.92895007 | L38: 0.9845 | M38: 0.91455134 | O38: 2012 | P38: 12 | Q38: 2012.9167 | R38: 0.619152 | S38: 0.0615 | T38: 0.038077848
A39: 467 | B39: 2.2767 | E39: =(0.0905*EXP(0.0013*A39))/C$2 -> 0.67510862 | H39: 42124 | J39: 1978 | K39: 1.0179565 | L39: 1.2306 | M39: 1.2526972 | O39: 2012 | P39: 11 | Q39: 2012.8333 | R39: 0.63426928 | S39: 0.0615 | T39: 0.039007561
A40: 458.778 | B40: 2.3382 | E40: =(0.0905*EXP(0.0013*A40))/C$2 -> 0.66793108 | H40: 42093 | J40: 1977 | K40: 0.96786863 | L40: 0.8611 | M40: 0.83343168 | O40: 2012 | P40: 10 | Q40: 2012.75 | R40: 0.62108366 | S40: 0.1846 | T40: 0.11465204
A41: 450.556 | B41: 2.3997 | E41: =(0.0905*EXP(0.0013*A41))/C$2 -> 0.66082985 | F41: Baja | G41: 2 | H41: 42063 | J41: 1976 | K41: 0.89586622 | L41: 1.0455 | M41: 0.93662814 | O41: 2012 | P41: 9 | Q41: 2012.6667 | R41: 0.54049374 | S41: 0.1231 | T41: 0.066534779
A42: 459.333 | B42: 2.4612 | E42: =(0.0905*EXP(0.0013*A42))/C$2 -> 0.66841317 | H42: 42048 | J42: 1975 | K42: 1.0288853 | L42: 1.1685 | M42: 1.2022525 | O42: 2012 | P42: 8 | Q42: 2012.5833 | R42: 0.52442574 | S42: 0.1846 | T42: 0.096808991
A43: 470.889 | B43: 2.5228 | E43: =(0.0905*EXP(0.0013*A43))/C$2 -> 0.67853041 | H43: 42033 | J43: 1974 | K43: 1.3502971 | L43: 1.4145 | M43: 1.9099953 | O43: 2012 | P43: 7 | Q43: 2012.5 | R43: 0.5254139 | S43: 0.1231 | T43: 0.064678451
A44: 482.667 | B44: 2.5843 | E44: =(0.0905*EXP(0.0013*A44))/C$2 -> 0.6889996 | H44: 42018 | J44: 1973 | K44: 1.3861295 | L44: 1.0455 | M44: 1.4491984 | O44: 2012 | P44: 6 | Q44: 2012.4167 | R44: 0.48657289 | S44: 0.1845 | T44: 0.089772699
A45: 494.444 | B45: 2.6458 | E45: =(0.0905*EXP(0.0013*A45))/C$2 -> 0.69962942 | H45: 42003 | J45: 1972 | K45: 0.91825614 | L45: 0.984 | M45: 0.90356404 | O45: 2012 | P45: 5 | Q45: 2012.3333 | R45: 0.5126037 | S45: 0.1231 | T45: 0.063101515
A46: 532.889 | B46: 2.7074 | E46: =(0.0905*EXP(0.0013*A46))/C$2 -> 0.73548437 | H46: 41988 | J46: 1971 | K46: 0.9551422 | L46: 1.1685 | M46: 1.1160837 | O46: 2012 | P46: 4 | Q46: 2012.25 | R46: 0.60061068 | S46: 0.1846 | T46: 0.11087273
A47: 575.889 | B47: 2.7689 | E47: =(0.0905*EXP(0.0013*A47))/C$2 -> 0.77776879 | H47: 41973 | J47: 1970 | K47: 0.97622747 | L47: 0.984 | M47: 0.96060783 | O47: 2012 | P47: 3 | Q47: 2012.1667 | R47: 0.59705189 | S47: 0.1231 | T47: 0.073497088
A48: 619 | B48: 2.8304 | E48: =(0.0905*EXP(0.0013*A48))/C$2 -> 0.82260291 | H48: 41958 | J48: 1969 | K48: 0.97766128 | L48: 1.0455 | M48: 1.0221449 | O48: 2012 | P48: 2 | Q48: 2012.0833 | R48: 0.58819557 | S48: 0.123 | T48: 0.072348055
A49: 662.111 | B49: 2.892 | E49: =(0.0905*EXP(0.0013*A49))/C$2 -> 0.87002147 | F49: Alta | G49: 3 | H49: 41943 | J49: 1968 | K49: 0.89122229 | L49: 0.6765 | M49: 0.60291188 | O49: 2012 | P49: 1 | Q49: 2012 | R49: 0.64392705 | S49: 0.1231 | T49: 0.07926742
A50: 660 | B50: 2.9535 | E50: =(0.0905*EXP(0.0013*A50))/C$2 -> 0.86763715 | H50: 41931 | J50: 1967 | K50: 0.85444787 | L50: 0.7995 | M50: 0.68313107 | O50: 2011 | P50: 12 | Q50: 2011.9167 | R50: 0.70263125 | S50: 0.1231 | T50: 0.086493907
A51: 649.556 | B51: 3.015 | E51: =(0.0905*EXP(0.0013*A51))/C$2 -> 0.85593667 | H51: 41919 | J51: 1966 | K51: 0.81195567 | L51: 0.984 | M51: 0.79896438 | O51: 2011 | P51: 11 | Q51: 2011.8333 | R51: 0.73360847 | S51: 0.123 | T51: 0.090233842
A52: 639.333 | B52: 3.0766 | E52: =(0.0905*EXP(0.0013*A52))/C$2 -> 0.84463662 | H52: 41908 | J52: 1965 | K52: 0.73236119 | L52: 0.861 | M52: 0.63056298 | O52: 2011 | P52: 10 | Q52: 2011.75 | R52: 0.75540256 | S52: 0.03075 | T52: 0.023228629
A53: 629 | B53: 3.1381 | E53: =(0.0905*EXP(0.0013*A53))/C$2 -> 0.83336656 | H53: 41896 | J53: 1964 | K53: 0.70648024 | L53: 0.738 | M53: 0.52138242 | O53: 2011 | P53: 9 | Q53: 2011.6667 | R53: 0.74475331 | S53: 0.03075
A54: 612.444 | B54: 3.1996 | E54: =(0.0905*EXP(0.0013*A54))/C$2 -> 0.81562182 | H54: 41884 | J54: 1963 | K54: 0.91242614 | L54: 0.9225 | M54: 0.84171311 | O54: 2011 | P54: 8 | Q54: 2011.5833 | R54: 0.73410406 | S54: 0.0308 | T54: 0.022610405
A55: 595 | B55: 3.2612 | E55: =(0.0905*EXP(0.0013*A55))/C$2 -> 0.79733395 | H55: 41873 | J55: 1962 | K55: 1.0881863 | L55: 0.984 | M55: 1.0707754 | O55: 2011 | P55: 7 | Q55: 2011.5 | R55: 0.71777744 | S55: 0.0308
A56: 577.556 | B56: 3.3227 | E56: =(0.0905*EXP(0.0013*A56))/C$2 -> 0.77945612 | H56: 41861 | J56: 1961 | K56: 0.90612744 | L56: 1.107 | M56: 1.0030831 | O56: 2011 | P56: 6 | Q56: 2011.4167 | R56: 0.70145082 | S56: 0.03075 | T56: 0.021569613
A57: 560.222 | B57: 3.3842 | E57: =(0.0905*EXP(0.0013*A57))/C$2 -> 0.76208812 | H57: 41849 | J57: 1960 | K57: 0.64379249 | L57: 1.4145 | M57: 0.91064448 | O57: 2011 | P57: 5 | Q57: 2011.3333 | R57: 0.68594758 | S57: 0.03075
A58: 548.444 | B58: 3.4457 | E58: =(0.0905*EXP(0.0013*A58))/C$2 -> 0.75050836 | H58: 41838 | J58: 1959 | K58: 0.86591581 | L58: 1.0455 | M58: 0.90531498 | O58: 2011 | P58: 4 | Q58: 2011.25 | R58: 0.67044434 | S58: 0.03075 | T58: 0.020616164
A59: 538.333 | B59: 3.5073 | E59: =(0.0905*EXP(0.0013*A59))/C$2 -> 0.74070801 | H59: 41826 | J59: 1958 | K59: 0.69350113 | L59: 1.107 | M59: 0.76770575 | O59: 2011 | P59: 3 | Q59: 2011.1667 | R59: 0.66373637 | S59: 0.03075
A60: 528 | B60: 3.5688 | E60: =(0.0905*EXP(0.0013*A60))/C$2 -> 0.73082468 | H60: 41814 | J60: 1957 | K60: 0.70167197 | L60: 0.9225 | M60: 0.64729239 | O60: 2011 | P60: 2 | Q60: 2011.0833 | R60: 0.65702839 | S60: 0.1231 | T60: 0.080880194
A61: 517.667 | B61: 3.6303 | E61: =(0.0905*EXP(0.0013*A61))/C$2 -> 0.72107323 | H61: 41803 | J61: 1956 | K61: 0.62193304 | L61: 1.0455 | M61: 0.65023099 | O61: 2011 | P61: 1 | Q61: 2011 | R61: 0.73124663 | S61: 0.0615 | T61: 0.044971668
A62: 506 | B62: 3.6919 | E62: =(0.0905*EXP(0.0013*A62))/C$2 -> 0.71021916 | H62: 41791 | J62: 1955 | K62: 0.61708869 | L62: 1.23 | M62: 0.75901909 | O62: 2010 | P62: 12 | Q62: 2010.9167 | R62: 0.79434501 | S62: 0.0616 | T62: 0.048931653
A63: 494.111 | B63: 3.7534 | E63: =(0.0905*EXP(0.0013*A63))/C$2 -> 0.69932662 | H63: 41779 | J63: 1954 | K63: 0.74727669 | L63: 1.353 | M63: 1.0110654 | O63: 2010 | P63: 11 | Q63: 2010.8333 | R63: 0.8630126 | S63: 0.0615 | T63: 0.053075275
A64: 482.222 | B64: 3.8149 | E64: =(0.0905*EXP(0.0013*A64))/C$2 -> 0.68860113 | H64: 41768 | J64: 1953 | K64: 0.89404997 | L64: 0.7995 | M64: 0.71479295 | O64: 2010 | P64: 10 | Q64: 2010.75 | R64: 0.8748098 | S64: 0.0615 | T64: 0.053800803
A65: 470.333 | B65: 3.8765 | E65: =(0.0905*EXP(0.0013*A65))/C$2 -> 0.67804014 | H65: 41756 | O65: 2010 | P65: 9 | Q65: 2010.6667 | R65: 0.86401056 | S65: 0.0616 | T65: 0.053223051
A66: 444.889 | B66: 3.938 | E66: =(0.0905*EXP(0.0013*A66))/C$2 -> 0.65597934 | H66: 41744 | O66: 2010 | P66: 8 | Q66: 2010.5833 | R66: 0.85334353 | S66: 0.0615 | T66: 0.052480627
A67: 416.778 | B67: 3.9995 | E67: =(0.0905*EXP(0.0013*A67))/C$2 -> 0.63243977 | H67: 41733 | O67: 2010 | P67: 7 | Q67: 2010.5 | R67: 0.84305255 | S67: 0.0615 | T67: 0.051847732
A68: 388.667 | B68: 4.0611 | E68: =(0.0905*EXP(0.0013*A68))/C$2 -> 0.60974491 | H68: 41721 | O68: 2010 | P68: 6 | Q68: 2010.4167 | R68: 0.80566949 | S68: 0.0615 | T68: 0.049548674
A69: 360.667 | B69: 4.1226 | E69: =(0.0905*EXP(0.0013*A69))/C$2 -> 0.58794928 | H69: 41709 | O69: 2010 | P69: 5 | Q69: 2010.3333 | R69: 0.76043938 | S69: 0.0616 | T69: 0.046843066
A70: 358.778 | B70: 4.1841 | E70: =(0.0905*EXP(0.0013*A70))/C$2 -> 0.58650723 | F70: Baja | G70: 3 | H70: 41698 | O70: 2010 | P70: 4 | Q70: 2010.25 | R70: 0.71764398 | S70: 0.03075 | T70: 0.022067552
A71: 362.667 | B71: 4.2457 | E71: =(0.0905*EXP(0.0013*A71))/C$2 -> 0.58947994 | H71: 41680 | O71: 2010 | P71: 3 | Q71: 2010.1667 | R71: 0.69791606 | S71: 0.03075
A72: 366.556 | B72: 4.3072 | E72: =(0.0905*EXP(0.0013*A72))/C$2 -> 0.59246772 | H72: 41663 | O72: 2010 | P72: 2 | Q72: 2010.0833 | R72: 0.67818814 | S72: 0.1231 | T72: 0.08348496
A73: 370.333 | B73: 4.3687 | E73: =(0.0905*EXP(0.0013*A73))/C$2 -> 0.59538395 | H73: 41646 | O73: 2010 | P73: 1 | Q73: 2010 | R73: 0.70685226 | S73: 0.123 | T73: 0.086942828
A74: 377.889 | B74: 4.4302 | E74: =(0.0905*EXP(0.0013*A74))/C$2 -> 0.60126111 | H74: 41629 | O74: 2009 | P74: 12 | Q74: 2009.9167 | R74: 0.75260068 | S74: 0.1231 | T74: 0.092645144
A75: 386.222 | B75: 4.4918 | E75: =(0.0905*EXP(0.0013*A75))/C$2 -> 0.60780992 | H75: 41612 | O75: 2009 | P75: 11 | Q75: 2009.8333 | R75: 0.83311444 | S75: 0.1231 | T75: 0.10255639
A76: 394.667 | B76: 4.5533 | E76: =(0.0905*EXP(0.0013*A76))/C$2 -> 0.61451952 | H76: 41595 | O76: 2009 | P76: 10 | Q76: 2009.75 | R76: 0.90136159 | S76: 0.03075 | T76: 0.027716869
A77: 402.778 | B77: 4.6148 | E77: =(0.0905*EXP(0.0013*A77))/C$2 -> 0.62103348 | F77: Alta | G77: 4 | H77: 41578 | O77: 2009 | P77: 9 | Q77: 2009.6667 | R77: 0.86826805 | S77: 0.03075
A78: 397.111 | B78: 4.6764 | E78: =(0.0905*EXP(0.0013*A78))/C$2 -> 0.61647508 | H78: 41557 | O78: 2009 | P78: 8 | Q78: 2009.5833 | R78: 0.83517451 | S78: 0.03075 | T78: 0.025681616
A79: 387.778 | B79: 4.7379 | E79: =(0.0905*EXP(0.0013*A79))/C$2 -> 0.60904064 | H79: 41537 | O79: 2009 | P79: 7 | Q79: 2009.5 | R79: 0.78442748 | S79: 0.03075
A80: 378.889 | B80: 4.7994 | E80: =(0.0905*EXP(0.0013*A80))/C$2 -> 0.60204325 | H80: 41516 | O80: 2009 | P80: 6 | Q80: 2009.4167 | R80: 0.73368046 | S80: 0.0308 | T80: 0.022597358
A81: 369.667 | B81: 4.861 | E81: =(0.0905*EXP(0.0013*A81))/C$2 -> 0.59486869 | H81: 41496 | O81: 2009 | P81: 5 | Q81: 2009.3333 | R81: 0.68905394 | S81: 0.0308
A82: 384.222 | B82: 4.9225 | E82: =(0.0905*EXP(0.0013*A82))/C$2 -> 0.60623166 | H82: 41475 | O82: 2009 | P82: 4 | Q82: 2009.25 | R82: 0.64442741 | S82: 0.03075 | T82: 0.019816143
A83: 404.667 | B83: 4.984 | E83: =(0.0905*EXP(0.0013*A83))/C$2 -> 0.62256043 | H83: 41455 | O83: 2009 | P83: 3 | Q83: 2009.1667 | R83: 0.61194967 | S83: 0.03075
A84: 425.222 | B84: 5.0456 | E84: =(0.0905*EXP(0.0013*A84))/C$2 -> 0.63942043 | H84: 41435 | O84: 2009 | P84: 2 | Q84: 2009.0833 | R84: 0.57947192 | S84: 0.1846 | T84: 0.10697052
A85: 445.667 | B85: 5.1071 | E85: =(0.0905*EXP(0.0013*A85))/C$2 -> 0.65664313 | H85: 41414 | O85: 2009 | P85: 1 | Q85: 2009 | R85: 0.68066694 | S85: 0.2461 | T85: 0.16751213
A86: 433.556 | B86: 5.1686 | E86: =(0.0905*EXP(0.0013*A86))/C$2 -> 0.64638571 | H86: 41394 | O86: 2008 | P86: 12 | Q86: 2008.9167 | R86: 0.71389564 | S86: 0.1846 | T86: 0.13178513
A87: 413.222 | B87: 5.2302 | E87: =(0.0905*EXP(0.0013*A87))/C$2 -> 0.62952288 | H87: 41373 | O87: 2008 | P87: 11 | Q87: 2008.8333 | R87: 0.84072695 | S87: 0.1846 | T87: 0.15519819
A88: 392.444 | B88: 5.2917 | E88: =(0.0905*EXP(0.0013*A88))/C$2 -> 0.61274618 | H88: 41353 | O88: 2008 | P88: 10 | Q88: 2008.75 | R88: 0.89240874 | S88: 0.1231 | T88: 0.10985552
A89: 371.778 | B89: 5.3532 | E89: =(0.0905*EXP(0.0013*A89))/C$2 -> 0.59650343 | F89: Baja | G89: 4 | H89: 41333 | O89: 2008 | P89: 9 | Q89: 2008.6667 | R89: 0.8551813 | S89: 0.123 | T89: 0.1051873
A90: 382.222 | B90: 5.4147 | E90: =(0.0905*EXP(0.0013*A90))/C$2 -> 0.60465751 | H90: 41303 | O90: 2008 | P90: 8 | Q90: 2008.5833 | R90: 0.77923901 | S90: 0.1231 | T90: 0.095924323
A91: 400.444 | B91: 5.4763 | E91: =(0.0905*EXP(0.0013*A91))/C$2 -> 0.619152 | H91: 41273 | O91: 2008 | P91: 7 | Q91: 2008.5 | R91: 0.68489398 | S91: 0.123 | T91: 0.084241959
A92: 419 | B92: 5.5378 | E92: =(0.0905*EXP(0.0013*A92))/C$2 -> 0.63426928 | H92: 41243 | O92: 2008 | P92: 6 | Q92: 2008.4167 | R92: 0.65220165 | S92: 0.1231 | T92: 0.080286023
A93: 437.556 | B93: 5.5993 | E93: =(0.0905*EXP(0.0013*A93))/C$2 -> 0.64975567 | F93: Alta | G93: 5 | H93: 41213 | O93: 2008 | P93: 5 | Q93: 2008.3333 | R93: 0.65764067 | S93: 0.1231 | T93: 0.080955566
A94: 406.778 | B94: 5.6609 | E94: =(0.0905*EXP(0.0013*A94))/C$2 -> 0.62427127 | H94: 41200 | O94: 2008 | P94: 4 | Q94: 2008.25 | R94: 0.6525771 | S94: 0.0615 | T94: 0.040133492
A95: 362.333 | B95: 5.7224 | E95: =(0.0905*EXP(0.0013*A95))/C$2 -> 0.58922405 | H95: 41188 | O95: 2008 | P95: 3 | Q95: 2008.1667 | R95: 0.63617468 | S95: 0.1231 | T95: 0.078313103
A96: 317.778 | B96: 5.7839 | E96: =(0.0905*EXP(0.0013*A96))/C$2 -> 0.55606489 | H96: 41176 | O96: 2008 | P96: 2 | Q96: 2008.0833 | R96: 0.62433122 | S96: 0.123 | T96: 0.07679274
A97: 273.444 | B97: 5.8455 | E97: =(0.0905*EXP(0.0013*A97))/C$2 -> 0.52492258 | H97: 41163 | O97: 2008 | P97: 1 | Q97: 2008 | R97: 0.65704546 | S97: 0.1231 | T97: 0.080882296
A98: 267.556 | B98: 5.907 | E98: =(0.0905*EXP(0.0013*A98))/C$2 -> 0.52091996 | H98: 41151 | O98: 2007 | P98: 12 | Q98: 2007.9167 | R98: 0.70713992 | S98: 0.123 | T98: 0.086978211
A99: 272.667 | B99: 5.9685 | E99: =(0.0905*EXP(0.0013*A99))/C$2 -> 0.52439263 | H99: 41139 | O99: 2007 | P99: 11 | Q99: 2007.8333 | R99: 0.8125813 | S99: 0.1231 | T99: 0.10002876
A100: 277.889 | B100: 6.0301 | E100: =(0.0905*EXP(0.0013*A100))/C$2 -> 0.52796463 | H100: 41126 | O100: 2007 | P100: 10 | Q100: 2007.75 | R100: 0.90619163 | S100: 0.0615 | T100: 0.055730785
A101: 283.111 | B101: 6.0916 | E101: =(0.0905*EXP(0.0013*A101))/C$2 -> 0.53156096 | H101: 41114 | O101: 2007 | P101: 9 | Q101: 2007.6667 | R101: 0.89565097 | S101: 0.0616 | T101: 0.0551721
A102: 265.111 | B102: 6.1531 | E102: =(0.0905*EXP(0.0013*A102))/C$2 -> 0.51926684 | H102: 41102 | O102: 2007 | P102: 8 | Q102: 2007.5833 | R102: 0.84549131 | S102: 0.0615 | T102: 0.051997716
A103: 239.889 | B103: 6.2147 | E103: =(0.0905*EXP(0.0013*A103))/C$2 -> 0.50251691 | H103: 41090 | O103: 2007 | P103: 7 | Q103: 2007.5 | R103: 0.79802561 | S103: 0.0615 | T103: 0.049078575
A104: 214.778 | B104: 6.2762 | E104: =(0.0905*EXP(0.0013*A104))/C$2 -> 0.48637746 | H104: 41077 | O104: 2007 | P104: 6 | Q104: 2007.4167 | R104: 0.75333235 | S104: 0.0616 | T104: 0.046405273
A105: 189.778 | B105: 6.3377 | E105: =(0.0905*EXP(0.0013*A105))/C$2 -> 0.4708243 | H105: 41065 | O105: 2007 | P105: 5 | Q105: 2007.3333 | R105: 0.73050837 | S105: 0.0615 | T105: 0.044926265
... A112: 364.556 | B112: 6.7684 | E112: =(0.0905*EXP(0.0013*A112))/C$2 -> 0.59092931 | H112: 40979 | O112: 2006 | P112: 10 | Q112: 2006.75 | R112: 0.82302807 | S112: 0.1231 | T112: 0.10131476
A113: 348.444 | B113: 6.83 | E113: =(0.0905*EXP(0.0013*A113))/C$2 -> 0.57868066 | F113: Baja | G113: 5 | H113: 40967 | O113: 2006 | P113: 9 | Q113: 2006.6667 | R113: 0.80731006 | S113: 0.1231 | T113: 0.099379868
...

Sheet VAR3-Cor
A1: HU | B1: Distancia (cm) | C1: Grosor corte (cm) | D1: Ecuación | E1: Densidad | F1: Banda | G1: Pair | H1: Fecha | J1: Year | K1: Density | L1: Extension | M1: Calcification | O1: Year | P1: Month | Q1: M.Y. | R1: Density | S1: Extension | T1: Calcification
A2: -998 | B2: 0 | C2: 0.246 | E2: =(0.0905*EXP(0.0013*A2))/C$2 -> 0.1005217 | J2: 2015 | K2: 1.2219735 | L2: 0.6768 | M2: 0.82703169 | O2: 2015 | P2: 12 | Q2: 2015.9167 | R2: 0.92136572 | S2: 0.1231 | T2: 0.11342012
A3: -986 | B3: 0.0615 | E3: =(0.0905*EXP(0.0013*A3))/C$2 -> 0.10210213 | J3: 2014 | K3: 0.86446535 | L3: 1.2922 | M3: 1.1170621 | O3: 2015 | P3: 11 | Q3: 2015.8333 | R3: 1.1876149 | S3: 0.123 | T3: 0.14607664
A4: -973 | B4: 0.1231 | D4: y = 2E-07e2.0844x | E4: =(0.0905*EXP(0.0013*A4))/C$2 -> 0.10384232 | J4: 2013 | K4: 0.7433444 | L4: 0.4307 | M4: 0.32015843 | O4: 2015 | P4: 10 | Q4: 2015.75 | R4: 1.4376294 | S4: 0.0616 | T4: 0.088557972
A5: -959.778 | B5: 0.1846 | E5: =(0.0905*EXP(0.0013*A5))/C$2 -> 0.10564265 | J5: 2012 | K5: 0.93441808 | L5: 0.7999 | M5: 0.74744102 | O5: 2015 | P5: 9 | Q5: 2015.6667 | R5: 1.4135376 | S5: 0.03075 | T5: 0.043466282
A6: -946.667 | B6: 0.2461 | D6: y = 0.0705e0.0015x | E6: =(0.0905*EXP(0.0013*A6))/C$2 -> 0.10745869 | J6: 2011 | K6: 1.3073053 | L6: 0.9845 | M6: 1.287042 | O6: 2015 | P6: 8 | Q6: 2015.5833 | R6: 1.3849358 | S6: 0.03075
A7: -642.444 | B7: 0.3077 | E7: =(0.0905*EXP(0.0013*A7))/C$2 -> 0.15958814 | J7: 2010 | K7: 0.73758533 | L7: 0.7384 | M7: 0.54463301 | O7: 2015 | P7: 7 | Q7: 2015.5 | R7: 1.3563339 | S7: 0.0615 | T7: 0.083414536
A8: -308.333 | B8: 0.3692 | D8: y = 0.0905e0.0013x | E8: =(0.0905*EXP(0.0013*A8))/C$2 -> 0.24639617 | J8: 2009 | K8: 0.72177388 | L8: 0.8614 | M8: 0.62173602 | O8: 2015 | P8: 6 | Q8: 2015.4167 | R8: 1.3016313 | S8: 0.03075 | T8: 0.040025162
A9: 26.111 | B9: 0.4307 | E9: =(0.0905*EXP(0.0013*A9))/C$2 -> 0.38058818 | J9: 2008 | K9: 0.67579701 | L9: 0.4923 | M9: 0.33269487 | O9: 2015 | P9: 5 | Q9: 2015.3333 | R9: 1.2754732 | S9: 0.03075
A10: 360.667 | B10: 0.4922 | E10: =(0.0905*EXP(0.0013*A10))/C$2 -> 0.58794928 | J10: 2007 | K10: 0.69853794 | L10: 1.3537 | M10: 0.94561081 | O10: 2015 | P10: 4 | Q10: 2015.25 | R10: 1.2493151 | S10: 0.0308 | T10: 0.038478906
A11: 412.556 | B11: 0.5538 | E11: =(0.0905*EXP(0.0013*A11))/C$2 -> 0.62897807 | J11: 2006 | K11: 0.95251664 | L11: 0.7999 | M11: 0.76191806 | O11: 2015 | P11: 3 | Q11: 2015.1667 | R11: 1.242674 | S11: 0.0308
A12: 433.222 | B12: 0.6153 | E12: =(0.0905*EXP(0.0013*A12))/C$2 -> 0.64610511 | J12: 2005 | K12: 0.55090301 | L12: 1.4767 | M12: 0.81351847 | O12: 2015 | P12: 2 | Q12: 2015.0833 | R12: 1.2360328 | S12: 0.0615 | T12: 0.076016019
A13: 454.222 | B13: 0.6768 | E13: =(0.0905*EXP(0.0013*A13))/C$2 -> 0.66398675 | J13: 2004 | K13: 0.55635059 | L13: 0.7999 | M13: 0.44502484 | O13: 2015 | P13: 1 | Q13: 2015 | R13: 1.2292673 | S13: 0.0615 | T13: 0.07559994
A14: 474.778 | B14: 0.7384 | E14: =(0.0905*EXP(0.0013*A14))/C$2 -> 0.68196954 | J14: 2003 | K14: 0.62595563 | L14: 0.6769 | M14: 0.42370937 | O14: 2014 | P14: 12 | Q14: 2014.9167 | R14: 1.2220081 | S14: 0.0616 | T14: 0.075275701
A15: 473.222 | B15: 0.7999 | E15: =(0.0905*EXP(0.0013*A15))/C$2 -> 0.68059145 | J15: 2002 | K15: 0.78968726 | L15: 0.9229 | M15: 0.72880238 | O15: 2014 | P15: 11 | Q15: 2014.8333 | R15: 1.2158472 | S15: 0.0615 | T15: 0.074774603
A16: 469.222 | B16: 0.8614 | E16: =(0.0905*EXP(0.0013*A16))/C$2 -> 0.67706156 | J16: 2001 | K16: 0.57784011 | L16: 0.923 | M16: 0.53334642 | O16: 2014 | P16: 10 | Q16: 2014.75 | R16: 1.201454 | S16: 0.1231 | T16: 0.14789899
A17: 465 | B17: 0.923 | E17: =(0.0905*EXP(0.0013*A17))/C$2 -> 0.67335562 | J17: 2000 | K17: 0.66791998 | L17: 0.9845 | M17: 0.65756722 | O17: 2014 | P17: 9 | Q17: 2014.6667 | R17: 1.1821727 | S17: 0.123 | T17: 0.14540725
A18: 460.667 | B18: 0.9845 | E18: =(0.0905*EXP(0.0013*A18))/C$2 -> 0.66957333 | J18: 1999 | K18: 0.79194921 | L18: 0.8614 | M18: 0.68218505 | O18: 2014 | P18: 8 | Q18: 2014.5833 | R18: 1.1017886 | S18: 0.1231 | T18: 0.13563018
A19: 571.222 | B19: 1.046 | E19: =(0.0905*EXP(0.0013*A19))/C$2 -> 0.77306427 | J19: 1998 | K19: 1.1086827 | L19: 0.7384 | M19: 0.81865132 | O19: 2014 | P19: 7 | Q19: 2014.5 | R19: 1.000157 | S19: 0.1231 | T19: 0.12311933
A20: 695.889 | B20: 1.1076 | E20: =(0.0905*EXP(0.0013*A20))/C$2 -> 0.90907654 | J20: 1997 | K20: 1.1062872 | L20: 0.5538 | M20: 0.61266186 | O20: 2014 | P20: 6 | Q20: 2014.4167 | R20: 0.8258269 | S20: 0.123 | T20: 0.10157671
A21: 820.667 | B21: 1.1691 | E21: =(0.0905*EXP(0.0013*A21))/C$2 -> 1.069173 | J21: 1996 | K21: 0.98367171 | L21: 0.923 | M21: 0.90792899 | O21: 2014 | P21: 5 | Q21: 2014.3333 | R21: 0.64910072 | S21: 0.1231 | T21: 0.079904299
A22: 945.444 | B22: 1.2306 | E22: =(0.0905*EXP(0.0013*A22))/C$2 -> 1.2574621 | F22: Alta | G22: 1 | H22: 42674 | J22: 1995 | K22: 0.95665435 | L22: 1.1075 | M22: 1.0594947 | O22: 2014 | P22: 4 | Q22: 2014.25 | R22: 0.56720743 | S22: 0.123 | T22: 0.069766514
A23: 898.667 | B23: 1.2922 | E23: =(0.0905*EXP(0.0013*A23))/C$2 -> 1.1832743 | H23: 42643 | J23: 1994 | K23: 0.79267224 | L23: 0.8615 | M23: 0.68288714 | O23: 2014 | P23: 3 | Q23: 2014.1667 | R23: 0.53433228 | S23: 0.0616 | T23: 0.032914868
A24: 829.111 | B24: 1.3537 | E24: =(0.0905*EXP(0.0013*A24))/C$2 -> 1.0809741 | H24: 42612 | J24: 1993 | K24: 0.61590152 | L24: 0.9845 | M24: 0.60635505 | O24: 2014 | P24: 2 | Q24: 2014.0833 | R24: 0.51789899 | S24: 0.123 | T24: 0.063701576
A25: 759.444 | B25: 1.4152 | E25: =(0.0905*EXP(0.0013*A25))/C$2 -> 0.98737588 | H25: 42581 | J25: 1992 | K25: 0.66087751 | L25: 1.5998 | M25: 1.0572718 | O25: 2014 | P25: 1 | Q25: 2014 | R25: 0.54518592 | S25: 0.1231 | T25: 0.067112387
A26: 689.778 | B26: 1.4767 | E26: =(0.0905*EXP(0.0013*A26))/C$2 -> 0.90188317 | H26: 42551 | J26: 1991 | K26: 0.8167864 | L26: 0.4922 | M26: 0.40202227 | O26: 2013 | P26: 12 | Q26: 2013.9167 | R26: 0.59223685 | S26: 0.1231 | T26: 0.072904356
A27: 633.778 | B27: 1.5383 | E27: =(0.0905*EXP(0.0013*A27))/C$2 -> 0.83855904 | H27: 42520 | J27: 1990 | K27: 0.7792692 | L27: 0.6153 | M27: 0.47948434 | O27: 2013 | P27: 11 | Q27: 2013.8333 | R27: 0.67306418 | S27: 0.0615 | T27: 0.041393447
A28: 579.778 | B28: 1.5998 | E28: =(0.0905*EXP(0.0013*A28))/C$2 -> 0.78171091 | H28: 42489 | J28: 1989 | K28: 0.74153386 | L28: 1.1076 | M28: 0.8213229 | O28: 2013 | P28: 10 | Q28: 2013.75 | R28: 0.73622862 | S28: 0.0076875 | T28: 0.02263903
A29: 525.889 | B29: 1.6613 | E29: =(0.0905*EXP(0.0013*A29))/C$2 -> 0.72882183 | H29: 42458 | J29: 1988 | K29: 0.75387228 | L29: 0.9845 | M29: 0.74218726 | O29: 2013 | P29: 9 | Q29: 2013.6667 | R29: 0.75350166 | S29: 0.0076875
A30: 471.778 | B30: 1.7229 | E30: =(0.0905*EXP(0.0013*A30))/C$2 -> 0.67931504 | F30: Baja | G30: 1 | H30: 42428 | J30: 1987 | K30: 0.52984531 | L30: 1.1076 | M30: 0.58685667 | O30: 2013 | P30: 8 | Q30: 2013.5833 | R30: 0.7707747 | S30: 0.0076875
A31: 508.444 | B31: 1.7844 | E31: =(0.0905*EXP(0.0013*A31))/C$2 -> 0.71247925 | H31: 42413 | J31: 1986 | K31: 0.8235714 | L31: 1.4767 | M31: 1.2161679 | O31: 2013 | P31: 7 | Q31: 2013.5 | R31: 0.78804775 | S31: 0.0076875
A32: 558.556 | B32: 1.8459 | E32: =(0.0905*EXP(0.0013*A32))/C$2 -> 0.76043938 | H32: 42398 | J32: 1985 | K32: 0.87659393 | L32: 0.9845 | M32: 0.86300672 | O32: 2013 | P32: 6 | Q32: 2013.4167 | R32: 0.80532079 | S32: 0.0077 | T32: 0.02480388
A33: 608.556 | B33: 1.9075 | E33: =(0.0905*EXP(0.0013*A33))/C$2 -> 0.81150974 | H33: 42383 | J33: 1984 | K33: 0.73665796 | L33: 0.9845 | M33: 0.72523976 | O33: 2013 | P33: 5 | Q33: 2013.3333 | R33: 0.82127609 | S33: 0.0077
A34: 658.667 | B34: 1.969 | E34: =(0.0905*EXP(0.0013*A34))/C$2 -> 0.86613492 | H34: 42368 | J34: 1983 | K34: 0.63879412 | L34: 1.2306 | M34: 0.78610004 | O34: 2013 | P34: 4 | Q34: 2013.25 | R34: 0.83723138 | S34: 0.0077
A35: 751 | B35: 2.0305 | E35: =(0.0905*EXP(0.0013*A35))/C$2 -> 0.97659653 | H35: 42353 | J35: 1982 | K35: 0.66197748 | L35: 0.9845 | M35: 0.65171683 | O35: 2013 | P35: 3 | Q35: 2013.1667 | R35: 0.85318668 | S35: 0.0077
A36: 850.333 | B36: 2.0921 | E36: =(0.0905*EXP(0.0013*A36))/C$2 -> 1.1112119 | H36: 42338 | J36: 1981 | K36: 0.81809461 | L36: 0.9845 | M36: 0.80541414 | O36: 2013 | P36: 2 | Q36: 2013.0833 | R36: 0.86914198 | S36: 0.0615 | T36: 0.053452232
A37: 949.444 | B37: 2.1536 | E37: =(0.0905*EXP(0.0013*A37))/C$2 -> 1.264018 | H37: 42323 | J37: 1980 | K37: 0.60342128 | L37: 0.9845 | M37: 0.59406825 | O37: 2013 | P37: 1 | Q37: 2013 | R37: 0.93518156 | S37: 0.0615 | T37: 0.057513666
A38: 1048.444 | B38: 2.2151 | E38: =(0.0905*EXP(0.0013*A38))/C$2 -> 1.4376294 | F38: Alta | G38: 2 | H38: 42308 | J38: 1979 | K38: 0.82015152 | L38: 0.8615 | M38: 0.70656053 | O38: 2012 | P38: 12 | Q38: 2012.9167 | R38: 1.0060925 | S38: 0.03075 | T38: 0.030937344
A39: 1035.444 | B39: 2.2767 | E39: =(0.0905*EXP(0.0013*A39))/C$2 -> 1.4135376 | H39: 42259 | J39: 1978 | K39: 0.62185208 | L39: 0.7995 | M39: 0.49717074 | O39: 2012 | P39: 11 | Q39: 2012.8333 | R39: 1.0444707 | S39: 0.03075
A40: 1003.667 | B40: 2.3382 | E40: =(0.0905*EXP(0.0013*A40))/C$2 -> 1.3563339 | H40: 42210 | J40: 1977 | K40: 0.63915206 | L40: 0.984 | M40: 0.62892563 | O40: 2012 | P40: 10 | Q40: 2012.75 | R40: 1.082849 | S40: 0.0308 | T40: 0.033351749
A41: 972 | B41: 2.3997 | E41: =(0.0905*EXP(0.0013*A41))/C$2 -> 1.3016313 | H41: 42161 | J41: 1976 | K41: 0.60225884 | L41: 0.615 | M41: 0.37038919 | O41: 2012 | P41: 9 | Q41: 2012.6667 | R41: 1.0446886 | S41: 0.0308
A42: 940.444 | B42: 2.4612 | E42: =(0.0905*EXP(0.0013*A42))/C$2 -> 1.2493151 | H42: 42112 | J42: 1975 | K42: 0.72542916 | L42: 1.107 | M42: 0.80305008 | O42: 2012 | P42: 8 | Q42: 2012.5833 | R42: 1.0065281 | S42: 0.03075 | T42: 0.03095074
A43: 932.222 | B43: 2.5228 | E43: =(0.0905*EXP(0.0013*A43))/C$2 -> 1.2360328 | F43: Baja | G43: 2 | H43: 42063 | J43: 1974 | K43: 0.62083858 | L43: 0.861 | M43: 0.53454202 | O43: 2012 | P43: 7 | Q43: 2012.5 | R43: 0.95479226 | S43: 0.03075
A44: 928 | B44: 2.5843 | E44: =(0.0905*EXP(0.0013*A44))/C$2 -> 1.2292673 | H44: 42033 | J44: 1973 | K44: 0.65025615 | L44: 1.0455 | M44: 0.67984281 | O44: 2012 | P44: 6 | Q44: 2012.4167 | R44: 0.90305639 | S44: 0.03075 | T44: 0.027768984
A45: 923.444 | B45: 2.6458 | E45: =(0.0905*EXP(0.0013*A45))/C$2 -> 1.2220081 | H45: 42003 | J45: 1972 | K45: 0.75278684 | L45: 0.9225 | M45: 0.69444586 | O45: 2012 | P45: 5 | Q45: 2012.3333 | R45: 0.85669693 | S45: 0.03075
A46: 919.556 | B46: 2.7074 | E46: =(0.0905*EXP(0.0013*A46))/C$2 -> 1.2158472 | H46: 41973 | J46: 1971 | K46: 0.88580908 | L46: 0.984 | M46: 0.87163614 | O46: 2012 | P46: 4 | Q46: 2012.25 | R46: 0.81033747 | S46: 0.0308 | T46: 0.024958394
A47: 913.556 | B47: 2.7689 | E47: =(0.0905*EXP(0.0013*A47))/C$2 -> 1.2064005 | F47: Alta | G47: 3 | H47: 41943 | J47: 1970 | K47: 1.054949 | L47: 1.23 | M47: 1.2975872 | O47: 2012 | P47: 3 | Q47: 2012.1667 | R47: 0.79880761 | S47: 0.0308
A48: 907.222 | B48: 2.8304 | E48: =(0.0905*EXP(0.0013*A48))/C$2 -> 1.1965075 | H48: 41926 | J48: 1969 | K48: 0.84585922 | L48: 0.9225 | M48: 0.78030513 | O48: 2012 | P48: 2 | Q48: 2012.0833 | R48: 0.78727774 | S48: 0.2461 | T48: 0.19374905
A49: 901 | B49: 2.892 | E49: =(0.0905*EXP(0.0013*A49))/C$2 -> 1.1868685 | H49: 41910 | J49: 1968 | K49: 0.66431436 | L49: 1.2915 | M49: 0.857962 | O49: 2012 | P49: 1 | Q49: 2012 | R49: 1.0473651 | S49: 0.2461 | T49: 0.25775656
A50: 894.889 | B50: 2.9535 | E50: =(0.0905*EXP(0.0013*A50))/C$2 -> 1.177477 | H50: 41894 | J50: 1967 | K50: 0.76578347 | L50: 1.107 | M50: 0.8477223 | O50: 2011 | P50: 12 | Q50: 2011.9167 | R50: 1.3188914 | S50: 0.2461 | T50: 0.32457917
A51: 862.222 | B51: 3.015 | E51: =(0.0905*EXP(0.0013*A51))/C$2 -> 1.1285199 | H51: 41877 | J51: 1966 | K51: 0.71177536 | L51: 0.861 | M51: 0.61283859 | O51: 2011 | P51: 11 | Q51: 2011.8333 | R51: 1.4091875 | S51: 0.2462 | T51: 0.34694195
A52: 824.889 | B52: 3.0766 | E52: =(0.0905*EXP(0.0013*A52))/C$2 -> 1.0750574 | H52: 41861 | J52: 1965 | K52: 0.98905865 | L52: 1.7835 | M52: 1.7639861 | O52: 2011 | P52: 10 | Q52: 2011.75 | R52: 1.4678453 | S52: 0.0615 | T52: 0.090272483
A53: 787.778 | B53: 3.1381 | E53: =(0.0905*EXP(0.0013*A53))/C$2 -> 1.0244232 | H53: 41845 | J53: 1964 | K53: 0.85455852 | L53: 1.476 | M53: 1.2613284 | O53: 2011 | P53: 9 | Q53: 2011.6667 | R53: 1.4297605 | S53: 0.03075 | T53: 0.043965134
A54: 750.444 | B54: 3.1996 | E54: =(0.0905*EXP(0.0013*A54))/C$2 -> 0.9758909 | H54: 41828 | J54: 1963 | K54: 0.77490366 | L54: 0.9225 | M54: 0.71484863 | O54: 2011 | P54: 8 | Q54: 2011.5833 | R54: 1.4022184 | S54: 0.03075
A55: 667 | B55: 3.2612 | E55: =(0.0905*EXP(0.0013*A55))/C$2 -> 0.87556868 | H55: 41812 | J55: 1962 | K55: 0.79633475 | L55: 1.5375 | M55: 1.2243647 | O55: 2011 | P55: 7 | Q55: 2011.5 | R55: 1.3746763 | S55: 0.0616 | T55: 0.084680063
A56: 574.222 | B56: 3.3227 | E56: =(0.0905*EXP(0.0013*A56))/C$2 -> 0.77608511 | H56: 41796 | J56: 1961 | K56: 0.76481492 | L56: 1.476 | M56: 1.1288668 | O56: 2011 | P56: 6 | Q56: 2011.4167 | R56: 1.3228593 | S56: 0.03075 | T56: 0.040677923
A57: 481.667 | B57: 3.3842 | E57: =(0.0905*EXP(0.0013*A57))/C$2 -> 0.68810448 | H57: 41779 | J57: 1960 | K57: 0.79232013 | L57: 0.984 | M57: 0.77964301 | O57: 2011 | P57: 5 | Q57: 2011.3333 | R57: 1.2977445 | S57: 0.03075
A58: 389.111 | B58: 3.4457 | E58: =(0.0905*EXP(0.0013*A58))/C$2 -> 0.61009696 | H58: 41763 | J58: 1959 | K58: 0.89262912 | L58: 1.107 | M58: 0.98814044 | O58: 2011 | P58: 4 | Q58: 2011.25 | R58: 1.2726297 | S58: 0.03075 | T58: 0.039133364
A59: 348.111 | B59: 3.5073 | E59: =(0.0905*EXP(0.0013*A59))/C$2 -> 0.57843021 | H59: 41747 | J59: 1958 | K59: 0.89821734 | L59: 1.353 | M59: 1.2152881 | O59: 2011 | P59: 3 | Q59: 2011.1667 | R59: 1.1868204 | S59: 0.03075
A60: 317.667 | B60: 3.5688 | E60: =(0.0905*EXP(0.0013*A60))/C$2 -> 0.55598465 | H60: 41730 | J60: 1957 | K60: 0.92540468 | L60: 1.23 | M60: 1.1382478 | O60: 2011 | P60: 2 | Q60: 2011.0833 | R60: 1.1010111 | S60: 0.1231 | T60: 0.13553447
A61: 287.111 | B61: 3.6303 | E61: =(0.0905*EXP(0.0013*A61))/C$2 -> 0.53433228 | H61: 41714 | J61: 1956 | K61: 0.7966319 | L61: 1.2915 | M61: 1.0288501 | O61: 2011 | P61: 1 | Q61: 2011 | R61: 0.93477559 | S61: 0.0615 | T61: 0.057488699
A62: 256.667 | B62: 3.6919 | E62: =(0.0905*EXP(0.0013*A62))/C$2 -> 0.51359792 | F62: Baja | G62: 3 | H62: 41698 | J62: 1955 | K62: 0.79217059 | L62: 1.1685 | M62: 0.92565134 | O62: 2010 | P62: 12 | Q62: 2010.9167 | R62: 0.83916428 | S62: 0.0616 | T62: 0.05169252
A63: 269.444 | B63: 3.7534 | E63: =(0.0905*EXP(0.0013*A63))/C$2 -> 0.52220007 | H63: 41680 | J63: 1954 | K63: 0.85674347 | L63: 1.107 | M63: 0.94841502 | O63: 2010 | P63: 11 | Q63: 2010.8333 | R63: 0.8109234 | S63: 0.0615 | T63: 0.049871789
A64: 291.444 | B64: 3.8149 | E64: =(0.0905*EXP(0.0013*A64))/C$2 -> 0.53735061 | H64: 41663 | J64: 1953 | K64: 0.90626672 | L64: 1.23 | M64: 1.1147081 | O64: 2010 | P64: 10 | Q64: 2010.75 | R64: 0.8012596 | S64: 0.0615 | T64: 0.049277466
A65: 313.556 | B65: 3.8765 | E65: =(0.0905*EXP(0.0013*A65))/C$2 -> 0.55302123 | H65: 41646 | J65: 1952 | K65: 0.99522287 | L65: 1.353 | M65: 1.3465365 | O65: 2010 | P65: 9 | Q65: 2010.6667 | R65: 0.79182523 | S65: 0.0615 | T65: 0.048697251
A66: 335.556 | B66: 3.938 | E66: =(0.0905*EXP(0.0013*A66))/C$2 -> 0.56906598 | H66: 41629 | J66: 1951 | K66: 0.8086129 | L66: 1.23 | M66: 0.99459386 | O66: 2010 | P66: 8 | Q66: 2010.5833 | R66: 0.78227512 | S66: 0.0308 | T66: 0.024094074
A67: 395.778 | B67: 3.9995 | E67: =(0.0905*EXP(0.0013*A67))/C$2 -> 0.61540771 | H67: 41612 | J67: 1950 | K67: 0.84946142 | L67: 1.107 | M67: 0.94035379 | O67: 2010 | P67: 7 | Q67: 2010.5 | R67: 0.76612109 | S67: 0.0308
A68: 464.667 | B68: 4.0611 | E68: =(0.0905*EXP(0.0013*A68))/C$2 -> 0.67306418 | H68: 41595 | J68: 1949 | K68: 1.1742842 | L68: 0.984 | M68: 1.1554956 | O68: 2010 | P68: 6 | Q68: 2010.4167 | R68: 0.74996707 | S68: 0.0615 | T68: 0.046122975
A69: 533.667 | B69: 4.1226 | E69: =(0.0905*EXP(0.0013*A69))/C$2 -> 0.73622862 | F69: Alta | G69: 4 | H69: 41578 | J69: 1948 | K69: 1.1647805 | L69: 0.861 | M69: 1.002876 | O69: 2010 | P69: 5 | Q69: 2010.3333 | R69: 0.71196539 | S69: 0.0615 | T69: 0.043785871
A70: 602.667 | B70: 4.1841 | E70: =(0.0905*EXP(0.0013*A70))/C$2 -> 0.80532079 | H70: 41455 | J70: 1947 | K70: 1.071499 | L70: 1.599 | M70: 1.7133268 | O70: 2010 | P70: 4 | Q70: 2010.25 | R70: 0.67588929 | S70: 0.0308 | T70: 0.02081739
A71: 661.333 | B71: 4.2457 | E71: =(0.0905*EXP(0.0013*A71))/C$2 -> 0.86914198 | F71: Baja | G71: 4 | H71: 41333 | J71: 1946 | K71: 1.0695413 | L71: 1.107 | M71: 1.1839822 | O71: 2010 | P71: 3 | Q71: 2010.1667 | R71: 0.66178175 | S71: 0.0308
A72: 717.667 | B72: 4.3072 | E72: =(0.0905*EXP(0.0013*A72))/C$2 -> 0.93518156 | H72: 41293 | J72: 1945 | K72: 1.44718 | L72: 1.23 | M72: 1.7800314 | O72: 2010 | P72: 2 | Q72: 2010.0833 | R72: 0.64767421 | S72: 0.123 | T72: 0.079663928
A73: 773.889 | B73: 4.3687 | E73: =(0.0905*EXP(0.0013*A73))/C$2 -> 1.0060925 | H73: 41253 | O73: 2010 | P73: 1 | Q73: 2010 | R73: 0.69620309 | S73: 0.1231 | T73: 0.0857026
A74: 830.444 | B74: 4.4302 | E74: =(0.0905*EXP(0.0013*A74))/C$2 -> 1.082849 | F74: Alta | G74: 5 | H74: 41213 | O74: 2009 | P74: 12 | Q74: 2009.9167 | R74: 0.76085967 | S74: 0.1231 | T74: 0.093661825
A75: 774.222 | B75: 4.4918 | E75: =(0.0905*EXP(0.0013*A75))/C$2 -> 1.0065281 | H75: 41151 | O75: 2009 | P75: 11 | Q75: 2009.8333 | R75: 0.84912557 | S75: 0.123 | T75: 0.10444245
A76: 690.778 | B76: 4.5533 | E76: =(0.0905*EXP(0.0013*A76))/C$2 -> 0.90305639 | H76: 41090 | O76: 2009 | P76: 10 | Q76: 2009.75 | R76: 0.9232361 | S76: 0.0616 | T76: 0.056871344
A77: 607.444 | B77: 4.6148 | E77: =(0.0905*EXP(0.0013*A77))/C$2 -> 0.81033747 | H77: 41028 | O77: 2009 | P77: 9 | Q77: 2009.6667 | R77: 0.86214019 | S77: 0.0615 | T77: 0.053021622
A78: 523.889 | B78: 4.6764 | E78: =(0.0905*EXP(0.0013*A78))/C$2 -> 0.72692935 | F78: Baja | G78: 5 | H78: 40967 | O78: 2009 | P78: 8 | Q78: 2009.5833 | R78: 0.77172579 | S78: 0.0615 | T78: 0.047461136
A79: 550 | B79: 4.7379 | E79: =(0.0905*EXP(0.0013*A79))/C$2 -> 0.75202803 | H79: 40959 | O79: 2009 | P79: 7 | Q79: 2009.5 | R79: 0.6901946 | S79: 0.0615 | T79: 0.042446968
A80: 603.333 | B80: 4.7994 | E80: =(0.0905*EXP(0.0013*A80))/C$2 -> 0.80601834 | H80: 40952 | O80: 2009 | P80: 6 | Q80: 2009.4167 | R80: 0.61745519 | S80: 0.0616 | T80: 0.03803524
A81: 656.889 | B81: 4.861 | E81: =(0.0905*EXP(0.0013*A81))/C$2 -> 0.86413525 | H81: 40944 | O81: 2009 | P81: 5 | Q81: 2009.3333 | R81: 0.59935303 | S81: 0.0615 | T81: 0.036860211
A82: 710.111 | B82: 4.9225 | E82: =(0.0905*EXP(0.0013*A82))/C$2 -> 0.92604043 | H82: 40937 | O82: 2009 | P82: 4 | Q82: 2009.25 | R82: 0.59909363 | S82: 0.0615 | T82: 0.036844258
A83: 770.333 | B83: 4.984 | E83: =(0.0905*EXP(0.0013*A83))/C$2 -> 1.0014523 | H83: 40929 | O83: 2009 | P83: 3 | Q83: 2009.1667 | R83: 0.59900719 | S83: 0.0616 | T83: 0.036898843
A84: 832.333 | B84: 5.0456 | E84: =(0.0905*EXP(0.0013*A84))/C$2 -> 1.0855114 | H84: 40922 | O84: 2009 | P84: 2 | Q84: 2009.0833 | R84: 0.59874793 | S84: 0.0615 | T84: 0.036822998
A85: 894.222 | B85: 5.1071 | E85: =(0.0905*EXP(0.0013*A85))/C$2 -> 1.1764565 | H85: 40914 | O85: 2009 | P85: 1 | Q85: 2009 | R85: 0.62391023 | S85: 0.0615 | T85: 0.038370479
A86: 956.222 | B86: 5.1686 | E86: =(0.0905*EXP(0.0013*A86))/C$2 -> 1.275205 | H86: 40907 | O86: 2008 | P86: 12 | Q86: 2008.9167 | R86: 0.66035237 | S86: 0.0616 | T86: 0.040677706
A87: 978.556 | B87: 5.2302 | E87: =(0.0905*EXP(0.0013*A87))/C$2 -> 1.3127722 | H87: 40899 | O87: 2008 | P87: 11 | Q87: 2008.8333 | R87: 0.69902394 | S87: 0.0615 | T87: 0.042989972
A88: 990.667 | B88: 5.2917 | E88: =(0.0905*EXP(0.0013*A88))/C$2 -> 1.3336045 | H88: 40892 | O88: 2008 | P88: 10 | Q88: 2008.75 | R88: 0.73963897 | S88: 0.03075 | T88: 0.022743898
A89: 1002.333 | B89: 5.3532 | E89: =(0.0905*EXP(0.0013*A89))/C$2 -> 1.3539838 | H89: 40884 | O89: 2008 | P89: 9 | Q89: 2008.6667 | R89: 0.73166003 | S89: 0.03075
A90: 1014.111 | B90: 5.4147 | E90: =(0.0905*EXP(0.0013*A90))/C$2 -> 1.3748747 | H90: 40877 | O90: 2008 | P90: 8 | Q90: 2008.5833 | R90: 0.72368108 | S90: 0.0308 | T90: 0.022289377
A91: 1026.556 | B91: 5.4763 | E91: =(0.0905*EXP(0.0013*A91))/C$2 -> 1.397299 | H91: 40869 | O91: 2008 | P91: 7 | Q91: 2008.5 | R91: 0.70519754 | S91: 0.0308
A92: 1039.333 | B92: 5.5378 | E92: =(0.0905*EXP(0.0013*A92))/C$2 -> 1.4207021 | H92: 40862 | O92: 2008 | P92: 6 | Q92: 2008.4167 | R92: 0.68671399 | S92: 0.03075 | T92: 0.021116455
A93: 1051.778 | B93: 5.5993 | E93: =(0.0905*EXP(0.0013*A93))/C$2 -> 1.4438739 | H93: 40854 | O93: 2008 | P93: 5 | Q93: 2008.3333 | R93: 0.66922165 | S93: 0.03075
A94: 1064.444 | B94: 5.6609 | E94: =(0.0905*EXP(0.0013*A94))/C$2 -> 1.4678453 | F94: Alta | G94: 6 | H94: 40847 | O94: 2008 | P94: 4 | Q94: 2008.25 | R94: 0.6517293 | S94: 0.03075 | T94: 0.020040676
A95: 1044.222 | B95: 5.7224 | E95: =(0.0905*EXP(0.0013*A95))/C$2 -> 1.4297605 | H95: 40798 | O95: 2008 | P95: 3 | Q95: 2008.1667 | R95: 0.63517273 | S95: 0.03075
A96: 1014 | B96: 5.7839 | E96: =(0.0905*EXP(0.0013*A96))/C$2 -> 1.3746763 | H96: 40749 | O96: 2008 | P96: 2 | Q96: 2008.0833 | R96: 0.61861617 | S96: 0.0615 | T96: 0.038044894
A97: 984.444 | B97: 5.8455 | E97: =(0.0905*EXP(0.0013*A97))/C$2 -> 1.3228593 | H97: 40700 | O97: 2008 | P97: 1 | Q97: 2008 | R97: 0.62662025 | S97: 0.0616 | T97: 0.038599807
A98: 954.667 | B98: 5.907 | E98: =(0.0905*EXP(0.0013*A98))/C$2 -> 1.2726297 | H98: 40651 | O98: 2007 | P98: 12 | Q98: 2007.9167 | R98: 0.65116443 | S98: 0.0615 | T98: 0.040046613
A99: 883.778 | B99: 5.9685 | E99: =(0.0905*EXP(0.0013*A99))/C$2 -> 1.1605914 | F99: Baja | G99: 6 | H99: 40602 | O99: 2007 | P99: 11 | Q99: 2007.8333 | R99: 0.67637712 | S99: 0.0615 | T99: 0.041597193
A100: 800.444 | B100: 6.0301 | E100: =(0.0905*EXP(0.0013*A100))/C$2 -> 1.0414308 | H100: 40578 | O100: 2007 | P100: 10 | Q100: 2007.75 | R100: 0.69291176 | S100: 0.1231 | T100: 0.085297437
...

Sheet VAR3-Sag
A1: HU | B1: Moving average | C1: Distancia (cm) | D1: Grosor corte (cm) | E1: Ecuación | F1: Densidad | G1: Banda | H1: Pair | I1: Fecha | K1: Year | L1: Density | M1: Extension | N1: Calcification | P1: Year | Q1: Month | R1: M.Y. | S1: Density | T1: Extension | U1: Calcification
A2: -992.889 | B2: =AVERAGE(A2:A3) -> -992.278 | C2: 0 | D2: 0.246 | F2: =(0.0905*EXP(0.0013*B2))/D$2 -> 0.10127223 | K2: 2015 | L2: 0.82357811 | M2: 0.73837 | N2: 0.60810537 | P2: 2015 | Q2: 12 | R2: 2015.9167 | S2: 0.89298771 | T2: 0.12307 | U2: 0.1099
A3: -991.667 | B3: =AVERAGE(A2:A4) -> -873.07433 | C3: 0.06153 | F3: =(0.0905*EXP(0.0013*B3))/D$2 -> 0.11824715 | K3: 2014 | L3: 0.58014103 | M3: 0.73836 | N3: 0.42835293 | P3: 2015 | Q3: 11 | R3: 2015.8333 | S3: 1.0770796 | T3: 0.12306 | U3: 0.13254541
A4: -634.667 | B4: =AVERAGE(A3:A5) -> -623.14833 | C4: 0.12306 | F4: =(0.0905*EXP(0.0013*B4))/D$2 -> 0.16364194 | K4: 2013 | L4: 0.77039062 | M4: 0.6153 | N4: 0.47402135 | P4: 2015 | Q4: 10 | R4: 2015.75 | S4: 1.18259 | T4: 0.06153 | U4: 0.07276476
A5: -243.111 | B5: =AVERAGE(A4:A6) -> -243.11133 | C5: 0.18459 | E5: y = 2E-07e2.0844x | F5: =(0.0905*EXP(0.0013*B5))/D$2 -> 0.2681989 | K5: 2012 | L5: 0.78599307 | M5: 0.6153 | N5: 0.48362153 | P5: 2015 | Q5: 9 | R5: 2015.6667 | S5: 1.0111914 | T5: 0.06153 | U5: 0.062218609
A6: 148.444 | B6: =AVERAGE(A5:A7) -> 148.40733 | C6: 0.24612 | E6: y = 0.0705e0.0015x | F6: =(0.0905*EXP(0.0013*B6))/D$2 -> 0.44617137 | K6: 2011 | L6: 0.99690064 | M6: 0.49224 | N6: 0.49071437 | P6: 2015 | Q6: 8 | R6: 2015.5833 | S6: 0.83276478 | T6: 0.030765 | U6: 0.025620009
A7: 539.889 | B7: =AVERAGE(A6:A8) -> 407.51833 | C7: 0.30766 | E7: y = 0.0905e0.0013x | F7: =(0.0905*EXP(0.0013*B7))/D$2 -> 0.62487237 | K7: 2010 | L7: 0.85682386 | M7: 0.73836 | N7: 0.63264447 | P7: 2015 | Q7: 7 | R7: 2015.5 | S7: 0.74218421 | T7: 0.030765
A8: 534.222 | B8: =AVERAGE(A7:A9) -> 520.44433 | C8: 0.36919 | F8: =(0.0905*EXP(0.0013*B8))/D$2 -> 0.72368139 | K8: 2009 | L8: 0.81481624 | M8: 0.67683 | N8: 0.55149208 | P8: 2015 | Q8: 6 | R8: 2015.4167 | S8: 0.65160364 | T8: 0.06153 | U8: 0.040093172
A9: 487.222 | B9: =AVERAGE(A8:A10) -> 487.296 | C9: 0.43072 | F9: =(0.0905*EXP(0.0013*B9))/D$2 -> 0.6931583 | K9: 2008 | L9: 0.71582633 | M9: 0.6153 | N9: 0.44044794 | P9: 2015 | Q9: 5 | R9: 2015.3333 | S9: 0.60740049 | T9: 0.06153 | U9: 0.037373352
A10: 440.444 | B10: =AVERAGE(A9:A11) -> 440.44433 | C10: 0.49225 | F10: =(0.0905*EXP(0.0013*B10))/D$2 -> 0.65219998 | K10: 2007 | L10: 0.68420154 | M10: 0.6153 | N10: 0.42098921 | P10: 2015 | Q10: 4 | R10: 2015.25 | S10: 0.56644138 | T10: 0.030765 | U10: 0.017426569
A11: 393.667 | B11: =AVERAGE(A10:A12) -> 395.963 | C11: 0.55378 | F11: =(0.0905*EXP(0.0013*B11))/D$2 -> 0.61555573 | K11: 2006 | L11: 0.67755301 | M11: 0.67683 | N11: 0.45858821 | P11: 2015 | Q11: 3 | R11: 2015.1667 | S11: 0.55568713 | T11: 0.030765
A12: 353.778 | B12: =AVERAGE(A11:A13) -> 354.18533 | C12: 0.61531 | F12: =(0.0905*EXP(0.0013*B12))/D$2 -> 0.58301594 | K12: 2005 | L12: 1.0003059 | M12: 0.98448 | N12: 0.98478117 | P12: 2015 | Q12: 2 | R12: 2015.0833 | S12: 0.54493288 | T12: 0.06153 | U12: 0.03352972
A13: 315.111 | B13: =AVERAGE(A12:A14) -> 315.037 | C13: 0.67684 | F13: =(0.0905*EXP(0.0013*B13))/D$2 -> 0.55408699 | K13: 2004 | L13: 0.80676533 | M13: 0.43071 | N13: 0.3474819 | P13: 2015 | Q13: 1 | R13: 2015 | S13: 0.54587825 | T13: 0.06153 | U13: 0.033587889
A14: 276.222 | B14: =AVERAGE(A13:A15) -> 276.259 | C14: 0.73837 | F14: =(0.0905*EXP(0.0013*B14))/D$2 -> 0.52684706 | K14: 2003 | L14: 0.52945631 | M14: 1.10754 | N14: 0.58639404 | P14: 2014 | Q14: 12 | R14: 2014.9167 | S14: 0.5650795 | T14: 0.06153 | U14: 0.034769342
A15: 237.444 | B15: =AVERAGE(A14:A16) -> 274.148 | C15: 0.79991 | F15: =(0.0905*EXP(0.0013*B15))/D$2 -> 0.52540321 | K15: 2002 | L15: 0.50029425 | M15: 1.2306 | N15: 0.6156621 | P15: 2014 | Q15: 11 | R15: 2014.8333 | S15: 0.59095747 | T15: 0.06153 | U15: 0.036361613
A16: 308.778 | B16: =AVERAGE(A15:A17) -> 313.185 | C16: 0.86144 | F16: =(0.0905*EXP(0.0013*B16))/D$2 -> 0.55275457 | K16: 2001 | L16: 0.53860149 | M16: 0.79989 | N16: 0.43082195 | P16: 2014 | Q16: 10 | R16: 2014.75 | S16: 0.60742971 | T16: 0.06153 | U16: 0.03737515
A17: 393.333 | B17: =AVERAGE(A16:A18) -> 393.22233 | C17: 0.92297 | F17: =(0.0905*EXP(0.0013*B17))/D$2 -> 0.61336649 | K17: 2000 | L17: 0.81153847 | M17: 0.67683 | N17: 0.54927358 | P17: 2014 | Q17: 9 | R17: 2014.6667 | S17: 0.60675729 | T17: 0.030765 | U17: 0.018666888
A18: 477.556 | B18: =AVERAGE(A17:A19) -> 477.66667 | C18: 0.9845 | F18: =(0.0905*EXP(0.0013*B18))/D$2 -> 0.68453533 | K18: 1999 | L18: 0.74117319 | M18: 1.2306 | N18: 0.91208772 | P18: 2014 | Q18: 8 | R18: 2014.5833 | S18: 0.59982632 | T18: 0.030765
A19: 562.111 | B19: =AVERAGE(A18:A20) -> 522.62967 | C19: 1.04603 | F19: =(0.0905*EXP(0.0013*B19))/D$2 -> 0.72574024 | K19: 1998 | L19: 0.6658435 | M19: 0.6153 | N19: 0.40969351 | P19: 2014 | Q19: 7 | R19: 2014.5 | S19: 0.59289534 | T19: 0.06153 | U19: 0.03648085
A20: 528.222 | B20: =AVERAGE(A19:A21) -> 523.259 | C20: 1.10756 | F20: =(0.0905*EXP(0.0013*B20))/D$2 -> 0.72633424 | G20: Alta | H20: 1 | I20: 42674 | K20: 1997 | L20: 0.73821278 | M20: 1.16907 | N20: 0.86302242 | P20: 2014 | Q20: 6 | R20: 2014.4167 | S20: 0.57520854 | T20: 0.030765 | U20: 0.017696291
A21: 479.444 | B21: =AVERAGE(A20:A22) -> 479.44433 | C21: 1.16909 | F21: =(0.0905*EXP(0.0013*B21))/D$2 -> 0.6861191 | I21: 42633 | K21: 1996 | L21: 0.88393918 | M21: 0.67683 | N21: 0.59827655 | P21: 2014 | Q21: 5 | R21: 2014.3333 | S21: 0.56920688 | T21: 0.030765
A22: 430.667 | B22: =AVERAGE(A21:A23) -> 430.74067 | C22: 1.23062 | F22: =(0.0905*EXP(0.0013*B22))/D$2 -> 0.6440243 | I22: 42592 | K22: 1995 | L22: 0.84581895 | M22: 0.73836 | N22: 0.62451888 | P22: 2014 | Q22: 4 | R22: 2014.25 | S22: 0.56320521 | T22: 0.030765 | U22: 0.017327008
A23: 382.111 | B23: =AVERAGE(A22:A24) -> 391 | C23: 1.29216 | F23: =(0.0905*EXP(0.0013*B23))/D$2 -> 0.61159702 | I23: 42551 | K23: 1994 | L23: 0.87654609 | M23: 0.67683 | N23: 0.59327269 | P23: 2014 | Q23: 3 | R23: 2014.1667 | S23: 0.5616267 | T23: 0.030765
A24: 360.222 | B24: =AVERAGE(A23:A25) -> 361.51833 | C24: 1.35369 | F24: =(0.0905*EXP(0.0013*B24))/D$2 -> 0.58860035 | I24: 42510 | K24: 1993 | L24: 0.97842141 | M24: 0.79989 | N24: 0.7826295 | P24: 2014 | Q24: 2 | R24: 2014.0833 | S24: 0.56004819 | T24: 0.18459 | U24: 0.1033793
A25: 342.222 | B25: =AVERAGE(A24:A26) -> 342.185 | C25: 1.41522 | F25: =(0.0905*EXP(0.0013*B25))/D$2 -> 0.57399122 | I25: 42469 | K25: 1992 | L25: 0.81360199 | M25: 1.04601 | N25: 0.85103582 | P25: 2014 | Q25: 1 | R25: 2014 | S25: 0.59000737 | T25: 0.12306 | U25: 0.072606307
A26: 324.111 | B26: =AVERAGE(A25:A27) -> 324.111 | C26: 1.47675 | F26: =(0.0905*EXP(0.0013*B26))/D$2 -> 0.56066181 | G26: Baja | H26: 1 | I26: 42428 | K26: 1991 | L26: 0.54568434 | M26: 0.79989 | N26: 0.43648745 | P26: 2013 | Q26: 12 | R26: 2013.9167 | S26: 0.69443161 | T26: 0.12306 | U26: 0.085456754
A27: 306 | B27: =AVERAGE(A26:A28) -> 344.77767 | C27: 1.53828 | F27: =(0.0905*EXP(0.0013*B27))/D$2 -> 0.5759291 | I27: 42413 | K27: 1990 | L27: 0.65199414 | M27: 0.92295 | N27: 0.60175799 | P27: 2013 | Q27: 11 | R27: 2013.8333 | S27: 0.84507455 | T27: 0.12306 | U27: 0.10399487
A28: 404.222 | B28: =AVERAGE(A27:A29) -> 409.59267 | C28: 1.59981 | F28: =(0.0905*EXP(0.0013*B28))/D$2 -> 0.6265597 | I28: 42398 | K28: 1989 | L28: 0.72755584 | M28: 1.04601 | N28: 0.76103069 | P28: 2013 | Q28: 10 | R28: 2013.75 | S28: 0.87683418 | T28: 0.030765 | U28: 0.026975803
A29: 518.556 | B29: =AVERAGE(A28:A30) -> 518.62967 | C29: 1.66134 | F29: =(0.0905*EXP(0.0013*B29))/D$2 -> 0.72197619 | I29: 42383 | K29: 1988 | L29: 0.77054005 | M29: 1.04601 | N29: 0.8059926 | P29: 2013 | Q29: 9 | R29: 2013.6667 | S29: 0.85234098 | T29: 0.030765
A30: 633.111 | B30: =AVERAGE(A29:A31) -> 633.14833 | C30: 1.72287 | F30: =(0.0905*EXP(0.0013*B30))/D$2 -> 0.83787291 | I30: 42368 | K30: 1987 | L30: 0.79070165 | M30: 0.86142 | N30: 0.68112622 | P30: 2013 | Q30: 8 | R30: 2013.5833 | S30: 0.82784778 | T30: 0.030765 | U30: 0.025468737
A31: 747.778 | B31: =AVERAGE(A30:A32) -> 728.22233 | C31: 1.7844 | F31: =(0.0905*EXP(0.0013*B31))/D$2 -> 0.94810251 | I31: 42353 | K31: 1986 | L31: 0.73789522 | M31: 1.16907 | N31: 0.86265116 | P31: 2013 | Q31: 7 | R31: 2013.5 | S31: 0.79480303 | T31: 0.030765
A32: 803.778 | B32: =AVERAGE(A31:A33) -> 800.852 | C32: 1.84594 | F32: =(0.0905*EXP(0.0013*B32))/D$2 -> 1.0419833 | I32: 42338 | K32: 1985 | L32: 0.73265961 | M32: 0.73836 | N32: 0.54096655 | P32: 2013 | Q32: 6 | R32: 2013.4167 | S32: 0.76175828 | T32: 0.030765 | U32: 0.023435494
A33: 851 | B33: =AVERAGE(A32:A34) -> 851 | C33: 1.90747 | F33: =(0.0905*EXP(0.0013*B33))/D$2 -> 1.1121758 | I33: 42323 | K33: 1984 | L33: 0.80611083 | M33: 1.16907 | N33: 0.94239999 | P33: 2013 | Q33: 5 | R33: 2013.3333 | S33: 0.73870055 | T33: 0.030765
A34: 898.222 | B34: =AVERAGE(A33:A35) -> 898.222 | C34: 1.969 | F34: =(0.0905*EXP(0.0013*B34))/D$2 -> 1.18259 | G34: Alta | H34: 2 | I34: 42308 | K34: 1983 | L34: 0.69569003 | M34: 1.41519 | N34: 0.98453357 | P34: 2013 | Q34: 4 | R34: 2013.25 | S34: 0.71564282 | T34: 0.030765 | U34: 0.022016751
A35: 945.444 | B35: =AVERAGE(A34:A36) -> 777.77767 | C35: 2.03053 | F35: =(0.0905*EXP(0.0013*B35))/D$2 -> 1.0111914 | I35: 42267 | K35: 1982 | L35: 0.6580415 | M35: 0.79989 | N35: 0.52636081 | P35: 2013 | Q35: 3 | R35: 2013.1667 | S35: 0.71137851 | T35: 0.030765
A36: 489.667 | B36: =AVERAGE(A35:A37) -> 628.44433 | C36: 2.09206 | F36: =(0.0905*EXP(0.0013*B36))/D$2 -> 0.83276478 | I36: 42226 | K36: 1981 | L36: 0.54744669 | M36: 1.41519 | N36: 0.77474107 | P36: 2013 | Q36: 2 | R36: 2013.0833 | S36: 0.70711419 | T36: 0.06153 | U36: 0.043508736
A37: 450.222 | B37: =AVERAGE(A36:A38) -> 439.74067 | C37: 2.15359 | F37: =(0.0905*EXP(0.0013*B37))/D$2 -> 0.65160364 | I37: 42185 | K37: 1980 | L37: 0.57956351 | M37: 0.92295 | N37: 0.53490814 | P37: 2013 | Q37: 1 | R37: 2013 | S37: 0.73569666 | T37: 0.06153 | U37: 0.045267416
A38: 379.333 | B38: =AVERAGE(A37:A39) -> 385.70367 | C38: 2.21512 | F38: =(0.0905*EXP(0.0013*B38))/D$2 -> 0.60740049 | I38: 42144 | K38: 1979 | L38: 1.117295 | M38: 0.73836 | N38: 0.82496595 | P38: 2012 | Q38: 12 | R38: 2012.9167 | S38: 0.78658086 | T38: 0.06153 | U38: 0.04839832
A39: 327.556 | B39: =AVERAGE(A38:A40) -> 332 | C39: 2.27665 | F39: =(0.0905*EXP(0.0013*B39))/D$2 -> 0.56644138 | I39: 42103 | K39: 1978 | L39: 0.55011982 | M39: 0.98448 | N39: 0.54158196 | P39: 2012 | Q39: 11 | R39: 2012.8333 | S39: 0.83124224 | T39: 0.06153 | U39: 0.051146335
A40: 289.111 | B40: =AVERAGE(A39:A41) -> 302.22233 | C40: 2.33818 | F40: =(0.0905*EXP(0.0013*B40))/D$2 -> 0.54493288 | G40: Baja | H40: 2 | I40: 42063 | K40: 1977 | L40: 0.76381988 | M40: 0.86142 | N40: 0.65796972 | P40: 2012 | Q40: 10 | R40: 2012.75 | S40: 0.84887683 | T40: 0.030765 | U40: 0.026115696
A41: 290 | B41: =AVERAGE(A40:A42) -> 303.55567 | C41: 2.39971 | F41: =(0.0905*EXP(0.0013*B41))/D$2 -> 0.54587825 | I41: 42033 | K41: 1976 | L41: 0.5778898 | M41: 0.92295 | N41: 0.53336339 | P41: 2012 | Q41: 9 | R41: 2012.6667 | S41: 0.84036005 | T41: 0.030765
A42: 331.556 | B42: =AVERAGE(A41:A43) -> 330.14833 | C42: 2.46124 | F42: =(0.0905*EXP(0.0013*B42))/D$2 -> 0.5650795 | I42: 42003 | K42: 1975 | L42: 0.61361473 | M42: 0.92295 | N42: 0.56633572 | P42: 2012 | Q42: 8 | R42: 2012.5833 | S42: 0.83184328 | T42: 0.030765 | U42: 0.025591659
A43: 368.889 | B43: =AVERAGE(A42:A44) -> 364.59267 | C43: 2.52277 | F43: =(0.0905*EXP(0.0013*B43))/D$2 -> 0.59095747 | I43: 41973 | K43: 1974 | L43: 0.62937755 | M43: 0.73836 | N43: 0.46470721 | P43: 2012 | Q43: 7 | R43: 2012.5 | S43: 0.81139598 | T43: 0.030765
A44: 393.333 | B44: =AVERAGE(A43:A45) -> 385.74067 | C44: 2.5843 | F44: =(0.0905*EXP(0.0013*B44))/D$2 -> 0.60742971 | G44: Alta | H44: 3 | I44: 41943 | K44: 1973 | L44: 0.77973756 | M44: 0.92295 | N44: 0.71965878 | P44: 2012 | Q44: 6 | R44: 2012.4167 | S44: 0.79094869 | T44: 0.030765 | U44: 0.024333536
A45: 395 | B45: =AVERAGE(A44:A46) -> 384.88867 | C45: 2.64583 | F45: =(0.0905*EXP(0.0013*B45))/D$2 -> 0.60675729 | I45: 41894 | K45: 1972 | L45: 0.76467934 | M45: 0.79989 | N45: 0.61165936 | P45: 2012 | Q45: 5 | R45: 2012.3333 | S45: 0.76869266 | T45: 0.030765
A46: 366.333 | B46: =AVERAGE(A45:A47) -> 367.111 | C46: 2.70736 | F46: =(0.0905*EXP(0.0013*B46))/D$2 -> 0.59289534 | I46: 41845 | K46: 1971 | L46: 0.60565437 | M46: 0.73836 | N46: 0.44719096 | P46: 2012 | Q46: 4 | R46: 2012.25 | S46: 0.74643663 | T46: 0.030765 | U46: 0.022964123
A47: 340 | B47: =AVERAGE(A46:A48) -> 343.81467 | C47: 2.76889 | F47: =(0.0905*EXP(0.0013*B47))/D$2 -> 0.57520854 | I47: 41796 | K47: 1970 | L47: 0.93510342 | M47: 0.79989 | N47: 0.74797987 | P47: 2012 | Q47: 3 | R47: 2012.1667 | S47: 0.73294066 | T47: 0.030765
A48: 325.111 | B48: =AVERAGE(A47:A49) -> 327.59267 | C48: 2.83042 | F48: =(0.0905*EXP(0.0013*B48))/D$2 -> 0.56320521 | I48: 41747 | K48: 1969 | L48: 1.0009819 | M48: 0.55377 | N48: 0.55431373 | P48: 2012 | Q48: 2 | R48: 2012.0833 | S48: 0.71944468 | T48: 0.12306 | U48: 0.088534862
A49: 317.667 | B49: =AVERAGE(A48:A50) -> 320.22233 | C49: 2.89195 | F49: =(0.0905*EXP(0.0013*B49))/D$2 -> 0.55783467 | G49: Baja | H49: 3 | I49: 41698 | K49: 1968 | L49: 0.94002458 | M49: 0.98448 | N49: 0.9254354 | P49: 2012 | Q49: 1 | R49: 2012 | S49: 0.79255638 | T49: 0.12306 | U49: 0.097531988
A50: 317.889 | B50: =AVERAGE(A49:A51) -> 320.963 | C50: 2.95348 | F50: =(0.0905*EXP(0.0013*B50))/D$2 -> 0.55837205 | I50: 41684 | K50: 1967 | L50: 0.89317713 | M50: 0.67683 | N50: 0.60452908 | P50: 2011 | Q50: 12 | R50: 2011.9167 | S50: 0.92906455 | T50: 0.12306 | U50: 0.11433068
A51: 327.333 | B51: =AVERAGE(A50:A52) -> 328.59267 | C51: 3.01501 | F51: =(0.0905*EXP(0.0013*B51))/D$2 -> 0.56393786 | I51: 41671 | K51: 1966 | L51: 0.90067345 | M51: 0.86142 | N51: 0.77585812 | P51: 2011 | Q51: 11 | R51: 2011.8333 | S51: 0.99434198 | T51: 0.06153 | U51: 0.061181862
A52: 340.556 | B52: =AVERAGE(A51:A53) -> 344.51867 | C52: 3.07654 | F52: =(0.0905*EXP(0.0013*B52))/D$2 -> 0.57573522 | I52: 41658 | K52: 1965 | L52: 0.6859401 | M52: 0.98448 | N52: 0.67529431 | P52: 2011 | Q52: 10 | R52: 2011.75 | S52: 1.0088088 | T52: 0.030765 | U52: 0.031036002
A53: 365.667 | B53: =AVERAGE(A52:A54) -> 381.741 | C53: 3.13807 | F53: =(0.0905*EXP(0.0013*B53))/D$2 -> 0.60427953 | I53: 41644 | K53: 1964 | L53: 0.6727962 | M53: 0.86142 | N53: 0.57956011 | P53: 2011 | Q53: 9 | R53: 2011.6667 | S53: 1.011097 | T53: 0.030765
A54: 439 | B54: =AVERAGE(A53:A55) -> 445.44467 | C54: 3.1996 | F54: =(0.0905*EXP(0.0013*B54))/D$2 -> 0.65645337 | I54: 41631 | K54: 1963 | L54: 0.82999247 | M54: 0.92295 | N54: 0.76604155 | P54: 2011 | Q54: 8 | R54: 2011.5833 | S54: 1.0133852 | T54: 0.010255 | U54: 0.031176795
A55: 531.667 | B55: =AVERAGE(A54:A56) -> 529.66667 | C55: 3.26113 | F55: =(0.0905*EXP(0.0013*B55))/D$2 -> 0.73240985 | I55: 41618 | K55: 1962 | L55: 0.95645492 | M55: 0.98448 | N55: 0.94161074 | P55: 2011 | Q55: 7 | R55: 2011.5 | S55: 1.0148357 | T55: 0.010255
A56: 618.333 | B56: =AVERAGE(A55:A57) -> 613.40733 | C56: 3.32266 | F56: =(0.0905*EXP(0.0013*B56))/D$2 -> 0.81664389 | I56: 41604 | K56: 1961 | L56: 0.94911469 | M56: 0.55377 | N56: 0.52559124 | P56: 2011 | Q56: 6 | R56: 2011.4167 | S56: 1.0162862 | T56: 0.010255
A57: 690.222 | B57: =AVERAGE(A56:A58) -> 665.185 | C57: 3.38419 | F57: =(0.0905*EXP(0.0013*B57))/D$2 -> 0.87350521 | I57: 41591 | K57: 1960 | L57: 0.96404853 | M57: 1.16907 | N57: 1.1270402 | P57: 2011 | Q57: 5 | R57: 2011.3333 | S57: 1.0177366 | T57: 0.010255 | U57: 0.031310668
A58: 687 | B58: =AVERAGE(A57:A59) -> 668.111 | C58: 3.44572 | F58: =(0.0905*EXP(0.0013*B58))/D$2 -> 0.87683418 | G58: Alta | H58: 4 | I58: 41578 | K58: 1959 | L58: 0.76839983 | M58: 1.04601 | N58: 0.80375391 | P58: 2011 | Q58: 4 | R58: 2011.25 | S58: 1.0215804 | T58: 0.010255
A59: 627.111 | B59: =AVERAGE(A58:A60) -> 623.889 | C59: 3.50725 | F59: =(0.0905*EXP(0.0013*B59))/D$2 -> 0.82784778 | I59: 41516 | K59: 1958 | L59: 0.75605255 | M59: 1.04601 | N59: 0.79083853 | P59: 2011 | Q59: 3 | R59: 2011.1667 | S59: 1.0254242 | T59: 0.010255
A60: 557.556 | B60: =AVERAGE(A59:A61) -> 559.889 | C60: 3.56878 | F60: =(0.0905*EXP(0.0013*B60))/D$2 -> 0.76175828 | I60: 41455 | K60: 1957 | L60: 0.93571131 | M60: 0.79989 | N60: 0.74846612 | P60: 2011 | Q60: 2 | R60: 2011.0833 | S60: 1.029268 | T60: 0.06153 | U60: 0.063330859
A61: 495 | B61: =AVERAGE(A60:A62) -> 511.852 | C61: 3.63031 | F61: =(0.0905*EXP(0.0013*B61))/D$2 -> 0.71564282 | I61: 41394 | K61: 1956 | L61: 1.0880038 | M61: 0.79989 | N61: 0.87028339 | P61: 2011 | Q61: 1 | R61: 2011 | S61: 1.0535355 | T61: 0.06153 | U61: 0.064824039
A62: 483 | B62: =AVERAGE(A61:A63) -> 502.62967 | C62: 3.69184 | F62: =(0.0905*EXP(0.0013*B62))/D$2 -> 0.70711419 | G62: Baja | H62: 4 | I62: 41333 | K62: 1955 | L62: 0.84558257 | M62: 0.98448 | N62: 0.83245913 | P62: 2010 | Q62: 12 | R62: 2010.9167 | S62: 1.0876048 | T62: 0.030765 | U62: 0.033460161
A63: 529.889 | B63: =AVERAGE(A62:A64) -> 533.111 | C63: 3.75337 | F63: =(0.0905*EXP(0.0013*B63))/D$2 -> 0.73569666 | I63: 41303 | K63: 1954 | L63: 1.0440937 | M63: 0.79989 | N63: 0.83516014 | P63: 2010 | Q63: 11 | R63: 2010.8333 | S63: 1.1004262 | T63: 0.030765
A64: 586.444 | B64: =AVERAGE(A63:A65) -> 584.55533 | C64: 3.8149 | F64: =(0.0905*EXP(0.0013*B64))/D$2 -> 0.78658086 | I64: 41273 | K64: 1953 | L64: 0.94666924 | M64: 0.86142 | N64: 0.81547982 | P64: 2010 | Q64: 10 | R64: 2010.75 | S64: 1.1132477 | T64: 0.06153 | U64: 0.068498132
A65: 637.333 | B65: =AVERAGE(A64:A66) -> 627.03667 | C65: 3.87643 | F65: =(0.0905*EXP(0.0013*B65))/D$2 -> 0.83124224 | I65: 41243 | K65: 1952 | L65: 1.0094669 | M65: 0.86142 | N65: 0.86957497 | P65: 2010 | Q65: 9 | R65: 2010.6667 | S65: 1.1099294 | T65: 0.06153 | U65: 0.068293954
A66: 657.333 | B66: =AVERAGE(A65:A67) -> 643.185 | C66: 3.93796 | F66: =(0.0905*EXP(0.0013*B66))/D$2 -> 0.84887683 | G66: Alta | H66: 5 | I66: 41213 | K66: 1951 | L66: 0.83547416 | M66: 1.41519 | N66: 1.1823547 | P66: 2010 | Q66: 8 | R66: 2010.5833 | S66: 1.0701 | T66: 0.06153 | U66: 0.065843252
A67: 634.889 | B67: =AVERAGE(A66:A68) -> 627.59267 | C67: 3.99949 | F67: =(0.0905*EXP(0.0013*B67))/D$2 -> 0.83184328 | I67: 41151 | K67: 1950 | L67: 0.97167096 | M67: 0.86142 | N67: 0.8370168 | P67: 2010 | Q67: 7 | R67: 2010.5 | S67: 0.99597119 | T67: 0.06153 | U67: 0.061282107
A68: 590.556 | B68: =AVERAGE(A67:A69) -> 588.815 | C68: 4.06102 | F68: =(0.0905*EXP(0.0013*B68))/D$2 -> 0.79094869 | I68: 41090 | K68: 1949 | L68: 0.865829 | M68: 1.29213 | N68: 1.1187636 | P68: 2010 | Q68: 6 | R68: 2010.4167 | S68: 0.89980097 | T68: 0.06153 | U68: 0.055364754
A69: 541 | B69: =AVERAGE(A68:A70) -> 544.25933 | C69: 4.12255 | F69: =(0.0905*EXP(0.0013*B69))/D$2 -> 0.74643663 | I69: 41028 | K69: 1948 | L69: 0.58137742 | M69: 1.53825 | N69: 0.89430381 | P69: 2010 | Q69: 5 | R69: 2010.3333 | S69: 0.79576135 | T69: 0.06153 | U69: 0.048963196
A70: 501.222 | B70: =AVERAGE(A69:A71) -> 514.29633 | C70: 4.18408 | F70: =(0.0905*EXP(0.0013*B70))/D$2 -> 0.71792049 | G70: Baja | H70: 5 | I70: 40967 | K70: 1947 | L70: 0.78379715 | M70: 1.41519 | N70: 1.1092219 | P70: 2010 | Q70: 4 | R70: 2010.25 | S70: 0.70020265 | T70: 0.06153 | U70: 0.043083469
A71: 500.667 | B71: =AVERAGE(A70:A72) -> 517.55567 | C71: 4.24561 | F71: =(0.0905*EXP(0.0013*B71))/D$2 -> 0.72096887 | I71: 40949 | K71: 1946 | L71: 0.70784824 | M71: 1.16907 | N71: 0.82752414 | P71: 2010 | Q71: 3 | R71: 2010.1667 | S71: 0.62949287 | T71: 0.06153 | U71: 0.038732696
A72: 550.778 | B72: =AVERAGE(A71:A73) -> 557.51867 | C72: 4.30714 | F72: =(0.0905*EXP(0.0013*B72))/D$2 -> 0.75941459 | I72: 40932 | K72: 1945 | L72: 0.8086815 | M72: 0.92295 | N72: 0.74637259 | P72: 2010 | Q72: 2 | R72: 2010.0833 | S72: 0.60387399 | T72: 0.12306 | U72: 0.074312733
A73: 621.111 | B73: =AVERAGE(A72:A74) -> 621.889 | C73: 4.36867 | F73: =(0.0905*EXP(0.0013*B73))/D$2 -> 0.82569817 | I73: 40915 | K73: 1944 | L73: 0.87292339 | M73: 1.47672 | N73: 1.2890634 | P73: 2010 | Q73: 1 | R73: 2010 | S73: 0.67202754 | T73: 0.06153 | U73: 0.041349855
A74: 693.778 | B74: =AVERAGE(A73:A75) -> 687.51867 | C74: 4.4302 | F74: =(0.0905*EXP(0.0013*B74))/D$2 -> 0.89923811 | I74: 40898 | K74: 1943 | L74: 0.76643442 | M74: 1.10754 | N74: 0.84885678 | P74: 2009 | Q74: 12 | R74: 2009.9167 | S74: 0.81556344 | T74: 0.12306 | U74: 0.10036324
A75: 747.667 | B75: =AVERAGE(A74:A76) -> 736.926 | C75: 4.49173 | F75: =(0.0905*EXP(0.0013*B75))/D$2 -> 0.95889099 | I75: 40881 | K75: 1942 | L75: 0.95986597 | M75: 0.92295 | N75: 0.8859083 | P75: 2009 | Q75: 11 | R75: 2009.8333 | S75: 0.93185556 | T75: 0.06153 | U75: 0.057337073
A76: 769.333 | B76: =AVERAGE(A75:A77) -> 764.852 | C76: 4.55326 | F76: =(0.0905*EXP(0.0013*B76))/D$2 -> 0.99434198 | I76: 40864 | P76: 2009 | Q76: 10 | R76: 2009.75 | S76: 0.94327632 | T76: 0.06153 | U76: 0.058039792
A77: 777.556 | B77: =AVERAGE(A76:A78) -> 775.963 | C77: 4.61479 | F77: =(0.0905*EXP(0.0013*B77))/D$2 -> 1.0088088 | G77: Alta | H77: 6 | I77: 40847 | P77: 2009 | Q77: 9 | R77: 2009.6667 | S77: 0.90431811 | T77: 0.030765 | U77: 0.027821347
A78: 781 | B78: =AVERAGE(A77:A79) -> 779.44467 | C78: 4.67632 | F78: =(0.0905*EXP(0.0013*B78))/D$2 -> 1.0133852 | I78: 40765 | P78: 2009 | Q78: 8 | R78: 2009.5833 | S78: 0.87315795 | T78: 0.030765
A79: 779.778 | B79: =AVERAGE(A78:A80) -> 782.74067 | C79: 4.73785 | F79: =(0.0905*EXP(0.0013*B79))/D$2 -> 1.0177366 | I79: 40683 | P79: 2009 | Q79: 7 | R79: 2009.5 | S79: 0.84199779 | T79: 0.06153 | U79: 0.051808124
A80: 787.444 | B80: =AVERAGE(A79:A81) -> 791.40733 | C80: 4.79938 | F80: =(0.0905*EXP(0.0013*B80))/D$2 -> 1.029268 | G80: Baja | H80: 6 | I80: 40602 | P80: 2009 | Q80: 6 | R80: 2009.4167 | S80: 0.78291607 | T80: 0.030765 | U80: 0.024086413
A81: 807 | B81: =AVERAGE(A80:A82) -> 809.33333 | C81: 4.86091 | F81: =(0.0905*EXP(0.0013*B81))/D$2 -> 1.0535355 | I81: 40562 | P81: 2009 | Q81: 5 | R81: 2009.3333 | S81: 0.76211548 | T81: 0.030765
A82: 833.556 | B82: =AVERAGE(A81:A83) -> 833.815 | C82: 4.92244 | F82: =(0.0905*EXP(0.0013*B82))/D$2 -> 1.0876048 | I82: 40522 | P82: 2009 | Q82: 4 | R82: 2009.25 | S82: 0.74131489 | T82: 0.030765 | U82: 0.022806553
A83: 860.889 | B83: =AVERAGE(A82:A84) -> 851.741 | C83: 4.98397 | F83: =(0.0905*EXP(0.0013*B83))/D$2 -> 1.1132477 | G83: Alta | H83: 7 | I83: 40482 | P83: 2009 | Q83: 3 | R83: 2009.1667 | S83: 0.73221964 | T83: 0.030765
A84: 860.778 | B84: =AVERAGE(A83:A85) -> 849.44467 | C84: 5.0455 | F84: =(0.0905*EXP(0.0013*B84))/D$2 -> 1.1099294 | I84: 40451 | P84: 2009 | Q84: 2 | R84: 2009.0833 | S84: 0.72312438 | T84: 0.12306 | U84: 0.088987686
A85: 826.667 | B85: =AVERAGE(A84:A86) -> 821.33367 | C85: 5.10703 | F85: =(0.0905*EXP(0.0013*B85))/D$2 -> 1.0701 | I85: 40420 | P85: 2009 | Q85: 1 | R85: 2009 | S85: 0.73992428 | T85: 0.06153 | U85: 0.045527541
A86: 776.556 | B86: =AVERAGE(A85:A87) -> 766.11133 | C86: 5.16856 | F86: =(0.0905*EXP(0.0013*B86))/D$2 -> 0.99597119 | I86: 40390 | P86: 2008 | Q86: 12 | R86: 2008.9167 | S86: 0.76764938 | T86: 0.06153 | U86: 0.047233466
A87: 695.111 | B87: =AVERAGE(A86:A88) -> 688 | C87: 5.23009 | F87: =(0.0905*EXP(0.0013*B87))/D$2 -> 0.89980097 | I87: 40359 | P87: 2008 | Q87: 11 | R87: 2008.8333 | S87: 0.79656659 | T87: 0.06153 | U87: 0.049012742
A88: 592.333 | B88: =AVERAGE(A87:A89) -> 593.48133 | C88: 5.29162 | F88: =(0.0905*EXP(0.0013*B88))/D$2 -> 0.79576135 | I88: 40328 | P88: 2008 | Q88: 10 | R88: 2008.75 | S88: 0.8103768 | T88: 0.06153 | U88: 0.049862485
A89: 493 | B89: =AVERAGE(A88:A90) -> 495.074 | C89: 5.35315 | F89: =(0.0905*EXP(0.0013*B89))/D$2 -> 0.70020265 | I89: 40298 | P89: 2008 | Q89: 9 | R89: 2008.6667 | S89: 0.79380959 | T89: 0.030765 | U89: 0.024421552
A90: 399.889 | B90: =AVERAGE(A89:A91) -> 413.18533 | C90: 5.41468 | F90: =(0.0905*EXP(0.0013*B90))/D$2 -> 0.62949287 | I90: 40267 | P90: 2008 | Q90: 8 | R90: 2008.5833 | S90: 0.7705725 | T90: 0.030765
A91: 346.667 | B91: =AVERAGE(A90:A92) -> 371.741 | C91: 5.47621 | F91: =(0.0905*EXP(0.0013*B91))/D$2 -> 0.59647474 | G91: Baja | H91: 7 | I91: 40237 | P91: 2008 | Q91: 7 | R91: 2008.5 | S91: 0.74733541 | T91: 0.06153 | U91: 0.045983548
A92: 368.667 | B92: =AVERAGE(A91:A93) -> 390.59267 | C92: 5.53774 | F92: =(0.0905*EXP(0.0013*B92))/D$2 -> 0.61127324 | I92: 40217 | P92: 2008 | Q92: 6 | R92: 2008.4167 | S92: 0.68780607 | T92: 0.030765 | U92: 0.021160354
A93: 456.444 | B93: =AVERAGE(A92:A94) -> 463.48133 | C93: 5.59927 | F93: =(0.0905*EXP(0.0013*B93))/D$2 -> 0.67202754 | I93: 40197 | P93: 2008 | Q93: 5 | R93: 2008.3333 | S93: 0.66338253 | T93: 0.030765
A94: 565.333 | B94: =AVERAGE(A93:A95) -> 564.111 | C94: 5.6608 | F94: =(0.0905*EXP(0.0013*B94))/D$2 -> 0.76595077 | I94: 40177 | P94: 2008 | Q94: 4 | R94: 2008.25 | S94: 0.63895898 | T94: 0.030765 | U94: 0.019657573
A95: 670.556 | B95: =AVERAGE(A94:A96) -> 657.815 | C95: 5.72233 | F95: =(0.0905*EXP(0.0013*B95))/D$2 -> 0.86517612 | I95: 40157 | P95: 2008 | Q95: 3 | R95: 2008.1667 | S95: 0.63095372 | T95: 0.030765
A96: 737.556 | B96: =AVERAGE(A95:A97) -> 714.92633 | C96: 5.78386 | F96: =(0.0905*EXP(0.0013*B96))/D$2 -> 0.93185556 | I96: 40137 | P96: 2008 | Q96: 2 | R96: 2008.0833 | S96: 0.62294845 | T96: 0.12306 | U96: 0.076660036
A97: 736.667 | B97: =AVERAGE(A96:A98) -> 724.29667 | C97: 5.84539 | F97: =(0.0905*EXP(0.0013*B97))/D$2 -> 0.94327632 | G97: Alta | H97: 8 | I97: 40117 | P97: 2008 | Q97: 1 | R97: 2008 | S97: 0.66986354 | T97: 0.06153 | U97: 0.041216704
A98: 698.667 | B98: =AVERAGE(A97:A99) -> 691.852 | C98: 5.90692 | F98: =(0.0905*EXP(0.0013*B98))/D$2 -> 0.90431811 | I98: 40068 | P98: 2007 | Q98: 12 | R98: 2007.9167 | S98: 0.72448338 | T98: 0.06153 | U98: 0.044577463
A99: 640.222 | B99: =AVERAGE(A98:A100) -> 636.926 | C99: 5.96845 | F99: =(0.0905*EXP(0.0013*B99))/D$2 -> 0.84199779 | I99: 40019 | P99: 2007 | Q99: 11 | R99: 2007.8333 | S99: 0.76654113 | T99: 0.06153 | U99: 0.047165276
A100: 571.889 | B100: =AVERAGE(A99:A101) -> 580.963 | C100: 6.02998 | F100: =(0.0905*EXP(0.0013*B100))/D$2 -> 0.78291607 | I100: 39970 | P100: 2007 | Q100: 10 | R100: 2007.75 | S100: 0.77012961 | T100: 0.030765 | U100: 0.023693037
...

Sheet VAR4-Cor
A1: HU | B1: smooth | C1: Distancia (cm) | D1: Grosor corte (cm) | E1: Ecuación | F1: Densidad | G1: Banda | H1: Pair | I1: Fecha | K1: Year | L1: Density | M1: Extension | N1: Calcification | P1: Year | Q1: Month | R1: Y.M. | S1: Density | T1: Extension | U1: Calcification
A2: -973.417 | B2: =AVERAGE(A2:A3) -> -973.125 | C2: 0 | D2: 0.562 | F2: =(0.0975*EXP(0.0013*B2))/D$2 -> 0.048961942 | K2: 2015 | L2: 0.53342612 | M2: 0.9593 | N2: 0.51171568 | P2: 2015 | Q2: 12 | R2: 2015.9167 | S2: 0.60189898 | T2: 0.1439 | U2: 0.086613263
A3: -972.833 | B3: =AVERAGE(A2:A4) -> -973 | C3: 0.048 | F3: =(0.0975*EXP(0.0013*B3))/D$2 -> 0.048969899 | K3: 2014 | L3: 0.71713631 | M3: 1.0074 | N3: 0.72244312 | P3: 2015 | Q3: 11 | R3: 2015.8333 | S3: 0.63432872 | T3: 0.1439 | U3: 0.091279903
A4: -972.75 | B4: =AVERAGE(A3:A5) -> -972.58333 | C4: 0.0959 | F4: =(0.0975*EXP(0.0013*B4))/D$2 -> 0.048996432 | K4: 2013 | L4: 0.78032772 | M4: 1.1512 | N4: 0.89831327 | P4: 2015 | Q4: 10 | R4: 2015.75 | S4: 0.6735888 | T4: 0.0479 | U4: 0.032264904
A5: -972.167 | B5: =AVERAGE(A4:A6) -> -971.91667 | C5: 0.1439 | F5: =(0.0975*EXP(0.0013*B5))/D$2 -> 0.049038914 | K5: 2012 | L5: 0.79949474 | M5: 0.7675 | N5: 0.61361221 | P5: 2015 | Q5: 9 | R5: 2015.6667 | S5: 0.65244959 | T5: 0.048 | U5: 0.03131758
A6: -970.833 | B6: =AVERAGE(A5:A7) -> -970.75 | C6: 0.1919 | F6: =(0.0975*EXP(0.0013*B6))/D$2 -> 0.049113346 | K6: 2011 | L6: 0.80233777 | M6: 1.0074 | N6: 0.80827507 | P6: 2015 | Q6: 8 | R6: 2015.5833 | S6: 0.606223 | T6: 0.048 | U6: 0.029098704
A7: -969.25 | B7: =AVERAGE(A6:A8) -> -969.27767 | C7: 0.2398 | E7: y = 0.0975e0.0013x | F7: =(0.0975*EXP(0.0013*B7))/D$2 -> 0.04920744 | K7: 2010 | L7: 0.82624919 | M7: 0.8154 | N7: 0.67372359 | P7: 2015 | Q7: 7 | R7: 2015.5 | S7: 0.55477292 | T7: 0.048 | U7: 0.0266291
A8: -967.75 | B8: =AVERAGE(A7:A9) -> -961.08333 | C8: 0.2878 | F8: =(0.0975*EXP(0.0013*B8))/D$2 -> 0.049734431 | K8: 2009 | L8: 0.64821567 | M8: 1.1513 | N8: 0.7462907 | P8: 2015 | Q8: 6 | R8: 2015.4167 | S8: 0.51076037 | T8: 0.0479 | U8: 0.024465422
A9: -946.25 | B9: =AVERAGE(A8:A10) -> -917.94433 | C9: 0.3358 | F9: =(0.0975*EXP(0.0013*B9))/D$2 -> 0.052603264 | K9: 2008 | L9: 0.59820593 | M9: 1.2472 | N9: 0.74608243 | P9: 2015 | Q9: 5 | R9: 2015.3333 | S9: 0.47438404 | T9: 0.048 | U9: 0.022770434
A10: -839.833 | B10: =AVERAGE(A9:A11) -> -825.13867 | C10: 0.3837 | F10: =(0.0975*EXP(0.0013*B10))/D$2 -> 0.059348422 | K10: 2007 | L10: 0.59557636 | M10: 1.1998 | N10: 0.71457251 | P10: 2015 | Q10: 4 | R10: 2015.25 | S10: 0.44387212 | T10: 0.048 | U10: 0.021305862
A11: -689.333 | B11: =AVERAGE(A10:A12) -> -689.13867 | C11: 0.4317 | F11: =(0.0975*EXP(0.0013*B11))/D$2 -> 0.070825956 | K11: 2006 | L11: 0.45529615 | M11: 0.912 | N11: 0.41523009 | P11: 2015 | Q11: 3 | R11: 2015.1667 | S11: 0.41816697 | T11: 0.0479 | U11: 0.020030198
A12: -538.25 | B12: =AVERAGE(A11:A13) -> -525.361 | C12: 0.4797 | F12: =(0.0975*EXP(0.0013*B12))/D$2 -> 0.087631148 | K12: 2005 | L12: 0.75825379 | M12: 0.912 | N12: 0.69152746 | P12: 2015 | Q12: 2 | R12: 2015.0833 | S12: 0.40782305 | T12: 0.1439 | U12: 0.058685736
A13: -348.5 | B13: =AVERAGE(A12:A14) -> -301.861 | C13: 0.5277 | F13: =(0.0975*EXP(0.0013*B13))/D$2 -> 0.1171771 | K13: 2004 | L13: 0.62489811 | M13: 1.152 | N13: 0.71988262 | P13: 2015 | Q13: 1 | R13: 2015 | S13: 0.46738414 | T13: 0.1439 | U13: 0.067256578
A14: -18.833 | B14: =AVERAGE(A13:A15) -> 4.9446667 | C14: 0.5756 | F14: =(0.0975*EXP(0.0013*B14))/D$2 -> 0.17460633 | K14: 2003 | L14: 0.63355862 | M14: 1.152 | N14: 0.72985953 | P14: 2014 | Q14: 12 | R14: 2014.9167 | S14: 0.59932856 | T14: 0.1439 | U14: 0.08624338
A15: 382.167 | B15: =AVERAGE(A14:A16) -> 382.19467 | C15: 0.6236 | F15: =(0.0975*EXP(0.0013*B15))/D$2 -> 0.28513389 | K15: 2002 | L15: 0.65287464 | M15: 1.104 | N15: 0.72077361 | P15: 2014 | Q15: 11 | R15: 2014.8333 | S15: 0.75338472 | T15: 0.144 | U15: 0.1084874
A16: 783.25 | B16: =AVERAGE(A15:A17) -> 763.44467 | C16: 0.6716 | F16: =(0.0975*EXP(0.0013*B16))/D$2 -> 0.46805409 | K16: 2001 | L16: 0.74619887 | M16: 1.248 | N16: 0.93125619 | P16: 2014 | Q16: 10 | R16: 2014.75 | S16: 0.83218159 | T16: 0.0959 | U16: 0.079806214
A17: 1124.917 | B17: =AVERAGE(A16:A18) -> 1045.8057 | C17: 0.7195 | F17: =(0.0975*EXP(0.0013*B17))/D$2 -> 0.67563512 | K17: 2000 | L17: 0.63201592 | M17: 1.056 | N17: 0.66740881 | P17: 2014 | Q17: 9 | R17: 2014.6667 | S17: 0.8018553 | T17: 0.048 | U17: 0.038489055
A18: 1229.25 | B18: =AVERAGE(A17:A19) -> 1187.1947 | C18: 0.7675 | F18: =(0.0975*EXP(0.0013*B18))/D$2 -> 0.81196633 | K18: 1999 | L18: 0.70575035 | M18: 1.248 | N18: 0.88077644 | P18: 2014 | Q18: 8 | R18: 2014.5833 | S18: 0.76350915 | T18: 0.0479 | U18: 0.036572088
A19: 1207.417 | B19: =AVERAGE(A18:A20) -> 1207.3333 | C19: 0.8155 | F19: =(0.0975*EXP(0.0013*B19))/D$2 -> 0.83350453 | K19: 1998 | L19: 0.65486813 | M19: 1.296 | N19: 0.8487091 | P19: 2014 | Q19: 7 | R19: 2014.5 | S19: 0.73345732 | T19: 0.048 | U19: 0.035205951
... A24: 1319.167 | B24: =AVERAGE(A23:A25) -> 1314.139 | C24: 1.0553 | F24: =(0.0975*EXP(0.0013*B24))/D$2 -> 0.95765397 | K24: 1993 | L24: 0.77211095 | M24: 1.152 | N24: 0.88947182 | P24: 2014 | Q24: 2 | R24: 2014.0833 | S24: 0.69105166 | T24: 0.1439 | U24: 0.099442333
A25: 1360.417 | B25: =AVERAGE(A24:A26) -> 1342.4723 | C25: 1.1033 | F25: =(0.0975*EXP(0.0013*B25))/D$2 -> 0.99358522 | G25: Alta | H25: 1 | I25: 42674 | K25: 1992 | L25: 0.75803016 | M25: 0.912 | N25: 0.6913235 | P25: 2014 | Q25: 1 | R25: 2014 | S25: 0.7205018 | T25: 0.1439 | U25: 0.10368021
A26: 1347.833 | B26: =AVERAGE(A25:A27) -> 1338 | C26: 1.1512 | F26: =(0.0975*EXP(0.0013*B26))/D$2 -> 0.98782525 | I26: 42661 | K26: 1991 | L26: 0.85635514 | M26: 1.056 | N26: 0.90431102 | P26: 2013 | Q26: 12 | R26: 2013.9167 | S26: 0.80150222 | T26: 0.1439 | U26: 0.11533617
A27: 1305.75 | B27: =AVERAGE(A26:A28) -> 1305.861 | C27: 1.1992 | F27: =(0.0975*EXP(0.0013*B27))/D$2 -> 0.94740352 | I27: 42648 | K27: 1990 | L27: 0.84852412 | M27: 0.816 | N27: 0.69239569 | P27: 2013 | Q27: 11 | R27: 2013.8333 | S27: 0.91138071 | T27: 0.1439 | U27: 0.13114768
A28: 1264 | B28: =AVERAGE(A27:A29) -> 1265.8333 | C28: 1.2472 | F28: =(0.0975*EXP(0.0013*B28))/D$2 -> 0.89936516 | I28: 42635 | K28: 1989 | L28: 0.6770131 | M28: 0.624 | N28: 0.42245618 | P28: 2013 | Q28: 10 | R28: 2013.75 | S28: 0.96494414 | T28: 0.0959 | U28: 0.092538143
A29: 1227.75 | B29: =AVERAGE(A28:A30) -> 1233.8333 | C29: 1.2952 | F29: =(0.0975*EXP(0.0013*B29))/D$2 -> 0.8627191 | I29: 42622 | K29: 1988 | L29: 0.50758782 | M29: 0.72 | N29: 0.36546323 | P29: 2013 | Q29: 9 | R29: 2013.6667 | S29: 0.95782703 | T29: 0.048 | U29: 0.045975697
A30: 1209.75 | B30: =AVERAGE(A29:A31) -> 1213.2223 | C30: 1.3431 | F30: =(0.0975*EXP(0.0013*B30))/D$2 -> 0.83991008 | I30: 42609 | K30: 1987 | L30: 0.66110097 | M30: 1.104 | N30: 0.72985548 | P30: 2013 | Q30: 8 | R30: 2013.5833 | S30: 0.92345135 | T30: 0.0959 | U30: 0.088558984
A31: 1202.167 | B31: =AVERAGE(A30:A32) -> 1202.139 | C31: 1.3911 | F31: =(0.0975*EXP(0.0013*B31))/D$2 -> 0.82789514 | I31: 42596 | K31: 1986 | L31: 0.7235547 | M31: 0.816 | N31: 0.59042064 | P31: 2013 | Q31: 7 | R31: 2013.5 | S31: 0.86315511 | T31: 0.048 | U31: 0.041431445
A32: 1194.5 | B32: =AVERAGE(A31:A33) -> 1193.8613 | C32: 1.4391 | F32: =(0.0975*EXP(0.0013*B32))/D$2 -> 0.81903395 | I32: 42583 | K32: 1985 | L32: 0.69891515 | M32: 1.104 | N32: 0.77160233 | P32: 2013 | Q32: 6 | R32: 2013.4167 | S32: 0.7935263 | T32: 0.0959 | U32: 0.076099172
A33: 1184.917 | B33: =AVERAGE(A32:A34) -> 1180.9167 | C33: 1.487 | F33: =(0.0975*EXP(0.0013*B33))/D$2 -> 0.80536652 | I33: 42570 | K33: 1984 | L33: 0.61271935 | M33: 0.816 | N33: 0.49997899 | P33: 2013 | Q33: 5 | R33: 2013.3333 | S33: 0.72586889 | T33: 0.048 | U33: 0.034841707
A34: 1163.333 | B34: =AVERAGE(A33:A35) -> 1160.611 | C34: 1.535 | F34: =(0.0975*EXP(0.0013*B34))/D$2 -> 0.78438511 | I34: 42557 | K34: 1983 | L34: 0.60212712 | M34: 0.816 | N34: 0.49133573 | P34: 2013 | Q34: 4 | R34: 2013.25 | S34: 0.66216919 | T34: 0.096 | U34: 0.063568243
A35: 1133.583 | B35: =AVERAGE(A34:A36) -> 1133.583 | C35: 1.583 | F35: =(0.0975*EXP(0.0013*B35))/D$2 -> 0.7573032 | I35: 42544 | K35: 1982 | L35: 0.6882086 | M35: 0.912 | N35: 0.62764624 | P35: 2013 | Q35: 3 | R35: 2013.1667 | S35: 0.61431052 | T35: 0.0479 | U35: 0.029425474
A36: 1103.833 | B36: =AVERAGE(A35:A37) -> 1099.972 | C36: 1.6309 | F36: =(0.0975*EXP(0.0013*B36))/D$2 -> 0.72492587 | I36: 42531 | K36: 1981 | L36: 0.69447712 | M36: 0.768 | N36: 0.53335843 | P36: 2013 | Q36: 2 | R36: 2013.0833 | S36: 0.60622242 | T36: 0.1439 | U36: 0.087235406
A37: 1062.5 | B37: =AVERAGE(A36:A38) -> 1048.6667 | C37: 1.6789 | F37: =(0.0975*EXP(0.0013*B37))/D$2 -> 0.67815269 | I37: 42518 | K37: 1980 | L37: 0.94209354 | M37: 0.912 | N37: 0.85918931 | P37: 2013 | Q37: 1 | R37: 2013 | S37: 0.64040193 | T37: 0.1439 | U37: 0.092153838
... A43: 580.917 | B43: =AVERAGE(A42:A44) -> 581.05567 | C43: 1.9667 | F43: =(0.0975*EXP(0.0013*B43))/D$2 -> 0.36925157 | I43: 42440 | K43: 1974 | L43: 0.80802587 | M43: 0.72 | N43: 0.58177863 | P43: 2012 | Q43: 7 | R43: 2012.5 | S43: 0.83428723 | T43: 0.048 | U43: 0.040045787
A44: 549.333 | B44: =AVERAGE(A43:A45) -> 556.44433 | C44: 2.0147 | F44: =(0.0975*EXP(0.0013*B44))/D$2 -> 0.35762446 | G44: Baja | H44: 1 | I44: 42428 | K44: 1973 | L44: 0.74077926 | M44: 0.72 | N44: 0.53336107 | P44: 2012 | Q44: 6 | R44: 2012.4167 | S44: 0.80895164 | T44: 0.048 | U44: 0.038829679
A45: 539.083 | B45: =AVERAGE(A44:A46) -> 566.66633 | C45: 2.0627 | F45: =(0.0975*EXP(0.0013*B45))/D$2 -> 0.3624085 | I45: 42418 | K45: 1972 | L45: 0.47594254 | M45: 0.96 | N45: 0.45690484 | P45: 2012 | Q45: 5 | R45: 2012.3333 | S45: 0.78068352 | T45: 0.048 | U45: 0.037472809
A46: 611.583 | B46: =AVERAGE(A45:A47) -> 628.19433 | C46: 2.1106 | F46: =(0.0975*EXP(0.0013*B46))/D$2 -> 0.39258711 | I46: 42409 | K46: 1971 | L46: 0.68764277 | M46: 0.96 | N46: 0.66013706 | P46: 2012 | Q46: 4 | R46: 2012.25 | S46: 0.75462847 | T46: 0.02395 | U46: 0.018073352
A47: 733.917 | B47: =AVERAGE(A46:A48) -> 733.889 | C47: 2.1586 | D47: =#REF!-#REF! -> #REF! | F47: =(0.0975*EXP(0.0013*B47))/D$2 -> 0.45041145 | I47: 42400 | K47: 1970 | L47: 0.76808391 | M47: 0.816 | N47: 0.62675647 | P47: 2012 | Q47: 3 | R47: 2012.1667 | S47: 0.75858402 | T47: 0.02395
A48: 856.167 | B48: =AVERAGE(A47:A49) -> 850.19467 | C48: 2.2066 | D48: =#REF!-#REF! -> #REF! | F48: =(0.0975*EXP(0.0013*B48))/D$2 -> 0.52393041 | I48: 42391 | K48: 1969 | L48: 0.65765231 | M48: 1.104 | N48: 0.72604815 | P48: 2012 | Q48: 2 | R48: 2012.0833 | S48: 0.76253957 | T48: 0.096 | U48: 0.073203798
A49: 960.5 | B49: =AVERAGE(A48:A50) -> 935.33333 | C49: 2.2545 | D49: =#REF!-#REF! -> #REF! | F49: =(0.0975*EXP(0.0013*B49))/D$2 -> 0.58525002 | I49: 42381 | K49: 1968 | L49: 0.74618755 | M49: 0.528 | N49: 0.39398703 | P49: 2012 | Q49: 1 | R49: 2012 | S49: 0.84048643 | T49: 0.0479 | U49: 0.0402593
A50: 989.333 | B50: =AVERAGE(A49:A51) -> 973.27767 | C50: 2.3025 | F50: =(0.0975*EXP(0.0013*B50))/D$2 -> 0.61484289 | I50: 42372 | K50: 1967 | L50: 0.52642178 | M50: 1.344 | N50: 0.70751087 | P50: 2011 | Q50: 12 | R50: 2011.9167 | S50: 0.92465664 | T50: 0.048 | U50: 0.044383519
A51: 970 | B51: =AVERAGE(A50:A52) -> 970 | C51: 2.3505 | F51: =(0.0975*EXP(0.0013*B51))/D$2 -> 0.61222864 | I51: 42363 | K51: 1966 | L51: 0.42592091 | M51: 1.632 | N51: 0.69510292 | P51: 2011 | Q51: 11 | R51: 2011.8333 | S51: 0.9958482 | T51: 0.048 | U51: 0.047800714
A52: 950.667 | B52: =AVERAGE(A51:A53) -> 952.639 | C52: 2.3984 | F52: =(0.0975*EXP(0.0013*B52))/D$2 -> 0.59856583 | I52: 42354 | K52: 1965 | L52: 0.26522891 | M52: 0.96 | N52: 0.25461976 | P52: 2011 | Q52: 10 | R52: 2011.75 | S52: 1.0336049 | T52: 0.0959 | U52: 0.099122706
A53: 937.25 | B53: =AVERAGE(A52:A54) -> 947.91667 | C53: 2.4464 | F53: =(0.0975*EXP(0.0013*B53))/D$2 -> 0.59490247 | I53: 42344 | K53: 1964 | L53: 0.44317253 | M53: 1.44 | N53: 0.63816845 | P53: 2011 | Q53: 9 | R53: 2011.6667 | S53: 1.0038511 | T53: 0.0959 | U53: 0.096269325
A54: 955.833 | B54: =AVERAGE(A53:A55) -> 962.94433 | C54: 2.4944 | F54: =(0.0975*EXP(0.0013*B54))/D$2 -> 0.60663873 | I54: 42335 | K54: 1963 | L54: 0.58066487 | M54: 0.816 | N54: 0.47382253 | P54: 2011 | Q54: 8 | R54: 2011.5833 | S54: 0.91261828 | T54: 0.096 | U54: 0.087611355
A55: 995.75 | B55: =AVERAGE(A54:A56) -> 995.861 | C55: 2.5423 | F55: =(0.0975*EXP(0.0013*B55))/D$2 -> 0.63316124 | I55: 42326 | K55: 1962 | L55: 0.57833837 | M55: 1.584 | N55: 0.91608798 | P55: 2011 | Q55: 7 | R55: 2011.5 | S55: 0.81799897 | T55: 0.0479 | U55: 0.039182151
A56: 1036 | B56: =AVERAGE(A55:A57) -> 1031.5 | C56: 2.5903 | F56: =(0.0975*EXP(0.0013*B56))/D$2 -> 0.66318621 | I56: 42317 | K56: 1961 | L56: 0.58454505 | M56: 0.672 | N56: 0.39281427 | P56: 2011 | Q56: 6 | R56: 2011.4167 | S56: 0.74626349 | T56: 0.096 | U56: 0.071641296
A57: 1062.75 | B57: =AVERAGE(A56:A58) -> 1043.4723 | C57: 2.6383 | F57: =(0.0975*EXP(0.0013*B57))/D$2 -> 0.6735888 | G57: Alta | H57: 2 | I57: 42308 | K57: 1960 | L57: 0.65554646 | M57: 0.96 | N57: 0.6293246 | P57: 2011 | Q57: 5 | R57: 2011.3333 | S57: 0.69300441 | T57: 0.0959 | U57: 0.066459123
A58: 1031.667 | B58: =AVERAGE(A57:A59) -> 1018.9447 | C58: 2.6862 | F58: =(0.0975*EXP(0.0013*B58))/D$2 -> 0.65244959 | I58: 42277 | K58: 1959 | L58: 0.68859265 | M58: 1.008 | N58: 0.69410139 | P58: 2011 | Q58: 4 | R58: 2011.25 | S58: 0.66354208 | T58: 0.096 | U58: 0.06370004
A59: 962.417 | B59: =AVERAGE(A58:A60) -> 962.417 | C59: 2.7342 | F59: =(0.0975*EXP(0.0013*B59))/D$2 -> 0.606223 | I59: 42246 | K59: 1958 | L59: 0.67198847 | M59: 0.864 | N59: 0.58059804 | P59: 2011 | Q59: 3 | R59: 2011.1667 | S59: 0.65167226 | T59: 0.0479 | U59: 0.031215101
A60: 893.167 | B60: =AVERAGE(A59:A61) -> 894.19467 | C60: 2.7822 | F60: =(0.0975*EXP(0.0013*B60))/D$2 -> 0.55477292 | I60: 42216 | K60: 1957 | L60: 0.70275862 | M60: 1.248 | N60: 0.87704276 | P60: 2011 | Q60: 2 | R60: 2011.0833 | S60: 0.65255562 | T60: 0.1439 | U60: 0.093902754
A61: 827 | B61: =AVERAGE(A60:A62) -> 830.61133 | C61: 2.8302 | F61: =(0.0975*EXP(0.0013*B61))/D$2 -> 0.51076037 | I61: 42185 | K61: 1956 | L61: 0.72779686 | M61: 1.2 | N61: 0.87335623 | P61: 2011 | Q61: 1 | R61: 2011 | S61: 0.69774079 | T61: 0.096 | U61: 0.066983116
A62: 771.667 | B62: =AVERAGE(A61:A63) -> 773.778 | C62: 2.8781 | F62: =(0.0975*EXP(0.0013*B62))/D$2 -> 0.47438404 | I62: 42154 | K62: 1955 | L62: 0.79989587 | M62: 0.816 | N62: 0.65271503 | P62: 2010 | Q62: 12 | R62: 2010.9167 | S62: 0.81128342 | T62: 0.1439 | U62: 0.11674368
A63: 722.667 | B63: =AVERAGE(A62:A64) -> 722.639 | C63: 2.9261 | F63: =(0.0975*EXP(0.0013*B63))/D$2 -> 0.44387212 | I63: 42124 | K63: 1954 | L63: 0.76279622 | M63: 1.2 | N63: 0.91535546 | P63: 2010 | Q63: 11 | R63: 2010.8333 | S63: 0.99528142 | T63: 0.0959 | U63: 0.095447488
A64: 673.583 | B64: =AVERAGE(A63:A65) -> 676.75 | C64: 2.9741 | F64: =(0.0975*EXP(0.0013*B64))/D$2 -> 0.41816697 | I64: 42093 | K64: 1953 | L64: 0.64101993 | M64: 0.816 | N64: 0.52307226 | P64: 2010 | Q64: 10 | R64: 2010.75 | S64: 1.0351167 | T64: 0.048 | U64: 0.049685599
A65: 634 | B65: =AVERAGE(A64:A66) -> 648.80533 | C65: 3.022 | F65: =(0.0975*EXP(0.0013*B65))/D$2 -> 0.4032484 | G65: Baja | H65: 2 | I65: 42063 | K65: 1952 | L65: 0.63701656 | M65: 1.296 | N65: 0.82557347 | P65: 2010 | Q65: 9 | R65: 2010.6667 | S65: 0.99290346 | T65: 0.048 | U65: 0.047659366
A66: 638.833 | B66: =AVERAGE(A65:A67) -> 649 | C66: 3.07 | F66: =(0.0975*EXP(0.0013*B66))/D$2 -> 0.40335046 | I66: 42053 | K66: 1951 | L66: 0.54237914 | M66: 1.152 | N66: 0.62482077 | P66: 2010 | Q66: 8 | R66: 2010.5833 | S66: 0.9292426 | T66: 0.0479 | U66: 0.04451072
A67: 674.167 | B67: =AVERAGE(A66:A68) -> 674.361 | C67: 3.118 | F67: =(0.0975*EXP(0.0013*B67))/D$2 -> 0.41687029 | I67: 42043 | P67: 2010 | Q67: 7 | R67: 2010.5 | S67: 0.87123479 | T67: 0.048 | U67: 0.04181927
A68: 710.083 | B68: =AVERAGE(A67:A69) -> 711.69433 | C68: 3.1659 | F68: =(0.0975*EXP(0.0013*B68))/D$2 -> 0.4376014 | I68: 42033 | P68: 2010 | Q68: 6 | R68: 2010.4167 | S68: 0.818206 | T68: 0.048 | U68: 0.039273888
A69: 750.833 | B69: =AVERAGE(A68:A70) -> 757.13867 | C69: 3.2139 | F69: =(0.0975*EXP(0.0013*B69))/D$2 -> 0.46423276 | I69: 42023 | P69: 2010 | Q69: 5 | R69: 2010.3333 | S69: 0.7689878 | T69: 0.0479 | U69: 0.036834516
A70: 810.5 | B70: =AVERAGE(A69:A71) -> 814.722 | C70: 3.2619 | F70: =(0.0975*EXP(0.0013*B70))/D$2 -> 0.50031826 | I70: 42013 | P70: 2010 | Q70: 4 | R70: 2010.25 | S70: 0.72421973 | T70: 0.048 | U70: 0.034762547
A71: 882.833 | B71: =AVERAGE(A70:A72) -> 882.63867 | C71: 3.3098 | F71: =(0.0975*EXP(0.0013*B71))/D$2 -> 0.54650097 | I71: 42003 | P71: 2010 | Q71: 3 | R71: 2010.1667 | S71: 0.69200615 | T71: 0.048 | U71: 0.033216295
A72: 954.583 | B72: =AVERAGE(A71:A73) -> 953.333 | C72: 3.3578 | F72: =(0.0975*EXP(0.0013*B72))/D$2 -> 0.5991061 | I72: 41993 | P72: 2010 | Q72: 2 | R72: 2010.0833 | S72: 0.68329717 | T72: 0.0959 | U72: 0.065528199
A73: 1022.583 | B73: =AVERAGE(A72:A74) -> 1018.861 | C73: 3.4058 | F73: =(0.0975*EXP(0.0013*B73))/D$2 -> 0.65237863 | I73: 41983 | P73: 2010 | Q73: 1 | R73: 2010 | S73: 0.71165579 | T73: 0.0959 | U73: 0.06824779
A74: 1079.417 | B74: =AVERAGE(A73:A75) -> 1077.389 | C74: 3.4537 | F74: =(0.0975*EXP(0.0013*B74))/D$2 -> 0.70395294 | I74: 41973 | P74: 2009 | Q74: 12 | R74: 2009.9167 | S74: 0.75865515 | T74: 0.096 | U74: 0.072830895
A75: 1130.167 | B75: =AVERAGE(A74:A76) -> 1130.278 | C75: 3.5017 | F75: =(0.0975*EXP(0.0013*B75))/D$2 -> 0.75405643 | I75: 41963 | P75: 2009 | Q75: 11 | R75: 2009.8333 | S75: 0.81544956 | T75: 0.0959 | U75: 0.078201613
A76: 1181.25 | B76: =AVERAGE(A75:A77) -> 1177.8333 | C76: 3.5497 | F76: =(0.0975*EXP(0.0013*B76))/D$2 -> 0.8021448 | I76: 41953 | P76: 2009 | Q76: 10 | R76: 2009.75 | S76: 0.83528475 | T76: 0.096 | U76: 0.080187336
A77: 1222.083 | B77: =AVERAGE(A76:A78) -> 1206.75 | C77: 3.5977 | F77: =(0.0975*EXP(0.0013*B77))/D$2 -> 0.8328727 | G77: Alta | H77: 3 | I77: 41943 | P77: 2009 | Q77: 9 | R77: 2009.6667 | S77: 0.8202771 | T77: 0.0479 | U77: 0.039291273
A78: 1216.917 | B78: =AVERAGE(A77:A79) -> 1205.4723 | C78: 3.6456 | F78: =(0.0975*EXP(0.0013*B78))/D$2 -> 0.83149047 | I78: 41915 | P78: 2009 | Q78: 8 | R78: 2009.5833 | S78: 0.77535889 | T78: 0.096 | U78: 0.074434454
A79: 1177.417 | B79: =AVERAGE(A78:A80) -> 1177.5557 | C79: 3.6936 | F79: =(0.0975*EXP(0.0013*B79))/D$2 -> 0.8018553 | I79: 41888 | P79: 2009 | Q79: 7 | R79: 2009.5 | S79: 0.69679537 | T79: 0.0479 | U79: 0.033376498
A80: 1138.333 | B80: =AVERAGE(A79:A81) -> 1139.861 | C80: 3.7416 | F80: =(0.0975*EXP(0.0013*B80))/D$2 -> 0.76350915 | I80: 41861 | P80: 2009 | Q80: 6 | R80: 2009.4167 | S80: 0.61225784 | T80: 0.096 | U80: 0.058776752
A81: 1103.833 | B81: =AVERAGE(A80:A82) -> 1108.972 | C81: 3.7895 | F81: =(0.0975*EXP(0.0013*B81))/D$2 -> 0.73345732 | I81: 41834 | P81: 2009 | Q81: 5 | R81: 2009.3333 | S81: 0.55271314 | T81: 0.0479 | U81: 0.02647496
A82: 1084.75 | B82: =AVERAGE(A81:A83) -> 1088.3333 | C82: 3.8375 | F82: =(0.0975*EXP(0.0013*B82))/D$2 -> 0.71404011 | I82: 41806 | P82: 2009 | Q82: 4 | R82: 2009.25 | S82: 0.52033572 | T82: 0.096 | U82: 0.049952229
A83: 1076.417 | B83: =AVERAGE(A82:A84) -> 1076.4447 | C83: 3.8855 | F83: =(0.0975*EXP(0.0013*B83))/D$2 -> 0.70308927 | I83: 41779 | P83: 2009 | Q83: 3 | R83: 2009.1667 | S83: 0.4995782 | T83: 0.0479 | U83: 0.023929796
A84: 1068.167 | B84: =AVERAGE(A83:A85) -> 1068.5557 | C84: 3.9334 | F84: =(0.0975*EXP(0.0013*B84))/D$2 -> 0.69591545 | I84: 41752 | P84: 2009 | Q84: 2 | R84: 2009.0833 | S84: 0.51169549 | T84: 0.1919 | U84: 0.098194365
A85: 1061.083 | B85: =AVERAGE(A84:A86) -> 1062.9167 | C85: 3.9814 | F85: =(0.0975*EXP(0.0013*B85))/D$2 -> 0.69083256 | I85: 41725 | P85: 2009 | Q85: 1 | R85: 2009 | S85: 0.57658661 | T85: 0.1919 | U85: 0.11064697
A86: 1059.5 | B86: =AVERAGE(A85:A87) -> 1061 | C86: 4.0294 | F86: =(0.0975*EXP(0.0013*B86))/D$2 -> 0.68911337 | G86: Baja | H86: 3 | I86: 41698 | P86: 2008 | Q86: 12 | R86: 2008.9167 | S86: 0.63704818 | T86: 0.1919 | U86: 0.12224954
A87: 1062.417 | B87: =AVERAGE(A86:A88) -> 1062.3613 | C87: 4.0773 | F87: =(0.0975*EXP(0.0013*B87))/D$2 -> 0.690334 | I87: 41688 | P87: 2008 | Q87: 11 | R87: 2008.8333 | S87: 0.7405431 | T87: 0.1439 | U87: 0.10656415
A88: 1065.167 | B88: =AVERAGE(A87:A89) -> 1066.1113 | C88: 4.1253 | F88: =(0.0975*EXP(0.0013*B88))/D$2 -> 0.6937076 | I88: 41678 | P88: 2008 | Q88: 10 | R88: 2008.75 | S88: 0.8340085 | T88: 0.0959 | U88: 0.079981415
A89: 1070.75 | B89: =AVERAGE(A88:A90) -> 1075.0833 | C89: 4.1733 | F89: =(0.0975*EXP(0.0013*B89))/D$2 -> 0.70184609 | I89: 41668 | P89: 2008 | Q89: 9 | R89: 2008.6667 | S89: 0.78104998 | T89: 0.048 | U89: 0.037490399
A90: 1089.333 | B90: =AVERAGE(A89:A91) -> 1092.5 | C90: 4.2212 | F90: =(0.0975*EXP(0.0013*B90))/D$2 -> 0.71791832 | I90: 41658 | P90: 2008 | Q90: 8 | R90: 2008.5833 | S90: 0.68422397 | T90: 0.0959 | U90: 0.065617079
A91: 1117.417 | B91: =AVERAGE(A90:A92) -> 1117.611 | C91: 4.2692 | F91: =(0.0975*EXP(0.0013*B91))/D$2 -> 0.74174099 | I91: 41648 | P91: 2008 | Q91: 7 | R91: 2008.5 | S91: 0.60416852 | T91: 0.048 | U91: 0.029000089
A92: 1146.083 | B92: =AVERAGE(A91:A93) -> 1146.0557 | C92: 4.3172 | F92: =(0.0975*EXP(0.0013*B92))/D$2 -> 0.76968256 | I92: 41638 | P92: 2008 | Q92: 6 | R92: 2008.4167 | S92: 0.54085088 | T92: 0.0959 | U92: 0.051867599
A93: 1174.667 | B93: =AVERAGE(A92:A94) -> 1176 | C93: 4.3652 | F93: =(0.0975*EXP(0.0013*B93))/D$2 -> 0.8002353 | I93: 41628 | P93: 2008 | Q93: 5 | R93: 2008.3333 | S93: 0.48586095 | T93: 0.048 | U93: 0.023321326
A94: 1207.25 | B94: =AVERAGE(A93:A95) -> 1208.3333 | C94: 4.4131 | F94: =(0.0975*EXP(0.0013*B94))/D$2 -> 0.83458879 | I94: 41618 | P94: 2008 | Q94: 4 | R94: 2008.25 | S94: 0.44221955 | T94: 0.0959 | U94: 0.042408855
A95: 1243.083 | B95: =AVERAGE(A94:A96) -> 1243.1943 | C95: 4.4611 | F95: =(0.0975*EXP(0.0013*B95))/D$2 -> 0.87328192 | I95: 41608 | P95: 2008 | Q95: 3 | R95: 2008.1667 | S95: 0.40728771 | T95: 0.048 | U95: 0.01954981
A96: 1279.25 | B96: =AVERAGE(A95:A97) -> 1278.1667 | C96: 4.5091 | F96: =(0.0975*EXP(0.0013*B96))/D$2 -> 0.9139012 | I96: 41598 | P96: 2008 | Q96: 2 | R96: 2008.0833 | S96: 0.41635226 | T96: 0.1439 | U96: 0.05991309
A97: 1312.167 | B97: =AVERAGE(A96:A98) -> 1305.5 | C97: 4.557 | F97: =(0.0975*EXP(0.0013*B97))/D$2 -> 0.94695901 | I97: 41588 | P97: 2008 | Q97: 1 | R97: 2008 | S97: 0.56337559 | T97: 0.1919 | U97: 0.10811178
A98: 1325.083 | B98: =AVERAGE(A97:A99) -> 1319.3057 | C98: 4.605 | F98: =(0.0975*EXP(0.0013*B98))/D$2 -> 0.96410786 | G98: Alta | H98: 4 | I98: 41578 | P98: 2007 | Q98: 12 | R98: 2007.9167 | S98: 0.6982809 | T98: 0.1439 | U98: 0.10048262
A99: 1320.667 | B99: =AVERAGE(A98:A100) -> 1320.639 | C99: 4.653 | F99: =(0.0975*EXP(0.0013*B99))/D$2 -> 0.96578043 | I99: 41557 | P99: 2007 | Q99: 11 | R99: 2007.8333 | S99: 0.87860799 | T99: 0.1439 | U99: 0.12643169
A100: 1316.167 | B100: =AVERAGE(A99:A101) -> 1314.278 | C100: 4.7009 | F100: =(0.0975*EXP(0.0013*B100))/D$2 -> 0.95782703 | I100: 41537 | P100: 2007 | Q100: 10 | R100: 2007.75 | S100: 0.85703723 | T100: 0.096 | U100: 0.082275574
A101: 1306 | B101: =AVERAGE(A100:A102) -> 1299.7223 | C101: 4.7489 | F101: =(0.0975*EXP(0.0013*B101))/D$2 -> 0.93987308 | I101: 41516 | P101: 2007 | Q101: 9 | R101: 2007.6667 | S101: 0.73525261 | T101: 0.096 | U101: 0.070584251
A102: 1277 | B102: =AVERAGE(A101:A103) -> 1272.361 | C102: 4.7969 | F102: =(0.0975*EXP(0.0013*B102))/D$2 -> 0.90702962 | I102: 41496 | P102: 2007 | Q102: 8 | R102: 2007.5833 | S102: 0.67096728 | T102: 0.096 | U102: 0.064412859
A103: 1234.083 | B103: =AVERAGE(A102:A104) -> 1234.222 | C103: 4.8448 | F103: =(0.0975*EXP(0.0013*B103))/D$2 -> 0.86315511 | I103: 41475 | P103: 2007 | Q103: 7 | R103: 2007.5 | S103: 0.59488107 | T103: 0.048 | U103: 0.028554291
A104: 1191.583 | B104: =AVERAGE(A103:A105) -> 1191.2497 | C104: 4.8928 | F104: =(0.0975*EXP(0.0013*B104))/D$2 -> 0.81625791 | I104: 41455 | P104: 2007 | Q104: 6 | R104: 2007.4167 | S104: 0.51389216 | T104: 0.096 | U104: 0.049333647
A105: 1148.083 | B105: =AVERAGE(A104:A106) -> 1147.1663 | C105: 4.9408 | F105: =(0.0975*EXP(0.0013*B105))/D$2 -> 0.77079468 | I105: 41435 | P105: 2007 | Q105: 5 | R105: 2007.3333 | S105: 0.43559472 | T105: 0.096 | U105: 0.041817093
A106: 1101.833 | B106: =AVERAGE(A105:A107) -> 1100.972 | C106: 4.9887 | F106: =(0.0975*EXP(0.0013*B106))/D$2 -> 0.72586889 | I106: 41414 | P106: 2007 | Q106: 4 | R106: 2007.25 | S106: 0.3963435 | T106: 0.096 | U106: 0.038048976
A107: 1053 | B107: =AVERAGE(A106:A108) -> 1053.0833 | C107: 5.0367 | F107: =(0.0975*EXP(0.0013*B107))/D$2 -> 0.68205762 | I107: 41394 | P107: 2007 | Q107: 3 | R107: 2007.1667 | S107: 0.38093996 | T107: 0.048 | U107: 0.018285118
A108: 1004.417 | B108: =AVERAGE(A107:A109) -> 1006.8613 | C108: 5.0847 | F108: =(0.0975*EXP(0.0013*B108))/D$2 -> 0.64228077 | I108: 41373 | P108: 2007 | Q108: 2 | R108: 2007.0833 | S108: 0.37951899 | T108: 0.144 | U108: 0.054650735
A109: 963.167 | B109: =AVERAGE(A108:A110) -> 972.61133 | C109: 5.1327 | F109: =(0.0975*EXP(0.0013*B109))/D$2 -> 0.61431052 | I109: 41353 | P109: 2007 | Q109: 1 | R109: 2007 | S109: 0.41309462 | T109: 0.096 | U109: 0.039657084
...

Sheet VAR4-Sag
A1: HU | B1: smooth | C1: Distancia (cm) | D1: Grosor corte (cm) | E1: Ecuación | F1: Densidad | G1: Banda | H1: Pair | I1: Fecha | K1: Year | L1: Density | M1: Extension | N1: Calcification | P1: Year | Q1: Month | R1: Y.M. | S1: Density | T1: Extension | U1: Calcification
A2: -968.333 | B2: =AVERAGE(A2:A3) -> -965.9165 | C2: 0 | D2: 0.562 | F2: =(0.0975*EXP(0.0013*B2))/D$2 -> 0.049422924 | K2: 2015 | L2: 0.56841935 | M2: 1.0553 | N2: 0.59985294 | P2: 2015 | Q2: 12 | R2: 2015.9167 | S2: 0.53715106 | T2: 0.1919 | U2: 0.10307929
A3: -963.5 | B3: =AVERAGE(A2:A4) -> -796.83333 | C3: 0.0959 | F3: =(0.0975*EXP(0.0013*B3))/D$2 -> 0.061572939 | K3: 2014 | L3: 0.62900729 | M3: 1.1513 | N3: 0.7241761 | P3: 2015 | Q3: 11 | R3: 2015.8333 | S3: 0.67176668 | T3: 0.0959 | U3: 0.064422424
A4: -458.667 | B4: =AVERAGE(A3:A5) -> -434.889 | C4: 0.1919 | F4: =(0.0975*EXP(0.0013*B4))/D$2 -> 0.098568339 | K4: 2013 | L4: 0.57223461 | M4: 1.1512 | N4: 0.65875648 | P4: 2015 | Q4: 10 | R4: 2015.75 | S4: 0.72108792 | T4: 0.096 | U4: 0.06922444
A5: 117.5 | B5: =AVERAGE(A4:A6) -> 127.16667 | C5: 0.2878 | F5: =(0.0975*EXP(0.0013*B5))/D$2 -> 0.20467482 | K5: 2012 | L5: 0.8187193 | M5: 0.9594 | N5: 0.7854793 | P5: 2015 | Q5: 9 | R5: 2015.6667 | S5: 0.67688027 | T5: 0.04795 | U5: 0.032456409
A6: 722.667 | B6: =AVERAGE(A5:A7) -> 724 | C6: 0.3838 | F6: =(0.0975*EXP(0.0013*B6))/D$2 -> 0.44465816 | K6: 2011 | L6: 0.93887593 | M6: 1.1513 | N6: 1.0809279 | P6: 2015 | Q6: 8 | R6: 2015.5833 | S6: 0.62921121 | T6: 0.04795
A7: 1331.833 | B7: =AVERAGE(A6:A8) -> 1133.889 | C7: 0.4797 | E7: y = 0.0975e0.0013x | F7: =(0.0975*EXP(0.0013*B7))/D$2 -> 0.75760452 | K7: 2010 | L7: 0.98456541 | M7: 1.0553 | N7: 1.0390119 | P7: 2015 | Q7: 7 | R7: 2015.5 | S7: 0.58154214 | T7: 0.0959 | U7: 0.055769891
A8: 1347.167 | B8: =AVERAGE(A7:A9) -> 1317.7777 | C8: 0.5756 | F8: =(0.0975*EXP(0.0013*B8))/D$2 -> 0.96219465 | K8: 2009 | L8: 0.90107194 | M8: 0.9594 | N8: 0.86448842 | P8: 2015 | Q8: 6 | R8: 2015.4167 | S8: 0.51886535 | T8: 0.048 | U8: 0.024905537
A9: 1274.333 | B9: =AVERAGE(A8:A10) -> 1318.111 | C9: 0.6716 | F9: =(0.0975*EXP(0.0013*B9))/D$2 -> 0.9626117 | K9: 2008 | L9: 0.74329491 | M9: 1.2471 | N9: 0.92696308 | P9: 2015 | Q9: 5 | R9: 2015.3333 | S9: 0.50712886 | T9: 0.048
A10: 1332.833 | B10: =AVERAGE(A9:A11) -> 1339.4443 | C10: 0.7675 | F10: =(0.0975*EXP(0.0013*B10))/D$2 -> 0.98968176 | K10: 2007 | L10: 0.61438247 | M10: 1.2472 | N10: 0.76625782 | P10: 2015 | Q10: 4 | R10: 2015.25 | S10: 0.49539237 | T10: 0.04795 | U10: 0.023754064
A11: 1411.167 | B11: =AVERAGE(A10:A12) -> 1399.889 | C11: 0.8634 | F11: =(0.0975*EXP(0.0013*B11))/D$2 -> 1.0705861 | K11: 2006 | L11: 0.52189837 | M11: 1.0553 | N11: 0.55075935 | P11: 2015 | Q11: 3 | R11: 2015.1667 | S11: 0.49217877 | T11: 0.04795
A12: 1455.667 | B12: =AVERAGE(A11:A13) -> 1453.889 | C12: 0.9594 | F12: =(0.0975*EXP(0.0013*B12))/D$2 -> 1.148442 | G12: Alta | H12: 1 | I12: 42674 | K12: 2005 | L12: 0.79171786 | M12: 1.1513 | N12: 0.91150477 | P12: 2015 | Q12: 2 | R12: 2015.0833 | S12: 0.48896516 | T12: 0.1919 | U12: 0.093832415
A13: 1494.833 | B13: =AVERAGE(A12:A14) -> 1447.3333 | C13: 1.0553 | F13: =(0.0975*EXP(0.0013*B13))/D$2 -> 1.1386961 | I13: 42646 | K13: 2004 | L13: 0.7187015 | M13: 1.2472 | N13: 0.89636451 | P13: 2015 | Q13: 1 | R13: 2015 | S13: 0.53484564 | T13: 0.0959 | U13: 0.051291696
A14: 1391.5 | B14: =AVERAGE(A13:A15) -> 1384.222 | C14: 1.1512 | F14: =(0.0975*EXP(0.0013*B14))/D$2 -> 1.0490019 | I14: 42619 | K14: 2003 | L14: 0.61460539 | M14: 1.0553 | N14: 0.64859307 | P14: 2014 | Q14: 12 | R14: 2014.9167 | S14: 0.62927104 | T14: 0.1919 | U14: 0.12075711
A15: 1266.333 | B15: =AVERAGE(A14:A16) -> 1273.0553 | C15: 1.2472 | F15: =(0.0975*EXP(0.0013*B15))/D$2 -> 0.90784871 | I15: 42592 | K15: 2002 | L15: 0.60602264 | M15: 1.3431 | N15: 0.81394901 | P15: 2014 | Q15: 11 | R15: 2014.8333 | S15: 0.69964459 | T15: 0.0959 | U15: 0.067095916
A16: 1161.333 | B16: =AVERAGE(A15:A17) -> 1162.4997 | C16: 1.3431 | F16: =(0.0975*EXP(0.0013*B16))/D$2 -> 0.78631335 | I16: 42564 | K16: 2001 | L16: 0.57796368 | M16: 1.2472 | N16: 0.7208363 | P16: 2014 | Q16: 10 | R16: 2014.75 | S16: 0.71527886 | T16: 0.096 | U16: 0.06866677
A17: 1059.833 | B17: =AVERAGE(A16:A18) -> 1041.722 | C17: 1.4391 | F17: =(0.0975*EXP(0.0013*B17))/D$2 -> 0.67205784 | I17: 42537 | K17: 2000 | L17: 0.53182015 | M17: 1.0553 | N17: 0.5612298 | P17: 2014 | Q17: 9 | R17: 2014.6667 | S17: 0.70060542 | T17: 0.0959 | U17: 0.067188059
A18: 904 | B18: =AVERAGE(A17:A19) -> 901 | C18: 1.535 | F18: =(0.0975*EXP(0.0013*B18))/D$2 -> 0.55970273 | I18: 42510 | K18: 1999 | L18: 0.47788968 | M18: 1.2472 | N18: 0.59602401 | P18: 2014 | Q18: 8 | R18: 2014.5833 | S18: 0.67395376 | T18: 0.096 | U18: 0.064699561
A19: 739.167 | B19: =AVERAGE(A18:A20) -> 775.72233 | C19: 1.6309 | F19: =(0.0975*EXP(0.0013*B19))/D$2 -> 0.47558463 | I19: 42482 | K19: 1998 | L19: 0.59041437 | M19: 1.7269 | N19: 1.0195866 | P19: 2014 | Q19: 7 | R19: 2014.5 | S19: 0.63984979 | T19: 0.0959 | U19: 0.061361595
A20: 684 | B20: =AVERAGE(A19:A21) -> 689.94467 | C20: 1.7269 | F20: =(0.0975*EXP(0.0013*B20))/D$2 -> 0.42540169 | I20: 42455 | K20: 1997 | L20: 0.57889118 | M20: 1.0553 | N20: 0.61090386 | P20: 2014 | Q20: 6 | R20: 2014.4167 | S20: 0.60624454 | T20: 0.0959 | U20: 0.058138852
A21: 646.667 | B21: =AVERAGE(A20:A22) -> 672.05567 | C21: 1.8228 | F21: =(0.0975*EXP(0.0013*B21))/D$2 -> 0.41562282 | G21: Baja | H21: 1 | I21: 42428 | K21: 1996 | L21: 0.68199288 | M21: 1.3431 | N21: 0.91598464 | P21: 2014 | Q21: 5 | R21: 2014.3333 | S21: 0.57831718 | T21: 0.096 | U21: 0.055518449
A22: 685.5 | B22: =AVERAGE(A21:A23) -> 689.61133 | C22: 1.9188 | F22: =(0.0975*EXP(0.0013*B22))/D$2 -> 0.42521739 | I22: 42408 | K22: 1995 | L22: 0.60270082 | M22: 1.2472 | N22: 0.75168846 | P22: 2014 | Q22: 4 | R22: 2014.25 | S22: 0.55611671 | T22: 0.04795 | U22: 0.026665796
A23: 736.667 | B23: =AVERAGE(A22:A24) -> 746.11133 | C23: 2.0147 | F23: =(0.0975*EXP(0.0013*B23))/D$2 -> 0.45762521 | I23: 42388 | K23: 1994 | L23: 0.56655436 | M23: 1.535 | N23: 0.86966094 | P23: 2014 | Q23: 3 | R23: 2014.1667 | S23: 0.55441492 | T23: 0.04795
A24: 816.167 | B24: =AVERAGE(A23:A25) -> 817.44467 | C24: 2.1106 | F24: =(0.0975*EXP(0.0013*B24))/D$2 -> 0.50209225 | I24: 42368 | K24: 1993 | L24: 0.64866729 | M24: 1.1512 | N24: 0.74674579 | P24: 2014 | Q24: 2 | R24: 2014.0833 | S24: 0.55271314 | T24: 0.096 | U24: 0.053060462
A25: 899.5 | B25: =AVERAGE(A24:A26) -> 918 | C25: 2.2066 | F25: =(0.0975*EXP(0.0013*B25))/D$2 -> 0.57220986 | I25: 42348 | K25: 1992 | L25: 0.6382547 | M25: 0.9594 | N25: 0.61234156 | P25: 2014 | Q25: 1 | R25: 2014 | S25: 0.56682148 | T25: 0.0959 | U25: 0.05435818
A26: 1038.333 | B26: =AVERAGE(A25:A27) -> 1041.3887 | C26: 2.3025 | F26: =(0.0975*EXP(0.0013*B26))/D$2 -> 0.67176668 | I26: 42328 | K26: 1991 | L26: 0.52360704 | M26: 1.1938 | N26: 0.62508208 | P26: 2013 | Q26: 12 | R26: 2013.9167 | S26: 0.61515363 | T26: 0.0959 | U26: 0.058993233
A27: 1186.333 | B27: =AVERAGE(A26:A28) -> 1095.8887 | C27: 2.3984 | F27: =(0.0975*EXP(0.0013*B27))/D$2 -> 0.72108792 | G27: Alta | H27: 2 | I27: 42308 | K27: 1990 | L27: 0.46604976 | M27: 1.35 | N27: 0.62916717 | P27: 2013 | Q27: 11 | R27: 2013.8333 | S27: 0.69240569 | T27: 0.096 | U27: 0.066470946
A28: 1063 | B28: =AVERAGE(A27:A29) -> 1047.222 | C28: 2.4944 | F28: =(0.0975*EXP(0.0013*B28))/D$2 -> 0.67688027 | I28: 42259 | K28: 1989 | L28: 0.56647144 | M28: 0.81 | N28: 0.45884187 | P28: 2013 | Q28: 10 | R28: 2013.75 | S28: 0.75231519 | T28: 0.0959 | U28: 0.072147027
A29: 892.333 | B29: =AVERAGE(A28:A30) -> 930.44433 | C29: 2.5903 | F29: =(0.0975*EXP(0.0013*B29))/D$2 -> 0.58154214 | I29: 42210 | K29: 1988 | L29: 0.51339646 | M29: 1.17 | N29: 0.60067386 | P29: 2013 | Q29: 9 | R29: 2013.6667 | S29: 0.75826107 | T29: 0.0959 | U29: 0.072717236
A30: 836 | B30: =AVERAGE(A29:A31) -> 842.722 | C30: 2.6862 | F30: =(0.0975*EXP(0.0013*B30))/D$2 -> 0.51886535 | I30: 42161 | K30: 1987 | L30: 0.70980997 | M30: 0.72 | N30: 0.51106318 | P30: 2013 | Q30: 8 | R30: 2013.5833 | S30: 0.70767393 | T30: 0.096 | U30: 0.067936698
A31: 799.833 | B31: =AVERAGE(A30:A32) -> 807.111 | C31: 2.7822 | F31: =(0.0975*EXP(0.0013*B31))/D$2 -> 0.49539237 | I31: 42112 | K31: 1986 | L31: 0.71308894 | M31: 1.17 | N31: 0.83431406 | P31: 2013 | Q31: 7 | R31: 2013.5 | S31: 0.65433698 | T31: 0.0959 | U31: 0.062750916
A32: 785.5 | B32: =AVERAGE(A31:A33) -> 786.94433 | C32: 2.8781 | F32: =(0.0975*EXP(0.0013*B32))/D$2 -> 0.4825736 | G32: Baja | H32: 2 | I32: 42063 | K32: 1985 | L32: 0.76888203 | M32: 0.9 | N32: 0.69199383 | P32: 2013 | Q32: 6 | R32: 2013.4167 | S32: 0.58546131 | T32: 0.096 | U32: 0.056204286
A33: 775.5 | B33: =AVERAGE(A32:A34) -> 807.05567 | C33: 2.9741 | F33: =(0.0975*EXP(0.0013*B33))/D$2 -> 0.49535673 | I33: 42043 | K33: 1984 | L33: 0.56494685 | M33: 0.9 | N33: 0.50845216 | P33: 2013 | Q33: 5 | R33: 2013.3333 | S33: 0.50129483 | T33: 0.0959 | U33: 0.048074174
A34: 860.167 | B34: =AVERAGE(A33:A35) -> 866.05567 | C34: 3.07 | F34: =(0.0975*EXP(0.0013*B34))/D$2 -> 0.53484564 | I34: 42023 | K34: 1983 | L34: 0.47066682 | M34: 0.99 | N34: 0.46596016 | P34: 2013 | Q34: 4 | R34: 2013.25 | S34: 0.42435813 | T34: 0.04795 | U34: 0.020347972
A35: 962.5 | B35: =AVERAGE(A34:A36) -> 951.278 | C35: 3.1659 | F35: =(0.0975*EXP(0.0013*B35))/D$2 -> 0.59750772 | I35: 42003 | K35: 1982 | L35: 0.51961967 | M35: 0.81 | N35: 0.42089193 | P35: 2013 | Q35: 3 | R35: 2013.1667 | S35: 0.39852785 | T35: 0.04795
A36: 1031.167 | B36: =AVERAGE(A35:A37) -> 1029 | C36: 3.2619 | F36: =(0.0975*EXP(0.0013*B36))/D$2 -> 0.66103435 | I36: 41983 | K36: 1981 | L36: 0.68807474 | M36: 1.08 | N36: 0.74312072 | P36: 2013 | Q36: 2 | R36: 2013.0833 | S36: 0.37269757 | T36: 0.1919 | U36: 0.071520663
A37: 1093.333 | B37: =AVERAGE(A36:A38) -> 1072.6667 | C37: 3.3578 | F37: =(0.0975*EXP(0.0013*B37))/D$2 -> 0.69964459 | I37: 41963 | K37: 1980 | L37: 0.8321588 | M37: 0.72 | N37: 0.59915434 | P37: 2013 | Q37: 1 | R37: 2013 | S37: 0.43015939 | T37: 0.0959 | U37: 0.041252285
A38: 1093.5 | B38: =AVERAGE(A37:A39) -> 1089.6667 | C38: 3.4537 | F38: =(0.0975*EXP(0.0013*B38))/D$2 -> 0.71527886 | G38: Alta | H38: 3 | I38: 41943 | K38: 1979 | L38: 0.87383858 | M38: 0.81 | N38: 0.70780925 | P38: 2012 | Q38: 12 | R38: 2012.9167 | S38: 0.66573236 | T38: 0.1919 | U38: 0.12775404
A39: 1082.167 | B39: =AVERAGE(A38:A40) -> 1073.7223 | C39: 3.5497 | F39: =(0.0975*EXP(0.0013*B39))/D$2 -> 0.70060542 | I39: 41908 | K39: 1978 | L39: 0.82153474 | M39: 0.9 | N39: 0.73938127 | P39: 2012 | Q39: 11 | R39: 2012.8333 | S39: 0.94689048 | T39: 0.0959 | U39: 0.090806797
A40: 1045.5 | B40: =AVERAGE(A39:A41) -> 1043.889 | C40: 3.6456 | F40: =(0.0975*EXP(0.0013*B40))/D$2 -> 0.67395376 | I40: 41873 | K40: 1977 | L40: 0.88234652 | M40: 0.99 | N40: 0.87352305 | P40: 2012 | Q40: 10 | R40: 2012.75 | S40: 1.0293394 | T40: 0.096 | U40: 0.098816578
A41: 1004 | B41: =AVERAGE(A40:A42) -> 1003.9443 | C41: 3.7416 | F41: =(0.0975*EXP(0.0013*B41))/D$2 -> 0.63984979 | I41: 41838 | K41: 1976 | L41: 0.83695576 | M41: 0.72 | N41: 0.60260815 | P41: 2012 | Q41: 9 | R41: 2012.6667 | S41: 0.97225412 | T41: 0.04795 | U41: 0.046619585
A42: 962.333 | B42: =AVERAGE(A41:A43) -> 962.44433 | C42: 3.8375 | F42: =(0.0975*EXP(0.0013*B42))/D$2 -> 0.60624454 | I42: 41803 | K42: 1975 | L42: 0.79251427 | M42: 0.9 | N42: 0.71326284 | P42: 2012 | Q42: 8 | R42: 2012.5833 | S42: 0.92856154 | T42: 0.04795
A43: 921 | B43: =AVERAGE(A42:A44) -> 926.16667 | C43: 3.9334 | F43: =(0.0975*EXP(0.0013*B43))/D$2 -> 0.57831718 | I43: 41768 | K43: 1974 | L43: 0.79183187 | M43: 0.72 | N43: 0.57011895 | P43: 2012 | Q43: 7 | R43: 2012.5 | S43: 0.88486897 | T43: 0.096 | U43: 0.084947421
A44: 895.167 | B44: =AVERAGE(A43:A45) -> 896.05567 | C44: 4.0294 | F44: =(0.0975*EXP(0.0013*B44))/D$2 -> 0.55611671 | I44: 41733 | K44: 1973 | L44: 0.92565528 | M44: 0.9 | N44: 0.83308975 | P44: 2012 | Q44: 6 | R44: 2012.4167 | S44: 0.80342045 | T44: 0.04795 | U44: 0.03852401
A45: 872 | B45: =AVERAGE(A44:A46) -> 891.33333 | C45: 4.1253 | F45: =(0.0975*EXP(0.0013*B45))/D$2 -> 0.55271314 | G45: Baja | H45: 3 | I45: 41698 | K45: 1972 | L45: 0.62930058 | M45: 0.99 | N45: 0.62300757 | P45: 2012 | Q45: 5 | R45: 2012.3333 | S45: 0.77049735 | T45: 0.04795
A46: 906.833 | B46: =AVERAGE(A45:A47) -> 910.722 | C46: 4.2213 | F46: =(0.0975*EXP(0.0013*B46))/D$2 -> 0.56682148 | I46: 41668 | K46: 1971 | L46: 0.4576357 | M46: 1.08 | N46: 0.49424656 | P46: 2012 | Q46: 4 | R46: 2012.25 | S46: 0.73757426 | T46: 0.04795 | U46: 0.035366686
A47: 953.333 | B47: =AVERAGE(A46:A48) -> 973.66633 | C47: 4.3172 | F47: =(0.0975*EXP(0.0013*B47))/D$2 -> 0.61515363 | I47: 41638 | K47: 1970 | L47: 0.5273404 | M47: 0.81 | N47: 0.42714572 | P47: 2012 | Q47: 3 | R47: 2012.1667 | S47: 0.73037422 | T47: 0.04795
A48: 1060.833 | B48: =AVERAGE(A47:A49) -> 1064.6663 | C48: 4.4131 | F48: =(0.0975*EXP(0.0013*B48))/D$2 -> 0.69240569 | I48: 41608 | K48: 1969 | L48: 0.50302761 | M48: 0.63 | N48: 0.31690739 | P48: 2012 | Q48: 2 | R48: 2012.0833 | S48: 0.72317418 | T48: 0.096 | U48: 0.069424721
A49: 1179.833 | B49: =AVERAGE(A48:A50) -> 1128.4997 | C49: 4.5091 | F49: =(0.0975*EXP(0.0013*B49))/D$2 -> 0.75231519 | G49: Alta | H49: 4 | I49: 41578 | K49: 1968 | L49: 0.48174978 | M49: 0.63 | N49: 0.30350236 | P49: 2012 | Q49: 1 | R49: 2012 | S49: 0.75820652 | T49: 0.0959 | U49: 0.072712006
A50: 1144.833 | B50: =AVERAGE(A49:A51) -> 1134.5553 | C50: 4.605 | F50: =(0.0975*EXP(0.0013*B50))/D$2 -> 0.75826107 | I50: 41543 | K50: 1967 | L50: 0.39183493 | M50: 0.99 | N50: 0.38791658 | P50: 2011 | Q50: 12 | R50: 2011.9167 | S50: 0.8453261 | T50: 0.096 | U50: 0.081151306
A51: 1079 | B51: =AVERAGE(A50:A52) -> 1081.4443 | C51: 4.7009 | F51: =(0.0975*EXP(0.0013*B51))/D$2 -> 0.70767393 | I51: 41508 | K51: 1966 | L51: 0.46979164 | M51: 1.08 | N51: 0.50737497 | P51: 2011 | Q51: 11 | R51: 2011.8333 | S51: 0.9502475 | T51: 0.0959 | U51: 0.091128735
A52: 1020.5 | B52: =AVERAGE(A51:A53) -> 1021.1667 | C52: 4.7969 | F52: =(0.0975*EXP(0.0013*B52))/D$2 -> 0.65433698 | I52: 41473 | K52: 1965 | L52: 0.30943052 | M52: 1.35 | N52: 0.4177312 | P52: 2011 | Q52: 10 | R52: 2011.75 | S52: 1.0214891 | T52: 0.0959 | U52: 0.097960808
A53: 964 | B53: =AVERAGE(A52:A54) -> 935.611 | C53: 4.8928 | F53: =(0.0975*EXP(0.0013*B53))/D$2 -> 0.58546131 | I53: 41438 | K53: 1964 | L53: 0.40608274 | M53: 1.26 | N53: 0.51166426 | P53: 2011 | Q53: 9 | R53: 2011.6667 | S53: 1.0431846 | T53: 0.096 | U53: 0.10014572
A54: 822.333 | B54: =AVERAGE(A53:A55) -> 816.222 | C54: 4.9888 | F54: =(0.0975*EXP(0.0013*B54))/D$2 -> 0.50129483 | I54: 41403 | K54: 1963 | L54: 0.58190409 | M54: 0.9 | N54: 0.52371368 | P54: 2011 | Q54: 8 | R54: 2011.5833 | S54: 1.0069858 | T54: 0.0959 | U54: 0.096569937
A55: 662.333 | B55: =AVERAGE(A54:A56) -> 688.05533 | C55: 5.0847 | F55: =(0.0975*EXP(0.0013*B55))/D$2 -> 0.42435813 | I55: 41368 | K55: 1962 | L55: 0.58775483 | M55: 0.99 | N55: 0.58187728 | P55: 2011 | Q55: 7 | R55: 2011.5 | S55: 0.95589191 | T55: 0.0959 | U55: 0.091670034
A56: 579.5 | B56: =AVERAGE(A55:A57) -> 585 | C56: 5.1806 | F56: =(0.0975*EXP(0.0013*B56))/D$2 -> 0.37114982 | G56: Baja | H56: 4 | I56: 41333 | K56: 1961 | L56: 0.4108249 | M56: 0.72 | N56: 0.29579392 | P56: 2011 | Q56: 6 | R56: 2011.4167 | S56: 0.91093624 | T56: 0.096 | U56: 0.087449879
A57: 513.167 | B57: =AVERAGE(A56:A58) -> 591.389 | C57: 5.2766 | F57: =(0.0975*EXP(0.0013*B57))/D$2 -> 0.37424532 | I57: 41313 | K57: 1960 | L57: 0.6395572 | M57: 1.17 | N57: 0.74828193 | P57: 2011 | Q57: 5 | R57: 2011.3333 | S57: 0.87888191 | T57: 0.0959 | U57: 0.084284775
A58: 681.5 | B58: =AVERAGE(A57:A59) -> 698.5 | C58: 5.3725 | F58: =(0.0975*EXP(0.0013*B58))/D$2 -> 0.43015939 | I58: 41293 | K58: 1959 | L58: 0.79314393 | M58: 1.08 | N58: 0.85659545 | P58: 2011 | Q58: 4 | R58: 2011.25 | S58: 0.86640333 | T58: 0.04795 | U58: 0.04154404
A59: 900.833 | B59: =AVERAGE(A58:A60) -> 907.94433 | C59: 5.4684 | F59: =(0.0975*EXP(0.0013*B59))/D$2 -> 0.5647784 | I59: 41273 | K59: 1958 | L59: 0.85358904 | M59: 0.9 | N59: 0.76823013 | P59: 2011 | Q59: 3 | R59: 2011.1667 | S59: 0.87691558 | T59: 0.04795
A60: 1141.5 | B60: =AVERAGE(A59:A61) -> 1143.0553 | C60: 5.5644 | F60: =(0.0975*EXP(0.0013*B60))/D$2 -> 0.76668631 | I60: 41253 | K60: 1957 | L60: 0.87046007 | M60: 0.99 | N60: 0.86175547 | P60: 2011 | Q60: 2 | R60: 2011.0833 | S60: 0.88742783 | T60: 0.1919 | U60: 0.1702974
A61: 1386.833 | B61: =AVERAGE(A60:A62) -> 1305.4443 | C61: 5.6603 | F61: =(0.0975*EXP(0.0013*B61))/D$2 -> 0.94689048 | I61: 41233 | K61: 1956 | L61: 0.90745917 | M61: 0.99 | N61: 0.89838457 | P61: 2011 | Q61: 1 | R61: 2011 | S61: 1.012309 | T61: 0.096 | U61: 0.097181664
A62: 1388 | B62: =AVERAGE(A61:A63) -> 1369.6667 | C62: 5.7562 | F62: =(0.0975*EXP(0.0013*B62))/D$2 -> 1.0293394 | G62: Alta | H62: 5 | I62: 41213 | K62: 1955 | L62: 0.79348022 | M62: 1.08 | N62: 0.85695864 | P62: 2010 | Q62: 12 | R62: 2010.9167 | S62: 1.1654876 | T62: 0.0959 | U62: 0.11177026
A63: 1334.167 | B63: =AVERAGE(A62:A64) -> 1325.778 | C63: 5.8522 | F63: =(0.0975*EXP(0.0013*B63))/D$2 -> 0.97225412 | I63: 41163 | K63: 1954 | L63: 0.80047316 | M63: 1.08 | N63: 0.86451101 | P63: 2010 | Q63: 11 | R63: 2010.8333 | S63: 1.3238439 | T63: 0.0959 | U63: 0.12695663
A64: 1255.167 | B64: =AVERAGE(A63:A65) -> 1253.3337 | C64: 5.9481 | F64: =(0.0975*EXP(0.0013*B64))/D$2 -> 0.88486897 | I64: 41114 | K64: 1953 | L64: 0.73105875 | M64: 0.9 | N64: 0.65795287 | P64: 2010 | Q64: 10 | R64: 2010.75 | S64: 1.3575382 | T64: 0.096 | U64: 0.13032366
A65: 1170.667 | B65: =AVERAGE(A64:A66) -> 1179.0557 | C65: 6.0441 | F65: =(0.0975*EXP(0.0013*B65))/D$2 -> 0.80342045 | I65: 41065 | K65: 1952 | L65: 0.77029891 | M65: 1.44 | N65: 1.1092304 | P65: 2010 | Q65: 9 | R65: 2010.6667 | S65: 1.2556745 | T65: 0.04795 | U65: 0.060209593
A66: 1111.333 | B66: =AVERAGE(A65:A67) -> 1113.2777 | C66: 6.14 | F66: =(0.0975*EXP(0.0013*B66))/D$2 -> 0.73757426 | I66: 41016 | K66: 1951 | L66: 0.47355552 | M66: 1.44 | N66: 0.68191996 | P66: 2010 | Q66: 8 | R66: 2010.5833 | S66: 1.1555301 | T66: 0.04795
A67: 1057.833 | B67: =AVERAGE(A66:A68) -> 1098.111 | C67: 6.2359 | F67: =(0.0975*EXP(0.0013*B67))/D$2 -> 0.72317418 | G67: Baja | H67: 5 | I67: 40967 | K67: 1950 | L67: 0.54220108 | M67: 1.89 | N67: 1.02476 | P67: 2010 | Q67: 7 | R67: 2010.5 | S67: 1.0553856 | T67: 0.096 | U67: 0.10131702
A68: 1125.167 | B68: =AVERAGE(A67:A69) -> 1134.5 | C68: 6.3319 | F68: =(0.0975*EXP(0.0013*B68))/D$2 -> 0.75820652 | I68: 40937 | P68: 2010 | Q68: 6 | R68: 2010.4167 | S68: 0.87186437 | T68: 0.04795 | U68: 0.041805897
A69: 1220.5 | B69: =AVERAGE(A68:A70) -> 1218.1667 | C69: 6.4278 | F69: =(0.0975*EXP(0.0013*B69))/D$2 -> 0.8453261 | I69: 40907 | P69: 2010 | Q69: 5 | R69: 2010.3333 | S69: 0.81154705 | T69: 0.04795
A70: 1308.833 | B70: =AVERAGE(A69:A71) -> 1308.1667 | C70: 6.5238 | F70: =(0.0975*EXP(0.0013*B70))/D$2 -> 0.9502475 | I70: 40877 | P70: 2010 | Q70: 4 | R70: 2010.25 | S70: 0.75122973 | T70: 0.04795 | U70: 0.036021466
A71: 1395.167 | B71: =AVERAGE(A70:A72) -> 1363.7777 | C71: 6.6197 | F71: =(0.0975*EXP(0.0013*B71))/D$2 -> 1.0214891 | G71: Alta | H71: 6 | I71: 40847 | P71: 2010 | Q71: 3 | R71: 2010.1667 | S71: 0.71925593 | T71: 0.04795
A72: 1387.333 | B72: =AVERAGE(A71:A73) -> 1379.9443 | C72: 6.7156 | F72: =(0.0975*EXP(0.0013*B72))/D$2 -> 1.0431846 | I72: 40812 | P72: 2010 | Q72: 2 | R72: 2010.0833 | S72: 0.68728212 | T72: 0.1919 | U72: 0.13188944
A73: 1357.333 | B73: =AVERAGE(A72:A74) -> 1352.7777 | C73: 6.8116 | F73: =(0.0975*EXP(0.0013*B73))/D$2 -> 1.0069858 | I73: 40777 | P73: 2010 | Q73: 1 | R73: 2010 | S73: 0.83731562 | T73: 0.1919 | U73: 0.16068087
A74: 1313.667 | B74: =AVERAGE(A73:A75) -> 1312.7223 | C74: 6.9075 | F74: =(0.0975*EXP(0.0013*B74))/D$2 -> 0.95589191 | I74: 40742 | P74: 2009 | Q74: 12 | R74: 2009.9167 | S74: 0.9628211 | T74: 0.1918 | U74: 0.18466909
A75: 1267.167 | B75: =AVERAGE(A74:A76) -> 1275.667 | C75: 7.0034 | F75: =(0.0975*EXP(0.0013*B75))/D$2 -> 0.91093624 | I75: 40707 | P75: 2009 | Q75: 11 | R75: 2009.8333 | S75: 0.96714153 | T75: 0.096 | U75: 0.092845586
A76: 1246.167 | B76: =AVERAGE(A75:A77) -> 1248.1113 | C76: 7.0994 | F76: =(0.0975*EXP(0.0013*B76))/D$2 -> 0.87888191 | I76: 40672 | P76: 2009 | Q76: 10 | R76: 2009.75 | S76: 0.94901298 | T76: 0.04795 | U76: 0.045505172
A77: 1231 | B77: =AVERAGE(A76:A78) -> 1237.1113 | C77: 7.1953 | F77: =(0.0975*EXP(0.0013*B77))/D$2 -> 0.86640333 | I77: 40637 | P77: 2009 | Q77: 9 | R77: 2009.6667 | S77: 0.91854148 | T77: 0.04795
A78: 1234.167 | B78: =AVERAGE(A77:A79) -> 1235.7223 | C78: 7.2912 | F78: =(0.0975*EXP(0.0013*B78))/D$2 -> 0.86484028 | G78: Baja | H78: 6 | I78: 40602 | P78: 2009 | Q78: 8 | R78: 2009.5833 | S78: 0.88806997 | T78: 0.016 | U78: 0.042627359
A79: 1242 | B79: =AVERAGE(A78:A80) -> 1274.889 | C79: 7.3872 | F79: =(0.0975*EXP(0.0013*B79))/D$2 -> 0.91001539 | I79: 40578 | P79: 2009 | Q79: 7 | R79: 2009.5 | S79: 0.8665308 | T79: 0.016
A80: 1348.5 | B80: =AVERAGE(A79:A81) -> 1356.8333 | C80: 7.4831 | F80: =(0.0975*EXP(0.0013*B80))/D$2 -> 1.012309 | I80: 40554 | P80: 2009 | Q80: 6 | R80: 2009.4167 | S80: 0.84499163 | T80: 0.016
A81: 1480 | B81: =AVERAGE(A80:A82) -> 1465.2223 | C81: 7.5791 | F81: =(0.0975*EXP(0.0013*B81))/D$2 -> 1.1654876 | I81: 40530 | P81: 2009 | Q81: 5 | R81: 2009.3333 | S81: 0.82345245 | T81: 0.015983333 | U81: 0.039484545
A82: 1567.167 | B82: =AVERAGE(A81:A83) -> 1563.2223 | C82: 7.675 | F82: =(0.0975*EXP(0.0013*B82))/D$2 -> 1.3238439 | I82: 40506 | P82: 2009 | Q82: 4 | R82: 2009.25 | S82: 0.81968047 | T82: 0.015983333
A83: 1642.5 | B83: =AVERAGE(A82:A84) -> 1582.5557 | C83: 7.7709 | F83: =(0.0975*EXP(0.0013*B83))/D$2 -> 1.3575382 | G83: Alta | H83: 7 | I83: 40482 | P83: 2009 | Q83: 3 | R83: 2009.1667 | S83: 0.81590848 | T83: 0.015983333
A84: 1538 | B84: =AVERAGE(A83:A85) -> 1522.5557 | C84: 7.8669 | F84: =(0.0975*EXP(0.0013*B84))/D$2 -> 1.2556745 | I84: 40433 | P84: 2009 | Q84: 2 | R84: 2009.0833 | S84: 0.8121365 | T84: 0.1919 | U84: 0.15584899
A85: 1387.167 | B85: =AVERAGE(A84:A86) -> 1388.889 | C85: 7.9628 | F85: =(0.0975*EXP(0.0013*B85))/D$2 -> 1.0553856 | I85: 40384 | P85: 2009 | Q85: 1 | R85: 2009 | S85: 0.91656363 | T85: 0.1919 | U85: 0.17588856
A86: 1241.5 | B86: =AVERAGE(A85:A87) -> 1241.9447 | C86: 8.0588 | F86: =(0.0975*EXP(0.0013*B86))/D$2 -> 0.87186437 | I86: 40335 | P86: 2008 | Q86: 12 | R86: 2008.9167 | S86: 0.98849209 | T86: 0.1918 | U86: 0.18959278
A87: 1097.167 | B87: =AVERAGE(A86:A88) -> 1127.389 | C87: 8.1547 | F87: =(0.0975*EXP(0.0013*B87))/D$2 -> 0.75122973 | I87: 40286 | P87: 2008 | Q87: 11 | R87: 2008.8333 | S87: 1.0153843 | T87: 0.096 | U87: 0.097476896
A88: 1043.5 | B88: =AVERAGE(A87:A89) -> 1051.4447 | C88: 8.2506 | F88: =(0.0975*EXP(0.0013*B88))/D$2 -> 0.6806062 | G88: Baja | H88: 7 | I88: 40237 | P88: 2008 | Q88: 10 | R88: 2008.75 | S88: 1.0060411 | T88: 0.0959 | U88: 0.096479339
A89: 1013.667 | B89: =AVERAGE(A88:A90) -> 1066.389 | C89: 8.3466 | F89: =(0.0975*EXP(0.0013*B89))/D$2 -> 0.69395805 | I89: 40219 | P89: 2008 | Q89: 9 | R89: 2008.6667 | S89: 0.94654875 | T89: 0.0959 | U89: 0.090774025
A90: 1142 | B90: =AVERAGE(A89:A91) -> 1156.1667 | C90: 8.4425 | F90: =(0.0975*EXP(0.0013*B90))/D$2 -> 0.77986628 | I90: 40202 | P90: 2008 | Q90: 8 | R90: 2008.5833 | S90: 0.83827385 | T90: 0.096 | U90: 0.08047429
A91: 1312.833 | B91: =AVERAGE(A90:A92) -> 1261.8887 | C91: 8.5384 | F91: =(0.0975*EXP(0.0013*B91))/D$2 -> 0.89476496 | I91: 40185 | P91: 2008 | Q91: 7 | R91: 2008.5 | S91: 0.72752244 | T91: 0.0959 | U91: 0.069769402
A92: 1330.833 | B92: =AVERAGE(A91:A93) -> 1317.2777 | C92: 8.6344 | F92: =(0.0975*EXP(0.0013*B92))/D$2 -> 0.96156943 | I92: 40168 | P92: 2008 | Q92: 6 | R92: 2008.4167 | S92: 0.62046377 | T92: 0.096 | U92: 0.059564521
A93: 1308.167 | B93: =AVERAGE(A92:A94) -> 1319.2777 | C93: 8.7303 | F93: =(0.0975*EXP(0.0013*B93))/D$2 -> 0.96407276 | I93: 40151 | P93: 2008 | Q93: 5 | R93: 2008.3333 | S93: 0.52164597 | T93: 0.0959 | U93: 0.050025849
A94: 1318.833 | B94: =AVERAGE(A93:A95) -> 1321.7223 | C94: 8.8262 | F94: =(0.0975*EXP(0.0013*B94))/D$2 -> 0.96714153 | I94: 40134 | P94: 2008 | Q94: 4 | R94: 2008.25 | S94: 0.46825676 | T94: 0.04795 | U94: 0.022452912
A95: 1338.167 | B95: =AVERAGE(A94:A96) -> 1307.1667 | C95: 8.9222 | F95: =(0.0975*EXP(0.0013*B95))/D$2 -> 0.94901298 | G95: Alta | H95: 8 | I95: 40117 | P95: 2008 | Q95: 3 | R95: 2008.1667 | S95: 0.47710209 | T95: 0.04795
A96: 1264.5 | B96: =AVERAGE(A95:A97) -> 1256.1113 | C96: 9.0181 | F96: =(0.0975*EXP(0.0013*B96))/D$2 -> 0.88806997 | I96: 40035 | P96: 2008 | Q96: 2 | R96: 2008.0833 | S96: 0.48594743 | T96: 0.1919 | U96: 0.093253312
A97: 1165.667 | B97: =AVERAGE(A96:A98) -> 1198 | C97: 9.1141 | F97: =(0.0975*EXP(0.0013*B97))/D$2 -> 0.82345245 | I97: 39953 | P97: 2008 | Q97: 1 | R97: 2008 | S97: 0.56981786 | T97: 0.0959 | U97: 0.054645533
A98: 1163.833 | B98: =AVERAGE(A97:A99) -> 1172.889 | C98: 9.21 | F98: =(0.0975*EXP(0.0013*B98))/D$2 -> 0.79700544 | G98: Baja | H98: 8 | I98: 39872 | P98: 2007 | Q98: 12 | R98: 2007.9167 | S98: 0.68457583 | T98: 0.1919 | U98: 0.1313701
A99: 1189.167 | B99: =AVERAGE(A98:A100) -> 1201.5557 | C99: 9.3059 | F99: =(0.0975*EXP(0.0013*B99))/D$2 -> 0.82726756 | I99: 39854 | P99: 2007 | Q99: 11 | R99: 2007.8333 | S99: 0.808309 | T99: 0.0959 | U99: 0.077516833
A100: 1251.667 | B100: =AVERAGE(A99:A101) -> 1255.0557 | C100: 9.4019 | F100: =(0.0975*EXP(0.0013*B100))/D$2 -> 0.88685205 | I100: 39837 | P100: 2007 | Q100: 10 | R100: 2007.75 | S100: 0.87003996 | T100: 0.096 | U100: 0.083523836
...

Sheet Mean-Annual
A1: DENSITY | H1: EXTENSION | O1: CALCIFICATION
A2: Year | B2: VAR1 | C2: VAR2 | D2: VAR3 | E2: VAR4 | F2: TOTAL | H2: Year | I2: VAR1 | J2: VAR2 | K2: VAR3 | L2: VAR4 | M2: TOTAL | O2: Year | P2: VAR1 | Q2: VAR2 | R2: VAR3 | S2: VAR4 | T2: TOTAL
A3: 2015 | B3: 0.66367558 | C3: =SUM('VAR2-Cor'!K2,'VAR2-Sag'!K2)/2 -> 0.62070003 | D3: =SUM('VAR3-Cor'!K2,'VAR3-Sag'!L2)/2 -> 1.0227758 | E3: =SUM('VAR4-Cor'!L2,'VAR4-Sag'!L2)/2 -> 0.55092273 | F3: =AVERAGE(B3:E3) -> 0.71451854 | H3: 2015 | I3: 1.5082 | J3: =SUM('VAR2-Cor'!L2,'VAR2-Sag'!L2)/2 -> 0.8614 | K3: =SUM('VAR3-Cor'!L2,'VAR3-Sag'!M2)/2 -> 0.707585 | L3: =SUM('VAR4-Cor'!M2,'VAR4-Sag'!M2)/2 -> 1.0073 | M3: =AVERAGE(I3:L3) -> 1.0211212 | O3: 2015 | P3: 1.0009555 | Q3: =SUM('VAR2-Cor'!M2,'VAR2-Sag'!M2)/2 -> 0.534671 | R3: =SUM('VAR3-Cor'!M2,'VAR3-Sag'!N2)/2 -> 0.71756853 | S3: =SUM('VAR4-Cor'!N2,'VAR4-Sag'!N2)/2 -> 0.55578431 | T3: =AVERAGE(P3:S3) -> 0.70224484
A4: 2014 | B4: 0.64346974 | C4: =SUM('VAR2-Cor'!K3,'VAR2-Sag'!K3)/2 -> 0.64222612 | D4: =SUM('VAR3-Cor'!K3,'VAR3-Sag'!L3)/2 -> 0.72230319 | E4: =SUM('VAR4-Cor'!L3,'VAR4-Sag'!L3)/2 -> 0.6730718 | F4: =AVERAGE(B4:E4) -> 0.67026771 | H4: 2014 | I4: 1.6148 | J4: =SUM('VAR2-Cor'!L3,'VAR2-Sag'!L3)/2 -> 1.66135 | K4: =SUM('VAR3-Cor'!L3,'VAR3-Sag'!M3)/2 -> 1.01528 | L4: =SUM('VAR4-Cor'!M3,'VAR4-Sag'!M3)/2 -> 1.07935 | M4: =AVERAGE(I4:L4) -> 1.342695 | O4: 2014 | P4: 1.0390749 | Q4: =SUM('VAR2-Cor'!M3,'VAR2-Sag'!M3)/2 -> 1.0771725 | R4: =SUM('VAR3-Cor'!M3,'VAR3-Sag'!N3)/2 -> 0.77270753 | S4: =SUM('VAR4-Cor'!N3,'VAR4-Sag'!N3)/2 -> 0.72330961 | T4: =AVERAGE(P4:S4) -> 0.90306613
A5: 2013 | B5: 0.61306653 | C5: =SUM('VAR2-Cor'!K4,'VAR2-Sag'!K4)/2 -> 0.57407599 | D5: =SUM('VAR3-Cor'!K4,'VAR3-Sag'!L4)/2 -> 0.75686751 | E5: =SUM('VAR4-Cor'!L4,'VAR4-Sag'!L4)/2 -> 0.67628116 | F5: =AVERAGE(B5:E5) -> 0.6550728 | H5: 2013 | I5: 1.7519 | J5: =SUM('VAR2-Cor'!L4,'VAR2-Sag'!L4)/2 -> 1.2922 | K5: =SUM('VAR3-Cor'!L4,'VAR3-Sag'!M4)/2 -> 0.523 | L5: =SUM('VAR4-Cor'!M4,'VAR4-Sag'!M4)/2 -> 1.1512 | M5: =AVERAGE(I5:L5) -> 1.179575 | O5: 2013 | P5: 1.0740313 | Q5: =SUM('VAR2-Cor'!M4,'VAR2-Sag'!M4)/2 -> 0.73136274 | R5: =SUM('VAR3-Cor'!M4,'VAR3-Sag'!N4)/2 -> 0.39708989 | S5: =SUM('VAR4-Cor'!N4,'VAR4-Sag'!N4)/2 -> 0.77853488 | T5: =AVERAGE(P5:S5) -> 0.74525469
A6: 2012 | B6: 0.62324338 | C6: =SUM('VAR2-Cor'!K5,'VAR2-Sag'!K5)/2 -> 0.52368544 | D6: =SUM('VAR3-Cor'!K5,'VAR3-Sag'!L5)/2 -> 0.86020557 | E6: =SUM('VAR4-Cor'!L5,'VAR4-Sag'!L5)/2 -> 0.80910702 | F6: =AVERAGE(B6:E6) -> 0.70406035 | H6: 2012 | I6: 1.8129 | J6: =SUM('VAR2-Cor'!L5,'VAR2-Sag'!L5)/2 -> 1.0768 | K6: =SUM('VAR3-Cor'!L5,'VAR3-Sag'!M5)/2 -> 0.7076 | L6: =SUM('VAR4-Cor'!M5,'VAR4-Sag'!M5)/2 -> 0.86345 | M6: =AVERAGE(I6:L6) -> 1.1151875 | O6: 2012 | P6: 1.1298779 | Q6: =SUM('VAR2-Cor'!M5,'VAR2-Sag'!M5)/2 -> 0.58705831 | R6: =SUM('VAR3-Cor'!M5,'VAR3-Sag'!N5)/2 -> 0.61553128 | S6: =SUM('VAR4-Cor'!N5,'VAR4-Sag'!N5)/2 -> 0.69954576 | T6: =AVERAGE(P6:S6) -> 0.75800332
A7: 2011 | B7: 0.49989233 | C7: =SUM('VAR2-Cor'!K6,'VAR2-Sag'!K6)/2 -> 0.62126067 | D7: =SUM('VAR3-Cor'!K6,'VAR3-Sag'!L6)/2 -> 1.152103 | E7: =SUM('VAR4-Cor'!L6,'VAR4-Sag'!L6)/2 -> 0.87060685 | F7: =AVERAGE(B7:E7) -> 0.7859657 | H7: 2011 | I7: 1.4321 | J7: =SUM('VAR2-Cor'!L6,'VAR2-Sag'!L6)/2 -> 0.9537 | K7: =SUM('VAR3-Cor'!L6,'VAR3-Sag'!M6)/2 -> 0.73837 | L7: =SUM('VAR4-Cor'!M6,'VAR4-Sag'!M6)/2 -> 1.07935 | M7: =AVERAGE(I7:L7) -> 1.05088 | O7: 2011 | P7: 0.71589581 | Q7: =SUM('VAR2-Cor'!M6,'VAR2-Sag'!M6)/2 -> 0.56870008 | R7: =SUM('VAR3-Cor'!M6,'VAR3-Sag'!N6)/2 -> 0.8888782 | S7: =SUM('VAR4-Cor'!N6,'VAR4-Sag'!N6)/2 -> 0.94460146 | T7: =AVERAGE(P7:S7) -> 0.77951889
A8: 2010 | B8: 0.63715169 | C8: =SUM('VAR2-Cor'!K7,'VAR2-Sag'!K7)/2 -> 0.74836514 | D8: =SUM('VAR3-Cor'!K7,'VAR3-Sag'!L7)/2 -> 0.7972046 | E8: =SUM('VAR4-Cor'!L7,'VAR4-Sag'!L7)/2 -> 0.9054073 | F8: =AVERAGE(B8:E8) -> 0.77203218 | H8: 2010 | I8: 1.4472 | J8: =SUM('VAR2-Cor'!L7,'VAR2-Sag'!L7)/2 -> 0.8922 | K8: =SUM('VAR3-Cor'!L7,'VAR3-Sag'!M7)/2 -> 0.73838 | L8: =SUM('VAR4-Cor'!M7,'VAR4-Sag'!M7)/2 -> 0.93535 | M8: =AVERAGE(I8:L8) -> 1.0032825 | O8: 2010 | P8: 0.92208592 | Q8: =SUM('VAR2-Cor'!M7,'VAR2-Sag'!M7)/2 -> 0.66472599 | R8: =SUM('VAR3-Cor'!M7,'VAR3-Sag'!N7)/2 -> 0.58863874 | S8: =SUM('VAR4-Cor'!N7,'VAR4-Sag'!N7)/2 -> 0.85636773 | T8: =AVERAGE(P8:S8) -> 0.7579546
A9: 2009 | B9: 0.5635353 | C9: =SUM('VAR2-Cor'!K8,'VAR2-Sag'!K8)/2 -> 0.64815066 | D9: =SUM('VAR3-Cor'!K8,'VAR3-Sag'!L8)/2 -> 0.76829506 | E9: =SUM('VAR4-Cor'!L8,'VAR4-Sag'!L8)/2 -> 0.7746438 | F9: =AVERAGE(B9:E9) -> 0.68865621 | H9: 2009 | I9: 1.1426 | J9: =SUM('VAR2-Cor'!L8,'VAR2-Sag'!L8)/2 -> 0.923 | K9: =SUM('VAR3-Cor'!L8,'VAR3-Sag'!M8)/2 -> 0.769115 | L9: =SUM('VAR4-Cor'!M8,'VAR4-Sag'!M8)/2 -> 1.05535 | M9: =AVERAGE(I9:L9) -> 0.97251625 | O9: 2009 | P9: 0.64389544 | Q9: =SUM('VAR2-Cor'!M8,'VAR2-Sag'!M8)/2 -> 0.59824306 | R9: =SUM('VAR3-Cor'!M8,'VAR3-Sag'!N8)/2 -> 0.58661405 | S9: =SUM('VAR4-Cor'!N8,'VAR4-Sag'!N8)/2 -> 0.80538956 | T9: =AVERAGE(P9:S9) -> 0.65853553
A10: 2008 | B10: 0.67246571 | C10: =SUM('VAR2-Cor'!K9,'VAR2-Sag'!K9)/2 -> 0.67276675 | D10: =SUM('VAR3-Cor'!K9,'VAR3-Sag'!L9)/2 -> 0.69581167 | E10: =SUM('VAR4-Cor'!L9,'VAR4-Sag'!L9)/2 -> 0.67075042 | F10: =AVERAGE(B10:E10) -> 0.67794864 | H10: 2008 | I10: 1.2492 | J10: =SUM('VAR2-Cor'!L9,'VAR2-Sag'!L9)/2 -> 1.29215 | K10: =SUM('VAR3-Cor'!L9,'VAR3-Sag'!M9)/2 -> 0.5538 | L10: =SUM('VAR4-Cor'!M9,'VAR4-Sag'!M9)/2 -> 1.24715 | M10: =AVERAGE(I10:L10) -> 1.085575 | O10: 2008 | P10: 0.84004416 | Q10: =SUM('VAR2-Cor'!M9,'VAR2-Sag'!M9)/2 -> 0.88285883 | R10: =SUM('VAR3-Cor'!M9,'VAR3-Sag'!N9)/2 -> 0.3865714 | S10: =SUM('VAR4-Cor'!N9,'VAR4-Sag'!N9)/2 -> 0.83652276 | T10: =AVERAGE(P10:S10) -> 0.73649929
A11: 2007 | B11: 0.64241555 | C11: =SUM('VAR2-Cor'!K10,'VAR2-Sag'!K10)/2 -> 0.66736371 | D11: =SUM('VAR3-Cor'!K10,'VAR3-Sag'!L10)/2 -> 0.69136974 | E11: =SUM('VAR4-Cor'!L10,'VAR4-Sag'!L10)/2 -> 0.60497942 | F11: =AVERAGE(B11:E11) -> 0.6515321 | H11: 2007 | I11: 1.4168 | J11: =SUM('VAR2-Cor'!L10,'VAR2-Sag'!L10)/2 -> 1.10755 | K11: =SUM('VAR3-Cor'!L10,'VAR3-Sag'!M10)/2 -> 0.9845 | L11: =SUM('VAR4-Cor'!M10,'VAR4-Sag'!M10)/2 -> 1.2235 | M11: =AVERAGE(I11:L11) -> 1.1830875 | O11: 2007 | P11: 0.91017435 | Q11: =SUM('VAR2-Cor'!M10,'VAR2-Sag'!M10)/2 -> 0.73332086 | R11: =SUM('VAR3-Cor'!M10,'VAR3-Sag'!N10)/2 -> 0.68330001 | S11: =SUM('VAR4-Cor'!N10,'VAR4-Sag'!N10)/2 -> 0.74041517 | T11: =AVERAGE(P11:S11) -> 0.7668026
A12: 2006 | B12: 0.72705608 | C12: =SUM('VAR2-Cor'!K11,'VAR2-Sag'!K11)/2 -> 0.68793992 | D12: =SUM('VAR3-Cor'!K11,'VAR3-Sag'!L11)/2 -> 0.81503483 | E12: =SUM('VAR4-Cor'!L11,'VAR4-Sag'!L11)/2 -> 0.48859726 | F12: =AVERAGE(B12:E12) -> 0.67965702 | H12: 2006 | I12: 0.8531 | J12: =SUM('VAR2-Cor'!L11,'VAR2-Sag'!L11)/2 -> 1.2306 | K12: =SUM('VAR3-Cor'!L11,'VAR3-Sag'!M11)/2 -> 0.738365 | L12: =SUM('VAR4-Cor'!M11,'VAR4-Sag'!M11)/2 -> 0.98365 | M12: =AVERAGE(I12:L12) -> 0.95142875 | O12: 2006 | P12: 0.62025154 | Q12: =SUM('VAR2-Cor'!M11,'VAR2-Sag'!M11)/2 -> 0.84911533 | R12: =SUM('VAR3-Cor'!M11,'VAR3-Sag'!N11)/2 -> 0.61025313 | S12: =SUM('VAR4-Cor'!N11,'VAR4-Sag'!N11)/2 -> 0.48299472 | T12: =AVERAGE(P12:S12) -> 0.64065368
A13: 2005 | B13: 0.63195382 | C13: =SUM('VAR2-Cor'!K12,'VAR2-Sag'!K12)/2 -> 0.71503627 | D13: =SUM('VAR3-Cor'!K12,'VAR3-Sag'!L12)/2 -> 0.77560446 | E13: =SUM('VAR4-Cor'!L12,'VAR4-Sag'!L12)/2 -> 0.77498582 | F13: =AVERAGE(B13:E13) -> 0.7243951 | H13: 2005 | I13: 1.9805 | J13: =SUM('VAR2-Cor'!L12,'VAR2-Sag'!L12)/2 -> 1.1691 | K13: =SUM('VAR3-Cor'!L12,'VAR3-Sag'!M12)/2 -> 1.23059 | L13: =SUM('VAR4-Cor'!M12,'VAR4-Sag'!M12)/2 -> 1.03165 | M13: =AVERAGE(I13:L13) -> 1.35296 | O13: 2005 | P13: 1.2515845 | Q13: =SUM('VAR2-Cor'!M12,'VAR2-Sag'!M12)/2 -> 0.82632546 | R13: =SUM('VAR3-Cor'!M12,'VAR3-Sag'!N12)/2 -> 0.89914982 | S13: =SUM('VAR4-Cor'!N12,'VAR4-Sag'!N12)/2 -> 0.80151611 | T13: =AVERAGE(P13:S13) -> 0.94464399
A14: 2004 | B14: 0.62146618 | C14: =SUM('VAR2-Cor'!K13,'VAR2-Sag'!K13)/2 -> 0.6125473 | D14: =SUM('VAR3-Cor'!K13,'VAR3-Sag'!L13)/2 -> 0.68155796 | E14: =SUM('VAR4-Cor'!L13,'VAR4-Sag'!L13)/2 -> 0.67179981 | F14: =AVERAGE(B14:E14) -> 0.64684281 | H14: 2004 | I14: 1.234 | J14: =SUM('VAR2-Cor'!L13,'VAR2-Sag'!L13)/2 -> 0.98455 | K14: =SUM('VAR3-Cor'!L13,'VAR3-Sag'!M13)/2 -> 0.615305 | L14: =SUM('VAR4-Cor'!M13,'VAR4-Sag'!M13)/2 -> 1.1996 | M14: =AVERAGE(I14:L14) -> 1.0083637 | O14: 2004 | P14: 0.76688927 | Q14: =SUM('VAR2-Cor'!M13,'VAR2-Sag'!M13)/2 -> 0.58331742 | R14: =SUM('VAR3-Cor'!M13,'VAR3-Sag'!N13)/2 -> 0.39625337 | S14: =SUM('VAR4-Cor'!N13,'VAR4-Sag'!N13)/2 -> 0.80812357 | T14: =AVERAGE(P14:S14) -> 0.63864591
... A36: 1982 | B36: 0.81390883 | C36: =SUM('VAR2-Cor'!K35,'VAR2-Sag'!K35)/2 -> 0.74893519 | D36: =SUM('VAR3-Cor'!K35,'VAR3-Sag'!L35)/2 -> 0.66000949 | E36: =SUM('VAR4-Cor'!L35,'VAR4-Sag'!L35)/2 -> 0.60391413 | F36: =AVERAGE(B36:E36) -> 0.70669191 | H36: 1982 | I36: 0.83765 | J36: =SUM('VAR2-Cor'!L35,'VAR2-Sag'!L35)/2 -> 0.92275 | K36: =SUM('VAR3-Cor'!L35,'VAR3-Sag'!M35)/2 -> 0.892195 | L36: =SUM('VAR4-Cor'!M35,'VAR4-Sag'!M35)/2 -> 0.861 | M36: =AVERAGE(I36:L36) -> 0.87839875 | O36: 1982 | P36: 0.68177073 | Q36: =SUM('VAR2-Cor'!M35,'VAR2-Sag'!M35)/2 -> 0.70335504 | R36: =SUM('VAR3-Cor'!M35,'VAR3-Sag'!N35)/2 -> 0.58903882 | S36: =SUM('VAR4-Cor'!N35,'VAR4-Sag'!N35)/2 -> 0.52426909 | T36: =AVERAGE(P36:S36) -> 0.62460842
A37: 1981 | C37: =SUM('VAR2-Cor'!K36,'VAR2-Sag'!K36)/2 -> 0.90458881 | D37: =SUM('VAR3-Cor'!K36,'VAR3-Sag'!L36)/2 -> 0.68277065 | E37: =SUM('VAR4-Cor'!L36,'VAR4-Sag'!L36)/2 -> 0.69127593 | F37: =AVERAGE(B37:E37) -> 0.75954513 | H37: 1981 | J37: =SUM('VAR2-Cor'!L36,'VAR2-Sag'!L36)/2 -> 1.47645 | K37: =SUM('VAR3-Cor'!L36,'VAR3-Sag'!M36)/2 -> 1.199845 | L37: =SUM('VAR4-Cor'!M36,'VAR4-Sag'!M36)/2 -> 0.924 | M37: =AVERAGE(I37:L37) -> 1.2000983 | O37: 1981 | Q37: =SUM('VAR2-Cor'!M36,'VAR2-Sag'!M36)/2 -> 1.4202284 | R37: =SUM('VAR3-Cor'!M36,'VAR3-Sag'!N36)/2 -> 0.79007761 | S37: =SUM('VAR4-Cor'!N36,'VAR4-Sag'!N36)/2 -> 0.63823957 | T37: =AVERAGE(P37:S37) -> 0.9495152
A38: 1980 | C38: =SUM('VAR2-Cor'!K37,'VAR2-Sag'!K37)/2 -> 0.85646492 | D38: =SUM('VAR3-Cor'!K37,'VAR3-Sag'!L37)/2 -> 0.59149239 | E38: =SUM('VAR4-Cor'!L37,'VAR4-Sag'!L37)/2 -> 0.88712617 | F38: =AVERAGE(B38:E38) -> 0.77836116 | H38: 1980 | J38: =SUM('VAR2-Cor'!L37,'VAR2-Sag'!L37)/2 -> 1.10725 | K38: =SUM('VAR3-Cor'!L37,'VAR3-Sag'!M37)/2 -> 0.953725 | L38: =SUM('VAR4-Cor'!M37,'VAR4-Sag'!M37)/2 -> 0.816 | M38: =AVERAGE(I38:L38) -> 0.95899167 | O38: 1980 | Q38: =SUM('VAR2-Cor'!M37,'VAR2-Sag'!M37)/2 -> 0.91738163 | R38: =SUM('VAR3-Cor'!M37,'VAR3-Sag'!N37)/2 -> 0.56448819 | S38: =SUM('VAR4-Cor'!N37,'VAR4-Sag'!N37)/2 -> 0.72917182 | T38: =AVERAGE(P38:S38) -> 0.73701388
A39: 1979 | C39: =SUM('VAR2-Cor'!K38,'VAR2-Sag'!K38)/2 -> 0.81861257 | D39: =SUM('VAR3-Cor'!K38,'VAR3-Sag'!L38)/2 -> 0.96872327 | E39: =SUM('VAR4-Cor'!L38,'VAR4-Sag'!L38)/2 -> 0.92032473 | F39: =AVERAGE(B39:E39) -> 0.90255352 | H39: 1979 | J39: =SUM('VAR2-Cor'!L38,'VAR2-Sag'!L38)/2 -> 1.23025 | K39: =SUM('VAR3-Cor'!L38,'VAR3-Sag'!M38)/2 -> 0.79993 | L39: =SUM('VAR4-Cor'!M38,'VAR4-Sag'!M38)/2 -> 0.765 | M39: =AVERAGE(I39:L39) -> 0.93172667 | O39: 1979 | Q39: =SUM('VAR2-Cor'!M38,'VAR2-Sag'!M38)/2 -> 0.97998267 | R39: =SUM('VAR3-Cor'!M38,'VAR3-Sag'!N38)/2 -> 0.76576324 | S39: =SUM('VAR4-Cor'!N38,'VAR4-Sag'!N38)/2 -> 0.70195654 | T39: =AVERAGE(P39:S39) -> 0.81590082
A40: 1978 | C40: =SUM('VAR2-Cor'!K39,'VAR2-Sag'!K39)/2 -> 0.98942804 | D40: =SUM('VAR3-Cor'!K39,'VAR3-Sag'!L39)/2 -> 0.58598595 | E40: =SUM('VAR4-Cor'!L39,'VAR4-Sag'!L39)/2 -> 0.8020359 | F40: =AVERAGE(B40:E40) -> 0.7924833 | H40: 1978 | J40: =SUM('VAR2-Cor'!L39,'VAR2-Sag'!L39)/2 -> 1.1688 | K40: =SUM('VAR3-Cor'!L39,'VAR3-Sag'!M39)/2 -> 0.89199 | L40: =SUM('VAR4-Cor'!M39,'VAR4-Sag'!M39)/2 -> 0.882 | M40: =AVERAGE(I40:L40) -> 0.98093 | O40: 1978 | Q40: =SUM('VAR2-Cor'!M39,'VAR2-Sag'!M39)/2 -> 1.1582065 | R40: =SUM('VAR3-Cor'!M39,'VAR3-Sag'!N39)/2 -> 0.51937635 | S40: =SUM('VAR4-Cor'!N39,'VAR4-Sag'!N39)/2 -> 0.70774664 | T40: =AVERAGE(P40:S40) -> 0.79510985
A41: 1977 | C41: =SUM('VAR2-Cor'!K40,'VAR2-Sag'!K40)/2 -> 0.91001949 | D41: =SUM('VAR3-Cor'!K40,'VAR3-Sag'!L40)/2 -> 0.70148597 | E41: =SUM('VAR4-Cor'!L40,'VAR4-Sag'!L40)/2 -> 0.89411392 | F41: =AVERAGE(B41:E41) -> 0.83520646 | H41: 1977 | J41: =SUM('VAR2-Cor'!L40,'VAR2-Sag'!L40)/2 -> 0.92255 | K41: =SUM('VAR3-Cor'!L40,'VAR3-Sag'!M40)/2 -> 0.92271 | L41: =SUM('VAR4-Cor'!M40,'VAR4-Sag'!M40)/2 -> 0.927 | M41: =AVERAGE(I41:L41) -> 0.92408667 | O41: 1977 | Q41: =SUM('VAR2-Cor'!M40,'VAR2-Sag'!M40)/2 -> 0.83598365 | R41: =SUM('VAR3-Cor'!M40,'VAR3-Sag'!N40)/2 -> 0.64344767 | S41: =SUM('VAR4-Cor'!N40,'VAR4-Sag'!N40)/2 -> 0.82810226 | T41: =AVERAGE(P41:S41) -> 0.76917786
A42: 1976 | C42: =SUM('VAR2-Cor'!K41,'VAR2-Sag'!K41)/2 -> 0.85802753 | D42: =SUM('VAR3-Cor'!K41,'VAR3-Sag'!L41)/2 -> 0.59007432 | E42: =SUM('VAR4-Cor'!L41,'VAR4-Sag'!L41)/2 -> 0.86181044 | F42: =AVERAGE(B42:E42) -> 0.76997076 | H42: 1976 | J42: =SUM('VAR2-Cor'!L41,'VAR2-Sag'!L41)/2 -> 1.13775 | K42: =SUM('VAR3-Cor'!L41,'VAR3-Sag'!M41)/2 -> 0.768975 | L42: =SUM('VAR4-Cor'!M41,'VAR4-Sag'!M41)/2 -> 0.744 | M42: =AVERAGE(I42:L42) -> 0.883575 | O42: 1976 | Q42: =SUM('VAR2-Cor'!M41,'VAR2-Sag'!M41)/2 -> 0.9727302 | R42: =SUM('VAR3-Cor'!M41,'VAR3-Sag'!N41)/2 -> 0.45187629 | S42: =SUM('VAR4-Cor'!N41,'VAR4-Sag'!N41)/2 -> 0.64178348 | T42: =AVERAGE(P42:S42) -> 0.68879666
A43: 1975 | C43: =SUM('VAR2-Cor'!K42,'VAR2-Sag'!K42)/2 -> 0.89276325 | D43: =SUM('VAR3-Cor'!K42,'VAR3-Sag'!L42)/2 -> 0.66952195 | E43: =SUM('VAR4-Cor'!L42,'VAR4-Sag'!L42)/2 -> 0.77946614 | F43: =AVERAGE(B43:E43) -> 0.78058378 | H43: 1975 | J43: =SUM('VAR2-Cor'!L42,'VAR2-Sag'!L42)/2 -> 1.07625 | K43: =SUM('VAR3-Cor'!L42,'VAR3-Sag'!M42)/2 -> 1.014975 | L43: =SUM('VAR4-Cor'!M42,'VAR4-Sag'!M42)/2 -> 0.906 | M43: =AVERAGE(I43:L43) -> 0.999075 | O43: 1975 | Q43: =SUM('VAR2-Cor'!M42,'VAR2-Sag'!M42)/2 -> 0.97339371 | R43: =SUM('VAR3-Cor'!M42,'VAR3-Sag'!N42)/2 -> 0.6846929 | S43: =SUM('VAR4-Cor'!N42,'VAR4-Sag'!N42)/2 -> 0.70611803 | T43: =AVERAGE(P43:S43) -> 0.78806821
A44: 1974 | C44: =SUM('VAR2-Cor'!K43,'VAR2-Sag'!K43)/2 -> 1.0604316 | D44: =SUM('VAR3-Cor'!K43,'VAR3-Sag'!L43)/2 -> 0.62510807 | E44: =SUM('VAR4-Cor'!L43,'VAR4-Sag'!L43)/2 -> 0.79992887 | F44: =AVERAGE(B44:E44) -> 0.82848951 | H44: 1974 | J44: =SUM('VAR2-Cor'!L43,'VAR2-Sag'!L43)/2 -> 1.07625 | K44: =SUM('VAR3-Cor'!L43,'VAR3-Sag'!M43)/2 -> 0.79968 | L44: =SUM('VAR4-Cor'!M43,'VAR4-Sag'!M43)/2 -> 0.72 | M44: =AVERAGE(I44:L44) -> 0.86531 | O44: 1974 | Q44: =SUM('VAR2-Cor'!M43,'VAR2-Sag'!M43)/2 -> 1.2393365 | R44: =SUM('VAR3-Cor'!M43,'VAR3-Sag'!N43)/2 -> 0.49962461 | S44: =SUM('VAR4-Cor'!N43,'VAR4-Sag'!N43)/2 -> 0.57594879 | T44: =AVERAGE(P44:S44) -> 0.77163664
A45: 1973 | C45: =SUM('VAR2-Cor'!K44,'VAR2-Sag'!K44)/2 -> 1.1548418 | D45: =SUM('VAR3-Cor'!K44,'VAR3-Sag'!L44)/2 -> 0.71499686 | E45: =SUM('VAR4-Cor'!L44,'VAR4-Sag'!L44)/2 -> 0.83321727 | F45: =AVERAGE(B45:E45) -> 0.90101865 | H45: 1973 | J45: =SUM('VAR2-Cor'!L44,'VAR2-Sag'!L44)/2 -> 1.0455 | K45: =SUM('VAR3-Cor'!L44,'VAR3-Sag'!M44)/2 -> 0.984225 | L45: =SUM('VAR4-Cor'!M44,'VAR4-Sag'!M44)/2 -> 0.81 | M45: =AVERAGE(I45:L45) -> 0.946575 | O45: 1973 | Q45: =SUM('VAR2-Cor'!M44,'VAR2-Sag'!M44)/2 -> 1.2073871 | R45: =SUM('VAR3-Cor'!M44,'VAR3-Sag'!N44)/2 -> 0.69975079 | S45: =SUM('VAR4-Cor'!N44,'VAR4-Sag'!N44)/2 -> 0.68322541 | T45: =AVERAGE(P45:S45) -> 0.86345444
A46: 1972 | C46: =SUM('VAR2-Cor'!K45,'VAR2-Sag'!K45)/2 -> 0.86175919 | D46: =SUM('VAR3-Cor'!K45,'VAR3-Sag'!L45)/2 -> 0.75873309 | E46: =SUM('VAR4-Cor'!L45,'VAR4-Sag'!L45)/2 -> 0.55262156 | F46: =AVERAGE(B46:E46) -> 0.72437128 | H46: 1972 | J46: =SUM('VAR2-Cor'!L45,'VAR2-Sag'!L45)/2 -> 0.95325 | K46: =SUM('VAR3-Cor'!L45,'VAR3-Sag'!M45)/2 -> 0.861195 | L46: =SUM('VAR4-Cor'!M45,'VAR4-Sag'!M45)/2 -> 0.975 | M46: =AVERAGE(I46:L46) -> 0.929815 | O46: 1972 | Q46: =SUM('VAR2-Cor'!M45,'VAR2-Sag'!M45)/2 -> 0.82320922 | R46: =SUM('VAR3-Cor'!M45,'VAR3-Sag'!N45)/2 -> 0.65305261 | S46: =SUM('VAR4-Cor'!N45,'VAR4-Sag'!N45)/2 -> 0.53995621 | T46: =AVERAGE(P46:S46) -> 0.67207268
A47: 1971 | C47: =SUM('VAR2-Cor'!K46,'VAR2-Sag'!K46)/2 -> 0.86099294 | D47: =SUM('VAR3-Cor'!K46,'VAR3-Sag'!L46)/2 -> 0.74573173 | E47: =SUM('VAR4-Cor'!L46,'VAR4-Sag'!L46)/2 -> 0.57263924 | F47: =AVERAGE(B47:E47) -> 0.72645463 | H47: 1971 | J47: =SUM('VAR2-Cor'!L46,'VAR2-Sag'!L46)/2 -> 1.07625 | K47: =SUM('VAR3-Cor'!L46,'VAR3-Sag'!M46)/2 -> 0.86118 | L47: =SUM('VAR4-Cor'!M46,'VAR4-Sag'!M46)/2 -> 1.02 | M47: =AVERAGE(I47:L47) -> 0.98581 | O47: 1971 | Q47: =SUM('VAR2-Cor'!M46,'VAR2-Sag'!M46)/2 -> 0.93532892 | R47: =SUM('VAR3-Cor'!M46,'VAR3-Sag'!N46)/2 -> 0.65941355 | S47: =SUM('VAR4-Cor'!N46,'VAR4-Sag'!N46)/2 -> 0.57719181 | T47: =AVERAGE(P47:S47) -> 0.72397809
A48: 1970 | C48: =SUM('VAR2-Cor'!K47,'VAR2-Sag'!K47)/2 -> 0.87313105 | D48: =SUM('VAR3-Cor'!K47,'VAR3-Sag'!L47)/2 -> 0.99502619 | E48: =SUM('VAR4-Cor'!L47,'VAR4-Sag'!L47)/2 -> 0.64771216 | F48: =AVERAGE(B48:E48) -> 0.83862313 | H48: 1970 | J48: =SUM('VAR2-Cor'!L47,'VAR2-Sag'!L47)/2 -> 1.26075 | K48: =SUM('VAR3-Cor'!L47,'VAR3-Sag'!M47)/2 -> 1.014945 | L48: =SUM('VAR4-Cor'!M47,'VAR4-Sag'!M47)/2 -> 0.813 | M48: =AVERAGE(I48:L48) -> 1.029565 | O48: 1970 | Q48: =SUM('VAR2-Cor'!M47,'VAR2-Sag'!M47)/2 -> 1.072268 | R48: =SUM('VAR3-Cor'!M47,'VAR3-Sag'!N47)/2 -> 1.0227835 | S48: =SUM('VAR4-Cor'!N47,'VAR4-Sag'!N47)/2 -> 0.5269511 | T48: =AVERAGE(P48:S48) -> 0.8740009
... A67: 1951 | C67: =SUM('VAR2-Cor'!K66,'VAR2-Sag'!K66)/2 -> 0.44105538 | D67: =SUM('VAR3-Cor'!K66,'VAR3-Sag'!L66)/2 -> 0.82204353 | E67: =SUM('VAR4-Cor'!L66,'VAR4-Sag'!L66)/2 -> 0.50796733 | F67: =AVERAGE(B67:E67) -> 0.59035542 | H67: 1951 | J67: =SUM('VAR2-Cor'!L66,'VAR2-Sag'!L66)/2 -> 0.46125 | K67: =SUM('VAR3-Cor'!L66,'VAR3-Sag'!M66)/2 -> 1.322595 | L67: =SUM('VAR4-Cor'!M66,'VAR4-Sag'!M66)/2 -> 1.296 | M67: =AVERAGE(I67:L67) -> 1.026615 | O67: 1951 | Q67: =SUM('VAR2-Cor'!M66,'VAR2-Sag'!M66)/2 -> 0.40687359 | R67: =SUM('VAR3-Cor'!M66,'VAR3-Sag'!N66)/2 -> 1.0884743 | S67: =SUM('VAR4-Cor'!N66,'VAR4-Sag'!N66)/2 -> 0.65337036 | T67: =AVERAGE(P67:S67) -> 0.71623941
A68: 1950 | D68: =SUM('VAR3-Cor'!K67,'VAR3-Sag'!L67)/2 -> 0.91056619 | E68: =SUM('VAR4-Cor'!L67,'VAR4-Sag'!L67)/2 -> 0.27110054 | F68: =AVERAGE(B68:E68) -> 0.59083336 | H68: 1950 | K68: =SUM('VAR3-Cor'!L67,'VAR3-Sag'!M67)/2 -> 0.98421 | L68: =SUM('VAR4-Cor'!M67,'VAR4-Sag'!M67)/2 -> 0.945 | M68: =AVERAGE(I68:L68) -> 0.964605 | O68: 1950 | R68: =SUM('VAR3-Cor'!M67,'VAR3-Sag'!N67)/2 -> 0.88868529 | S68: =SUM('VAR4-Cor'!N67,'VAR4-Sag'!N67)/2 -> 0.51238002 | T68: =AVERAGE(P68:S68) -> 0.70053265
A69: 1949 | D69: =SUM('VAR3-Cor'!K68,'VAR3-Sag'!L68)/2 -> 1.0200566 | F69: =AVERAGE(B69:E69) -> 1.0200566 | H69: 1949 | K69: =SUM('VAR3-Cor'!L68,'VAR3-Sag'!M68)/2 -> 1.138065 | M69: =AVERAGE(I69:L69) -> 1.138065 | O69: 1949 | R69: =SUM('VAR3-Cor'!M68,'VAR3-Sag'!N68)/2 -> 1.1371296 | T69: =AVERAGE(P69:S69) -> 1.1371296
A70: 1948 | D70: =SUM('VAR3-Cor'!K69,'VAR3-Sag'!L69)/2 -> 0.87307898 | F70: =AVERAGE(B70:E70) -> 0.87307898 | H70: 1948 | K70: =SUM('VAR3-Cor'!L69,'VAR3-Sag'!M69)/2 -> 1.199625 | M70: =AVERAGE(I70:L70) -> 1.199625 | O70: 1948 | R70: =SUM('VAR3-Cor'!M69,'VAR3-Sag'!N69)/2 -> 0.94858993 | T70: =AVERAGE(P70:S70) -> 0.94858993
A71: 1947 | D71: =SUM('VAR3-Cor'!K70,'VAR3-Sag'!L70)/2 -> 0.92764806 | F71: =AVERAGE(B71:E71) -> 0.92764806 | H71: 1947 | K71: =SUM('VAR3-Cor'!L70,'VAR3-Sag'!M70)/2 -> 1.507095 | M71: =AVERAGE(I71:L71) -> 1.507095 | O71: 1947 | R71: =SUM('VAR3-Cor'!M70,'VAR3-Sag'!N70)/2 -> 1.4112744 | T71: =AVERAGE(P71:S71) -> 1.4112744
A72: 1946 | D72: =SUM('VAR3-Cor'!K71,'VAR3-Sag'!L71)/2 -> 0.88869478 | F72: =AVERAGE(B72:E72) -> 0.88869478 | H72: 1946 | K72: =SUM('VAR3-Cor'!L71,'VAR3-Sag'!M71)/2 -> 1.138035 | M72: =AVERAGE(I72:L72) -> 1.138035 | O72: 1946 | R72: =SUM('VAR3-Cor'!M71,'VAR3-Sag'!N71)/2 -> 1.0057532 | T72: =AVERAGE(P72:S72) -> 1.0057532
A73: 1945 | D73: =SUM('VAR3-Cor'!K72,'VAR3-Sag'!L72)/2 -> 1.1279307 | F73: =AVERAGE(B73:E73) -> 1.1279307 | H73: 1945 | K73: =SUM('VAR3-Cor'!L72,'VAR3-Sag'!M72)/2 -> 1.076475 | M73: =AVERAGE(I73:L73) -> 1.076475 | O73: 1945 | R73: =SUM('VAR3-Cor'!M72,'VAR3-Sag'!N72)/2 -> 1.263202 | T73: =AVERAGE(P73:S73) -> 1.263202
A74: 1944 | D74: =SUM('VAR3-Cor'!K73,'VAR3-Sag'!L73)/2 -> 0.43646169 | F74: =AVERAGE(B74:E74) -> 0.43646169 | H74: 1944 | K74: =SUM('VAR3-Cor'!L73,'VAR3-Sag'!M73)/2 -> 0.73836 | M74: =AVERAGE(I74:L74) -> 0.73836 | O74: 1944 | R74: =SUM('VAR3-Cor'!M73,'VAR3-Sag'!N73)/2 -> 0.64453171 | T74: =AVERAGE(P74:S74) -> 0.64453171
A75: 1943 | D75: =SUM('VAR3-Cor'!K74,'VAR3-Sag'!L74)/2 -> 0.38321721 | F75: =AVERAGE(B75:E75) -> 0.38321721 | H75: 1943 | K75: =SUM('VAR3-Cor'!L74,'VAR3-Sag'!M74)/2 -> 0.55377 | M75: =AVERAGE(I75:L75) -> 0.55377 | O75: 1943 | R75: =SUM('VAR3-Cor'!M74,'VAR3-Sag'!N74)/2 -> 0.42442839 | T75: =AVERAGE(P75:S75) -> 0.42442839
A76: 1942 | D76: =SUM('VAR3-Cor'!K75,'VAR3-Sag'!L75)/2 -> 0.47993299 | F76: =AVERAGE(B76:E76) -> 0.47993299 | H76: 1942 | K76: =SUM('VAR3-Cor'!L75,'VAR3-Sag'!M75)/2 -> 0.461475 | M76: =AVERAGE(I76:L76) -> 0.461475 | O76: 1942 | R76: =SUM('VAR3-Cor'!M75,'VAR3-Sag'!N75)/2 -> 0.44295415 | T76: =AVERAGE(P76:S76) -> 0.44295415

Sheet Mean-Monthly
A1: DENSITY | J1: EXTENSION | S1: CALCIFICATION
A2: Year | B2: Month | C2: Y.M. | D2: VAR1 | E2: VAR2 | F2: VAR3 | G2: VAR4 | H2: TOTAL | J2: Year | K2: Month | L2: Y.M. | M2: VAR1 | N2: VAR2 | O2: VAR3 | P2: VAR4 | Q2: TOTAL | S2: Year | T2: Month | U2: Y.M. | V2: VAR1 | W2: VAR2 | X2: VAR3 | Y2: VAR4 | Z2: TOTAL
A3: 2015 | B3: 12 | C3: 2015.9167 | D3: ='VAR1'!T2 -> 0.86752855 | E3: =SUM('VAR2-Cor'!R2,'VAR2-Sag'!R2)/2 -> 0.60403842 | F3: =SUM('VAR3-Cor'!R2,'VAR3-Sag'!S2)/2 -> 0.90717672 | G3: =SUM('VAR4-Cor'!S2,'VAR4-Sag'!S2)/2 -> 0.56952502 | H3: =AVERAGE(D3:G3) -> 0.73706718 | J3: 2015 | K3: 12 | L3: 2015.9167 | M3: ='VAR1'!U2 -> 0.1523 | N3: =SUM('VAR2-Cor'!S2,'VAR2-Sag'!S2)/2 -> 0.12305 | O3: =SUM('VAR3-Cor'!S2,'VAR3-Sag'!T2)/2 -> 0.123085 | P3: =SUM('VAR4-Cor'!T2,'VAR4-Sag'!T2)/2 -> 0.1679 | Q3: =AVERAGE(M3:P3) -> 0.14158375 | S3: 2015 | T3: 12 | U3: 2015.9167 | V3: =D3*M3 -> 0.1321246 | W3: =E3*N3 -> 0.074326928 | X3: =F3*O3 -> 0.11165985 | Y3: =G3*P3 -> 0.09562325 | Z3: =AVERAGE(V3:Y3) -> 0.10343366
A4: 2015 | B4: 11 | C4: 2015.8333 | D4: ='VAR1'!T3 -> 0.91638075 | E4: =SUM('VAR2-Cor'!R3,'VAR2-Sag'!R3)/2 -> 0.62954813 | F4: =SUM('VAR3-Cor'!R3,'VAR3-Sag'!S3)/2 -> 1.1323473 | G4: =SUM('VAR4-Cor'!S3,'VAR4-Sag'!S3)/2 -> 0.6530477 | H4: =AVERAGE(D4:G4) -> 0.83283096 | J4: 2015 | K4: 11 | L4: 2015.8333 | M4: ='VAR1'!U3 -> 0.1371 | N4: =SUM('VAR2-Cor'!S3,'VAR2-Sag'!S3)/2 -> 0.1231 | O4: =SUM('VAR3-Cor'!S3,'VAR3-Sag'!T3)/2 -> 0.12303 | P4: =SUM('VAR4-Cor'!T3,'VAR4-Sag'!T3)/2 -> 0.1199 | Q4: =AVERAGE(M4:P4) -> 0.1257825 | S4: 2015 | T4: 11 | U4: 2015.8333 | V4: =D4*M4 -> 0.1256358 | W4: =E4*N4 -> 0.077497375 | X4: =F4*O4 -> 0.13931268 | Y4: =G4*P4 -> 0.078300419 | Z4: =AVERAGE(V4:Y4) -> 0.10518657
A5: 2015 | B5: 10 | C5: 2015.75 | D5: ='VAR1'!T4 -> 0.91901858 | E5: =SUM('VAR2-Cor'!R4,'VAR2-Sag'!R4)/2 -> 0.65419838 | F5: =SUM('VAR3-Cor'!R4,'VAR3-Sag'!S4)/2 -> 1.3101097 | G5: =SUM('VAR4-Cor'!S4,'VAR4-Sag'!S4)/2 -> 0.69733836 | H5: =AVERAGE(D5:G5) -> 0.89516625 | J5: 2015 | K5: 10 | L5: 2015.75 | M5: ='VAR1'!U4 -> 0.1067 | N5: =SUM('VAR2-Cor'!S4,'VAR2-Sag'!S4)/2 -> 0.046125 | O5: =SUM('VAR3-Cor'!S4,'VAR3-Sag'!T4)/2 -> 0.061565 | P5: =SUM('VAR4-Cor'!T4,'VAR4-Sag'!T4)/2 -> 0.07195 | Q5: =AVERAGE(M5:P5) -> 0.071585 | S5: 2015 | T5: 10 | U5: 2015.75 | V5: =D5*M5 -> 0.098059282 | W5: =E5*N5 -> 0.0301749 | X5: =F5*O5 -> 0.080656903 | Y5: =G5*P5 -> 0.050173495 | Z5: =AVERAGE(V5:Y5) -> 0.064766145
A6: 2015 | B6: 9 | C6: 2015.6667 | D6: ='VAR1'!T5 -> 0.77072903 | E6: =SUM('VAR2-Cor'!R5,'VAR2-Sag'!R5)/2 -> 0.64827484 | F6: =SUM('VAR3-Cor'!R5,'VAR3-Sag'!S5)/2 -> 1.2123645 | G6: =SUM('VAR4-Cor'!S5,'VAR4-Sag'!S5)/2 -> 0.66466493 | H6: =AVERAGE(D6:G6) -> 0.82400833 | J6: 2015 | K6: 9 | L6: 2015.6667 | M6: ='VAR1'!U5 -> 0.1066 | N6: =SUM('VAR2-Cor'!S5,'VAR2-Sag'!S5)/2 -> 0.046125 | O6: =SUM('VAR3-Cor'!S5,'VAR3-Sag'!T5)/2 -> 0.04614 | P6: =SUM('VAR4-Cor'!T5,'VAR4-Sag'!T5)/2 -> 0.047975 | Q6: =AVERAGE(M6:P6) -> 0.06171 | S6: 2015 | T6: 9 | U6: 2015.6667 | V6: =D6*M6 -> 0.082159714 | W6: =E6*N6 -> 0.029901677 | X6: =F6*O6 -> 0.0559385 | Y6: =G6*P6 -> 0.0318873 | Z6: =AVERAGE(V6:Y6) -> 0.049971798
A7: 2015 | B7: 8 | C7: 2015.5833 | D7: ='VAR1'!T6 -> 0.68201024 | E7: =SUM('VAR2-Cor'!R6,'VAR2-Sag'!R6)/2 -> 0.6386919 | F7: =SUM('VAR3-Cor'!R6,'VAR3-Sag'!S6)/2 -> 1.1088503 | G7: =SUM('VAR4-Cor'!S6,'VAR4-Sag'!S6)/2 -> 0.6177171 | H7: =AVERAGE(D7:G7) -> 0.76181738 | J7: 2015 | K7: 8 | L7: 2015.5833 | M7: ='VAR1'!U6 -> 0.1066 | N7: =SUM('VAR2-Cor'!S6,'VAR2-Sag'!S6)/2 -> 0.046175 | O7: =SUM('VAR3-Cor'!S6,'VAR3-Sag'!T6)/2 -> 0.0307575 | P7: =SUM('VAR4-Cor'!T6,'VAR4-Sag'!T6)/2 -> 0.047975 | Q7: =AVERAGE(M7:P7) -> 0.057876875 | S7: 2015 | T7: 8 | U7: 2015.5833 | V7: =D7*M7 -> 0.072702291 | W7: =E7*N7 -> 0.029491598 | X7: =F7*O7 -> 0.034105462 | Y7: =G7*P7 -> 0.029634978 | Z7: =AVERAGE(V7:Y7) -> 0.041483583
A8: 2015 | B8: 7 | C8: 2015.5 | D8: ='VAR1'!T7 -> 0.59832239 | E8: =SUM('VAR2-Cor'!R7,'VAR2-Sag'!R7)/2 -> 0.62855389 | F8: =SUM('VAR3-Cor'!R7,'VAR3-Sag'!S7)/2 -> 1.0492591 | G8: =SUM('VAR4-Cor'!S7,'VAR4-Sag'!S7)/2 -> 0.56815753 | H8: =AVERAGE(D8:G8) -> 0.71107322 | J8: 2015 | K8: 7 | L8: 2015.5 | M8: ='VAR1'!U7 -> 0.1067 | N8: =SUM('VAR2-Cor'!S7,'VAR2-Sag'!S7)/2 -> 0.046125 | O8: =SUM('VAR3-Cor'!S7,'VAR3-Sag'!T7)/2 -> 0.0461325 | P8: =SUM('VAR4-Cor'!T7,'VAR4-Sag'!T7)/2 -> 0.07195 | Q8: =AVERAGE(M8:P8) -> 0.067726875 | S8: 2015 | T8: 7 | U8: 2015.5 | V8: =D8*M8 -> 0.063840999 | W8: =E8*N8 -> 0.028992048 | X8: =F8*O8 -> 0.048404944 | Y8: =G8*P8 -> 0.040878934 | Z8: =AVERAGE(V8:Y8) -> 0.045529231
A9: 2015 | B9: 6 | C9: 2015.4167 | D9: ='VAR1'!T8 -> 0.56464061 | E9: =SUM('VAR2-Cor'!R8,'VAR2-Sag'!R8)/2 -> 0.61859919 | F9: =SUM('VAR3-Cor'!R8,'VAR3-Sag'!S8)/2 -> 0.97661746 | G9: =SUM('VAR4-Cor'!S8,'VAR4-Sag'!S8)/2 -> 0.51481286 | H9: =AVERAGE(D9:G9) -> 0.66866753 | J9: 2015 | K9: 6 | L9: 2015.4167 | M9: ='VAR1'!U8 -> 0.1066 | N9: =SUM('VAR2-Cor'!S8,'VAR2-Sag'!S8)/2 -> 0.04615 | O9: =SUM('VAR3-Cor'!S8,'VAR3-Sag'!T8)/2 -> 0.04614 | P9: =SUM('VAR4-Cor'!T8,'VAR4-Sag'!T8)/2 -> 0.04795 | Q9: =AVERAGE(M9:P9) -> 0.06171 | S9: 2015 | T9: 6 | U9: 2015.4167 | V9: =D9*M9 -> 0.060190689 | W9: =E9*N9 -> 0.028548353 | X9: =F9*O9 -> 0.04506113 | Y9: =G9*P9 -> 0.024685277 | Z9: =AVERAGE(V9:Y9) -> 0.039621362
A10: 2015 | B10: 5 | C10: 2015.3333 | D10: ='VAR1'!T9 -> 0.57385431 | E10: =SUM('VAR2-Cor'!R9,'VAR2-Sag'!R9)/2 -> 0.61013885 | F10: =SUM('VAR3-Cor'!R9,'VAR3-Sag'!S9)/2 -> 0.94143685 | G10: =SUM('VAR4-Cor'!S9,'VAR4-Sag'!S9)/2 -> 0.49075645 | H10: =AVERAGE(D10:G10) -> 0.65404662 | J10: 2015 | K10: 5 | L10: 2015.3333 | M10: ='VAR1'!U9 -> 0.1067 | N10: =SUM('VAR2-Cor'!S9,'VAR2-Sag'!S9)/2 -> 0.0462 | O10: =SUM('VAR3-Cor'!S9,'VAR3-Sag'!T9)/2 -> 0.04614 | P10: =SUM('VAR4-Cor'!T9,'VAR4-Sag'!T9)/2 -> 0.048 | Q10: =AVERAGE(M10:P10) -> 0.06176 | S10: 2015 | T10: 5 | U10: 2015.3333 | V10: =D10*M10 -> 0.061230255 | W10: =E10*N10 -> 0.028188415 | X10: =F10*O10 -> 0.043437896 | Y10: =G10*P10 -> 0.02355631 | Z10: =AVERAGE(V10:Y10) -> 0.039103219
A11: 2015 | B11: 4 | C11: 2015.25 | D11: ='VAR1'!T10 -> 0.559072 | E11: =SUM('VAR2-Cor'!R10,'VAR2-Sag'!R10)/2 -> 0.60191817 | F11: =SUM('VAR3-Cor'!R10,'VAR3-Sag'!S10)/2 -> 0.90787826 | G11: =SUM('VAR4-Cor'!S10,'VAR4-Sag'!S10)/2 -> 0.46963224 | H11: =AVERAGE(D11:G11) -> 0.63462517 | J11: 2015 | K11: 4 | L11: 2015.25 | M11: ='VAR1'!U10 -> 0.1066 | N11: =SUM('VAR2-Cor'!S10,'VAR2-Sag'!S10)/2 -> 0.046125 | O11: =SUM('VAR3-Cor'!S10,'VAR3-Sag'!T10)/2 -> 0.0307825 | P11: =SUM('VAR4-Cor'!T10,'VAR4-Sag'!T10)/2 -> 0.047975 | Q11: =AVERAGE(M11:P11) -> 0.057870625 | S11: 2015 | T11: 4 | U11: 2015.25 | V11: =D11*M11 -> 0.059597075 | W11: =E11*N11 -> 0.027763476 | X11: =F11*O11 -> 0.027946763 | Y11: =G11*P11 -> 0.022530607 | Z11: =AVERAGE(V11:Y11) -> 0.03445948
A12: 2015 | B12: 3 | C12: 2015.1667 | D12: ='VAR1'!T11 -> 0.49275578 | E12: =SUM('VAR2-Cor'!R11,'VAR2-Sag'!R11)/2 -> 0.59498728 | F12: =SUM('VAR3-Cor'!R11,'VAR3-Sag'!S11)/2 -> 0.89918056 | G12: =SUM('VAR4-Cor'!S11,'VAR4-Sag'!S11)/2 -> 0.45517287 | H12: =AVERAGE(D12:G12) -> 0.61052412 | J12: 2015 | K12: 3 | L12: 2015.1667 | M12: ='VAR1'!U11 -> 0.1066 | N12: =SUM('VAR2-Cor'!S11,'VAR2-Sag'!S11)/2 -> 0.046125 | O12: =SUM('VAR3-Cor'!S11,'VAR3-Sag'!T11)/2 -> 0.0307825 | P12: =SUM('VAR4-Cor'!T11,'VAR4-Sag'!T11)/2 -> 0.047925 | Q12: =AVERAGE(M12:P12) -> 0.057858125 | S12: 2015 | T12: 3 | U12: 2015.1667 | V12: =D12*M12 -> 0.052527766 | W12: =E12*N12 -> 0.027443788 | X12: =F12*O12 -> 0.027679025 | Y12: =G12*P12 -> 0.02181416 | Z12: =AVERAGE(V12:Y12) -> 0.032366185
A13: 2015 | B13: 2 | C13: 2015.0833 | D13: ='VAR1'!T12 -> 0.48718179 | E13: =SUM('VAR2-Cor'!R12,'VAR2-Sag'!R12)/2 -> 0.58999037 | F13: =SUM('VAR3-Cor'!R12,'VAR3-Sag'!S12)/2 -> 0.89048285 | G13: =SUM('VAR4-Cor'!S12,'VAR4-Sag'!S12)/2 -> 0.44839411 | H13: =AVERAGE(D13:G13) -> 0.60401228 | J13: 2015 | K13: 2 | L13: 2015.0833 | M13: ='VAR1'!U12 -> 0.1829 | N13: =SUM('VAR2-Cor'!S12,'VAR2-Sag'!S12)/2 -> 0.1231 | O13: =SUM('VAR3-Cor'!S12,'VAR3-Sag'!T12)/2 -> 0.061515 | P13: =SUM('VAR4-Cor'!T12,'VAR4-Sag'!T12)/2 -> 0.1679 | Q13: =AVERAGE(M13:P13) -> 0.13385375 | S13: 2015 | T13: 2 | U13: 2015.0833 | V13: =D13*M13 -> 0.08910555 | W13: =E13*N13 -> 0.072627815 | X13: =F13*O13 -> 0.054778053 | Y13: =G13*P13 -> 0.07528537 | Z13: =AVERAGE(V13:Y13) -> 0.072949197
A14: 2015 | B14: 1 | C14: 2015 | D14: ='VAR1'!T13 -> 0.56768071 | E14: =SUM('VAR2-Cor'!R13,'VAR2-Sag'!R13)/2 -> 0.6111797 | F14: =SUM('VAR3-Cor'!R13,'VAR3-Sag'!S13)/2 -> 0.88757278 | G14: =SUM('VAR4-Cor'!S13,'VAR4-Sag'!S13)/2 -> 0.50111489 | H14: =AVERAGE(D14:G14) -> 0.64188702 | J14: 2015 | K14: 1 | L14: 2015 | M14: ='VAR1'!U13 -> 0.1828 | N14: =SUM('VAR2-Cor'!S13,'VAR2-Sag'!S13)/2 -> 0.123 | O14: =SUM('VAR3-Cor'!S13,'VAR3-Sag'!T13)/2 -> 0.061515 | P14: =SUM('VAR4-Cor'!T13,'VAR4-Sag'!T13)/2 -> 0.1199 | Q14: =AVERAGE(M14:P14) -> 0.12180375 | S14: 2015 | T14: 1 | U14: 2015 | V14: =D14*M14 -> 0.10377203 | W14: =E14*N14 -> 0.075175103 | X14: =F14*O14 -> 0.05459904 | Y14: =G14*P14 -> 0.060083675 | Z14: =AVERAGE(V14:Y14) -> 0.073407463
... A410: 1982 | B410: 1 | C410: 1982 | D410: ='VAR1'!T409 -> 0.84421549 | E410: =SUM('VAR2-Cor'!R409,'VAR2-Sag'!R409)/2 -> 0.66750022 | F410: =SUM('VAR3-Cor'!R409,'VAR3-Sag'!S409)/2 -> 0.64238547 | G410: =SUM('VAR4-Cor'!S409,'VAR4-Sag'!S409)/2 -> 0.60255665 | H410: =AVERAGE(D410:G410) -> 0.68916446 | J410: 1982 | K410: 1 | L410: 1982 | M410: ='VAR1'!U409 -> 0.06092 | N410: =SUM('VAR2-Cor'!S409,'VAR2-Sag'!S409)/2 -> 0.1538 | O410: =SUM('VAR3-Cor'!S409,'VAR3-Sag'!T409)/2 -> 0.092265 | P410: =SUM('VAR4-Cor'!T409,'VAR4-Sag'!T409)/2 -> 0.117 | Q410: =AVERAGE(M410:P410) -> 0.10599625 | S410: 1982 | T410: 1 | U410: 1982 | V410: =D410*M410 -> 0.051429608 | W410: =E410*N410 -> 0.10266153 | X410: =F410*O410 -> 0.059269696 | Y410: =G410*P410 -> 0.070499128 | Z410: =AVERAGE(V410:Y410) -> 0.070964991
