Workbook

Sheet DATA
A1: VAR-1 (X-RAY) | F1: VAR-2 (TOMO) | K1: VAR-3 (TOMO) | P1: VAR-4 (TOMO) | U1: PROMEDIO
A2: Año | B2: Densidad | C2: Extension | D2: Calcificacion | F2: Año | G2: Densidad | H2: Extension | I2: Calcificacion | K2: Año | L2: Densidad | M2: Extension | N2: Calcificacion | P2: Año | Q2: Densidad | R2: Extension | S2: Calcificacion | U2: Año | V2: Densidad | W2: Extension | X2: Calcificacion
A3: 2015 | B3: 0.64979045 | C3: 1.5996 | D3: 1.0394048 | F3: 2015 | G3: 0.60311461 | H3: 1.35375 | I3: 0.81009439 | K3: 2015 | L3: 0.77141124 | M3: 0.92297 | N3: 0.7183187 | P3: 2015 | Q3: 0.56139931 | R3: 0.9594 | S3: 0.5386065 | U3: 2015 | V3: =AVERAGE(Q3,L3,G3,B3) -> 0.6464289 | W3: =AVERAGE(R3,M3,H3,C3) -> 1.20893 | X3: =AVERAGE(S3,N3,I3,D3) -> 0.7766061
A4: 2014 | B4: 0.62513631 | C4: 1.5692 | D4: 0.98096389 | F4: 2014 | G4: 0.64102678 | H4: 0.86145 | I4: 0.56149233 | K4: 2014 | L4: 0.91130493 | M4: 0.58455 | N4: 0.5233397 | P4: 2014 | Q4: 0.62794163 | R4: 1.1513 | S4: 0.7229492 | U4: 2014 | V4: =AVERAGE(Q4,L4,G4,B4) -> 0.70135241 | W4: =AVERAGE(R4,M4,H4,C4) -> 1.041625 | X4: =AVERAGE(S4,N4,I4,D4) -> 0.69718628
A5: 2013 | B5: 0.61275542 | C5: 1.9347 | D5: 1.1854979 | F5: 2013 | G5: 0.63058724 | H5: 1.7228 | I5: 1.0863757 | K5: 2013 | L5: 0.62972335 | M5: 1.10756 | N5: 0.71588971 | P5: 2013 | Q5: 0.57166105 | R5: 1.1512 | S5: 0.6580962 | U5: 2013 | V5: =AVERAGE(Q5,L5,G5,B5) -> 0.61118177 | W5: =AVERAGE(R5,M5,H5,C5) -> 1.479065 | X5: =AVERAGE(S5,N5,I5,D5) -> 0.91146488
A6: 2012 | B6: 0.60951216 | C6: 1.2645 | D6: 0.77072813 | F6: 2012 | G6: 0.56774705 | H6: 1.1076 | I6: 0.62224998 | K6: 2012 | L6: 0.75110803 | M6: 0.39992 | N6: 0.29478449 | P6: 2012 | Q6: 0.8211381 | R6: 0.9594 | S6: 0.7877999 | U6: 2012 | V6: =AVERAGE(Q6,L6,G6,B6) -> 0.68737634 | W6: =AVERAGE(R6,M6,H6,C6) -> 0.932855 | X6: =AVERAGE(S6,N6,I6,D6) -> 0.61889063
A7: 2011 | B7: 0.56284024 | C7: 2.3308 | D7: 1.311868 | F7: 2011 | G7: 0.54462781 | H7: 1.19985 | I7: 0.67776872 | K7: 2011 | L7: 0.89300459 | M7: 0.953765 | N7: 0.89246024 | P7: 2011 | Q7: 0.9563076 | R7: 1.1513 | S7: 1.1009969 | U7: 2011 | V7: =AVERAGE(Q7,L7,G7,B7) -> 0.73919506 | W7: =AVERAGE(R7,M7,H7,C7) -> 1.4089287 | X7: =AVERAGE(S7,N7,I7,D7) -> 0.99577348
A8: 2010 | B8: 0.61516816 | C8: 0.7617 | D8: 0.46857359 | F8: 2010 | G8: 0.64980152 | H8: 0.89225 | I8: 0.54794208 | K8: 2010 | L8: 1.005208 | M8: 0.49224 | N8: 0.50069913 | P8: 2010 | Q8: 0.98264907 | R8: 1.0553 | S8: 1.0369896 | U8: 2010 | V8: =AVERAGE(Q8,L8,G8,B8) -> 0.81320669 | W8: =AVERAGE(R8,M8,H8,C8) -> 0.8003725 | X8: =AVERAGE(S8,N8,I8,D8) -> 0.63855109
A9: 2009 | B9: 0.60836364 | C9: 1.4778 | D9: 0.89903979 | F9: 2009 | G9: 0.7525208 | H9: 0.92295 | I9: 0.6945407 | K9: 2009 | L9: 0.70576041 | M9: 0.86141 | N9: 0.60794954 | P9: 2009 | Q9: 0.9083832 | R9: 0.9594 | S9: 0.87150284 | U9: 2009 | V9: =AVERAGE(Q9,L9,G9,B9) -> 0.74375701 | W9: =AVERAGE(R9,M9,H9,C9) -> 1.05539 | X9: =AVERAGE(S9,N9,I9,D9) -> 0.76825822
A10: 2008 | B10: 0.66298357 | C10: 0.9902 | D10: 0.65648633 | F10: 2008 | G10: 0.67717084 | H10: 1.13835 | I10: 0.76597106 | K10: 2008 | L10: 0.64737146 | M10: 0.67685 | N10: 0.43490667 | P10: 2008 | Q10: 0.73604812 | R10: 1.2471 | S10: 0.9179256 | U10: 2008 | V10: =AVERAGE(Q10,L10,G10,B10) -> 0.6808935 | W10: =AVERAGE(R10,M10,H10,C10) -> 1.013125 | X10: =AVERAGE(S10,N10,I10,D10) -> 0.69382242
A11: 2007 | B11: 0.68530775 | C11: 2.2242 | D11: 1.5242615 | F11: 2007 | G11: 0.6450884 | H11: 1.19985 | I11: 0.79190421 | K11: 2007 | L11: 0.59712321 | M11: 0.55375 | N11: 0.33185108 | P11: 2007 | Q11: 0.60853333 | R11: 1.2472 | S11: 0.75896277 | U11: 2007 | V11: =AVERAGE(Q11,L11,G11,B11) -> 0.63401317 | W11: =AVERAGE(R11,M11,H11,C11) -> 1.30625 | X11: =AVERAGE(S11,N11,I11,D11) -> 0.85174489
A12: 2006 | B12: 0.61661593 | C12: 2.1176 | D12: 1.3057459 | F12: 2006 | G12: 0.69052092 | H12: 1.1383 | I12: 0.77858604 | K12: 2006 | L12: 0.64632324 | M12: 1.076815 | N12: 0.7110792 | P12: 2006 | Q12: 0.53088713 | R12: 1.0553 | S12: 0.56024519 | U12: 2006 | V12: =AVERAGE(Q12,L12,G12,B12) -> 0.6210868 | W12: =AVERAGE(R12,M12,H12,C12) -> 1.3470038 | X12: =AVERAGE(S12,N12,I12,D12) -> 0.83891408
A13: 2005 | B13: 0.61940247 | C13: 0.975 | D13: 0.6039174 | F13: 2005 | G13: 0.70315603 | H13: 1.1999 | I13: 0.84297111 | K13: 2005 | L13: 0.68197759 | M13: 0.64605 | N13: 0.44359111 | P13: 2005 | Q13: 0.79875069 | R13: 1.1513 | S13: 0.91960167 | U13: 2005 | V13: =AVERAGE(Q13,L13,G13,B13) -> 0.7008217 | W13: =AVERAGE(R13,M13,H13,C13) -> 0.9930625 | X13: =AVERAGE(S13,N13,I13,D13) -> 0.70252033
A14: 2004 | B14: 0.65005351 | C14: 1.5234 | D14: 0.99029152 | F14: 2004 | G14: 0.70080849 | H14: 1.046 | I14: 0.72659752 | K14: 2004 | L14: 0.68882015 | M14: 1.261375 | N14: 0.7879505 | P14: 2004 | Q14: 0.71376098 | R14: 1.2472 | S14: 0.89020269 | U14: 2004 | V14: =AVERAGE(Q14,L14,G14,B14) -> 0.68836078 | W14: =AVERAGE(R14,M14,H14,C14) -> 1.2694938 | X14: =AVERAGE(S14,N14,I14,D14) -> 0.84876056
... A34: 1984 | B34: 0.85550138 | C34: 0.77673 | D34: 0.66449359 | F34: 1984 | G34: 0.77308151 | H34: 0.9536 | I34: 0.8207218 | K34: 1984 | L34: 0.73257958 | M34: 0.86143 | N34: 0.63332075 | P34: 1984 | Q34: 0.55710808 | R34: 0.9 | S34: 0.50139727 | U34: 1984 | V34: =AVERAGE(Q34,L34,G34,B34) -> 0.72956764 | W34: =AVERAGE(R34,M34,H34,C34) -> 0.87294 | X34: =AVERAGE(S34,N34,I34,D34) -> 0.65498335
F35: 1983 | G35: 0.6841536 | H35: 0.892 | I35: 0.62844633 | K35: 1983 | L35: 0.6386834 | M35: 1.230615 | N35: 0.78843226 | P35: 1983 | Q35: 0.4713034 | R35: 0.99 | S35: 0.46659037 | U35: 1983 | V35: =AVERAGE(Q35,L35,G35,B35) -> 0.5980468 | W35: =AVERAGE(R35,M35,H35,C35) -> 1.0375383 | X35: =AVERAGE(S35,N35,I35,D35) -> 0.62782299
F36: 1982 | G36: 0.80671152 | H36: 1.0151 | I36: 0.92498358 | K36: 1982 | L36: 0.5508457 | M36: 1.13835 | N36: 0.62982882 | P36: 1982 | Q36: 0.53071147 | R36: 0.81 | S36: 0.42987629 | U36: 1982 | V36: =AVERAGE(Q36,L36,G36,B36) -> 0.6294229 | W36: =AVERAGE(R36,M36,H36,C36) -> 0.98781667 | X36: =AVERAGE(S36,N36,I36,D36) -> 0.6615629
F37: 1981 | G37: 0.75366653 | H37: 0.98425 | I37: 0.74184981 | K37: 1981 | L37: 0.60134255 | M37: 0.86143 | N37: 0.52287402 | P37: 1981 | Q37: 0.69212054 | R37: 1.08 | S37: 0.74749019 | U37: 1981 | V37: =AVERAGE(Q37,L37,G37,B37) -> 0.68237654 | W37: =AVERAGE(R37,M37,H37,C37) -> 0.97522667 | X37: =AVERAGE(S37,N37,I37,D37) -> 0.670738
F38: 1980 | G38: 0.94822181 | H38: 1.3534 | I38: 1.327987 | K38: 1980 | L38: 0.56583396 | M38: 1.23061 | N38: 0.66457058 | P38: 1980 | Q38: 0.83645864 | R38: 0.72 | S38: 0.60225022 | U38: 1980 | V38: =AVERAGE(Q38,L38,G38,B38) -> 0.7835048 | W38: =AVERAGE(R38,M38,H38,C38) -> 1.1013367 | X38: =AVERAGE(S38,N38,I38,D38) -> 0.86493593
F39: 1979 | G39: 0.85356215 | H39: 1.10725 | I39: 0.91672792 | K39: 1979 | L39: 0.60077673 | M39: 0.953725 | N39: 0.57070539 | P39: 1979 | Q39: 0.87285758 | R39: 0.81 | S39: 0.70701464 | U39: 1979 | V39: =AVERAGE(Q39,L39,G39,B39) -> 0.77573215 | W39: =AVERAGE(R39,M39,H39,C39) -> 0.95699167 | X39: =AVERAGE(S39,N39,I39,D39) -> 0.73148265
F40: 1978 | G40: 0.87640622 | H40: 1.4763 | I40: 1.2794971 | K40: 1978 | L40: 0.84251149 | M40: 0.73833 | N40: 0.62205236 | P40: 1978 | Q40: 0.82326037 | R40: 0.9 | S40: 0.74093433 | U40: 1978 | V40: =AVERAGE(Q40,L40,G40,B40) -> 0.8473927 | W40: =AVERAGE(R40,M40,H40,C40) -> 1.03821 | X40: =AVERAGE(S40,N40,I40,D40) -> 0.88082792
F41: 1977 | G41: 0.98869927 | H41: 0.98425 | I41: 0.97314973 | K41: 1977 | L41: 0.53492841 | M41: 1.07652 | N41: 0.57548639 | P41: 1977 | Q41: 0.88438982 | R41: 0.99 | S41: 0.87554592 | U41: 1977 | V41: =AVERAGE(Q41,L41,G41,B41) -> 0.8026725 | W41: =AVERAGE(R41,M41,H41,C41) -> 1.0169233 | X41: =AVERAGE(S41,N41,I41,D41) -> 0.80806068
F42: 1976 | G42: 0.9361184 | H42: 0.984 | I42: 0.92114051 | K42: 1976 | L42: 0.55824825 | M42: 0.707415 | N42: 0.39259118 | P42: 1976 | Q42: 0.83214665 | R42: 0.72 | S42: 0.59914559 | U42: 1976 | V42: =AVERAGE(Q42,L42,G42,B42) -> 0.77550443 | W42: =AVERAGE(R42,M42,H42,C42) -> 0.803805 | X42: =AVERAGE(S42,N42,I42,D42) -> 0.63762576
F43: 1975 | G43: 0.82021215 | H43: 1.13775 | I43: 0.92820878 | K43: 1975 | L43: 0.54176412 | M43: 0.86124 | N43: 0.46065451 | P43: 1975 | Q43: 0.79203321 | R43: 0.9 | S43: 0.71282989 | U43: 1975 | V43: =AVERAGE(Q43,L43,G43,B43) -> 0.71800316 | W43: =AVERAGE(R43,M43,H43,C43) -> 0.96633 | X43: =AVERAGE(S43,N43,I43,D43) -> 0.70056439
F44: 1974 | G44: 0.97093271 | H44: 1.01475 | I44: 1.0406172 | K44: 1974 | L44: 0.57183168 | M44: 0.953475 | N44: 0.54648791 | P44: 1974 | Q44: 0.80581397 | R44: 0.72 | S44: 0.58018606 | U44: 1974 | V44: =AVERAGE(Q44,L44,G44,B44) -> 0.78285946 | W44: =AVERAGE(R44,M44,H44,C44) -> 0.896075 | X44: =AVERAGE(S44,N44,I44,D44) -> 0.7224304
F45: 1973 | G45: 1.1005528 | H45: 1.01475 | I45: 1.1751815 | K45: 1973 | L45: 0.59634736 | M45: 0.891945 | N45: 0.528368 | P45: 1973 | Q45: 0.92072509 | R45: 0.9 | S45: 0.82865258 | U45: 1973 | V45: =AVERAGE(Q45,L45,G45,B45) -> 0.87254175 | W45: =AVERAGE(R45,M45,H45,C45) -> 0.935565 | X45: =AVERAGE(S45,N45,I45,D45) -> 0.84406737
F46: 1972 | G46: 1.126627 | H46: 1.01475 | I46: 1.1492558 | K46: 1972 | L46: 0.61544761 | M46: 0.953475 | N46: 0.58492321 | P46: 1972 | Q46: 0.61519312 | R46: 0.99 | S46: 0.60904119 | U46: 1972 | V46: =AVERAGE(Q46,L46,G46,B46) -> 0.78575591 | W46: =AVERAGE(R46,M46,H46,C46) -> 0.986075 | X46: =AVERAGE(S46,N46,I46,D46) -> 0.78107341
... F68: 1950 | G68: 0.89334446 | H68: 0.9225 | I68: 0.82411027 | K68: 1950 | L68: 0.72304786 | M68: 1.38411 | N68: 1.0028598 | P68: 1950 | Q68: 0.59477434 | R68: 1.53 | S68: 0.91000474 | U68: 1950 | V68: =AVERAGE(Q68,L68,G68,B68) -> 0.73705555 | W68: =AVERAGE(R68,M68,H68,C68) -> 1.27887 | X68: =AVERAGE(S68,N68,I68,D68) -> 0.91232492
K69: 1949 | L69: 0.91030963 | M69: 0.953415 | N69: 0.85294783 | U69: 1949 | V69: =AVERAGE(Q69,L69,G69,B69) -> 0.91030963 | W69: =AVERAGE(R69,M69,H69,C69) -> 0.953415 | X69: =AVERAGE(S69,N69,I69,D69) -> 0.85294783
K70: 1948 | L70: 0.92724857 | M70: 1.015065 | N70: 0.87652276 | U70: 1948 | V70: =AVERAGE(Q70,L70,G70,B70) -> 0.92724857 | W70: =AVERAGE(R70,M70,H70,C70) -> 1.015065 | X70: =AVERAGE(S70,N70,I70,D70) -> 0.87652276
K71: 1947 | L71: 0.82134299 | M71: 1.38414 | N71: 1.0702707 | U71: 1947 | V71: =AVERAGE(Q71,L71,G71,B71) -> 0.82134299 | W71: =AVERAGE(R71,M71,H71,C71) -> 1.38414 | X71: =AVERAGE(S71,N71,I71,D71) -> 1.0702707
K72: 1946 | L72: 0.81977996 | M72: 1.44558 | N72: 1.1953527 | U72: 1946 | V72: =AVERAGE(Q72,L72,G72,B72) -> 0.81977996 | W72: =AVERAGE(R72,M72,H72,C72) -> 1.44558 | X72: =AVERAGE(S72,N72,I72,D72) -> 1.1953527
K73: 1945 | L73: 0.90412281 | M73: 1.1073 | N73: 0.96586807 | U73: 1945 | V73: =AVERAGE(Q73,L73,G73,B73) -> 0.90412281 | W73: =AVERAGE(R73,M73,H73,C73) -> 1.1073 | X73: =AVERAGE(S73,N73,I73,D73) -> 0.96586807
K74: 1944 | L74: 1.0842757 | M74: 1.10724 | N74: 1.234284 | U74: 1944 | V74: =AVERAGE(Q74,L74,G74,B74) -> 1.0842757 | W74: =AVERAGE(R74,M74,H74,C74) -> 1.10724 | X74: =AVERAGE(S74,N74,I74,D74) -> 1.234284
K75: 1943 | L75: 0.73367003 | M75: 1.35366 | N75: 0.99313978 | U75: 1943 | V75: =AVERAGE(Q75,L75,G75,B75) -> 0.73367003 | W75: =AVERAGE(R75,M75,H75,C75) -> 1.35366 | X75: =AVERAGE(S75,N75,I75,D75) -> 0.99313978
K76: 1942 | L76: 0.74214927 | M76: 1.2306 | N76: 0.91328889 | U76: 1942 | V76: =AVERAGE(Q76,L76,G76,B76) -> 0.74214927 | W76: =AVERAGE(R76,M76,H76,C76) -> 1.2306 | X76: =AVERAGE(S76,N76,I76,D76) -> 0.91328889
K77: 1941 | L77: 0.85518658 | M77: 0.86142 | N77: 0.73667482 | U77: 1941 | V77: =AVERAGE(Q77,L77,G77,B77) -> 0.85518658 | W77: =AVERAGE(R77,M77,H77,C77) -> 0.86142 | X77: =AVERAGE(S77,N77,I77,D77) -> 0.73667482
A79: PROMEDIO | B79: =AVERAGE(B3:B34) -> 0.69663086 | C79: =AVERAGE(C3:C34) -> 1.4242272 | D79: =AVERAGE(D3:D34) -> 0.97926436 | F79: PROMEDIO | G79: =AVERAGE(G3:G68) -> 0.74844432 | H79: =AVERAGE(H3:H68) -> 1.0984333 | I79: =AVERAGE(I3:I68) -> 0.81922323 | K79: PROMEDIO | L79: =AVERAGE(L3:L77) -> 0.73030227 | M79: =AVERAGE(M3:M77) -> 0.97410293 | N79: =AVERAGE(N3:N77) -> 0.70269041 | P79: PROMEDIO | Q79: =AVERAGE(Q3:Q68) -> 0.65494536 | R79: =AVERAGE(R3:R68) -> 1.0619 | S79: =AVERAGE(S3:S68) -> 0.68813421 | U79: PROMEDIO | V79: =AVERAGE(V3:V77) -> 0.72752676 | W79: =AVERAGE(W3:W77) -> 1.093315 | X79: =AVERAGE(X3:X77) -> 0.7874455
A80: DE | B80: =_xlfn.STDEV.S(B3:B34) -> 0.082517873 | C80: =_xlfn.STDEV.S(C3:C34) -> 0.42445836 | D80: =_xlfn.STDEV.S(D3:D34) -> 0.26697919 | F80: DE | G80: =_xlfn.STDEV.S(G3:G68) -> 0.14046394 | H80: =_xlfn.STDEV.S(H3:H68) -> 0.19975553 | I80: =_xlfn.STDEV.S(I3:I68) -> 0.20390248 | K80: DE | L80: =_xlfn.STDEV.S(L3:L77) -> 0.12509256 | M80: =_xlfn.STDEV.S(M3:M77) -> 0.22727821 | N80: =_xlfn.STDEV.S(N3:N77) -> 0.20139799 | P80: DE | Q80: =_xlfn.STDEV.S(Q3:Q68) -> 0.15689888 | R80: =_xlfn.STDEV.S(R3:R68) -> 0.22648809 | S80: =_xlfn.STDEV.S(S3:S68) -> 0.18948473 | U80: DE | V80: =_xlfn.STDEV.S(V3:V77) -> 0.093725982 | W80: =_xlfn.STDEV.S(W3:W77) -> 0.15824407 | X80: =_xlfn.STDEV.S(X3:X77) -> 0.13006071

Sheet DATA-Match
A1: VAR-1 (X-RAY) | B1: IMBANACO-ENERO 2017 | F1: VAR-1 (X-RAY) | G1: VETERINARIA-JULIO 2016 | K1: VAR-2 (TOMO) | P1: VAR-3 (TOMO) | U1: VAR-4 (TOMO) | Z1: PROMEDIO
A2: Año | B2: Densidad | C2: Extensión | D2: Calcificación | F2: Año | G2: Densidad | H2: Extension | I2: Calcificacion | K2: Año | L2: Densidad | M2: Extension | N2: Calcificacion | P2: Año | Q2: Densidad | R2: Extension | S2: Calcificacion | U2: Año | V2: Densidad | W2: Extension | X2: Calcificacion | Z2: Año | AA2: Densidad | AB2: Extension | AC2: Calcificacion
A3: 2015 | B3: 0.41375667 | C3: 1.8519 | D3: 0.76623599 | F3: 2015 | G3: 0.68516075 | H3: 1.4472 | I3: 0.99156464 | K3: 2015 | L3: 0.62119327 | M3: 0.8614 | N3: 0.53509589 | P3: 2015 | Q3: 1.0125993 | R3: 0.738385 | S3: 0.74769125 | U3: 2015 | V3: 0.55244606 | W3: 1.0073 | X3: 0.55736198 | Z3: 2015 | AA3: =AVERAGE(V3,Q3,L3,G3) -> 0.71784984 | AB3: =AVERAGE(W3,R3,M3,H3) -> 1.0135713 | AC3: =AVERAGE(X3,S3,N3,I3) -> 0.70792844 | AD3: =(AA3-AA$79)/AA$80 -> -0.19584292 | AF3: Density | AI3: Extension | AL3: Calcification
A4: 2014 | B4: 0.4197296 | C4: 1.5741 | D4: 0.66069637 | F4: 2014 | G4: 0.64420237 | H4: 1.63 | I4: 1.0500499 | K4: 2014 | L4: 0.64016045 | M4: 1.66135 | N4: 1.0734865 | P4: 2014 | Q4: 0.70969204 | R4: 0.98448 | S4: 0.72911794 | U4: 2014 | V4: 0.6737332 | W4: 1.07935 | X4: 0.72389923 | Z4: 2014 | AA4: =AVERAGE(V4,Q4,L4,G4) -> 0.66694701 | AB4: =AVERAGE(W4,R4,M4,H4) -> 1.338795 | AC4: =AVERAGE(X4,S4,N4,I4) -> 0.89413838 | AD4: =(AA4-AA$79)/AA$80 -> -0.91060097 | AF4: Mean | AG4: SD | AH4: SE | AI4: Mean | AJ4: SD | AK4: SE | AL4: Mean | AM4: SD | AN4: SE
A5: 2013 | B5: 0.37647563 | C5: 1.9629 | D5: 0.73898401 | F5: 2013 | G5: 0.61752516 | H5: 1.63 | I5: 1.006566 | K5: 2013 | L5: 0.57414766 | M5: 1.2922 | N5: 0.73143771 | P5: 2013 | Q5: 0.79106192 | R5: 0.55375 | S5: 0.43686881 | U5: 2013 | V5: 0.67404673 | W5: 1.1512 | X5: 0.7759626 | Z5: 2013 | AA5: =AVERAGE(V5,Q5,L5,G5) -> 0.66419537 | AB5: =AVERAGE(W5,R5,M5,H5) -> 1.1567875 | AC5: =AVERAGE(X5,S5,N5,I5) -> 0.73770878 | AD5: =(AA5-AA$79)/AA$80 -> -0.94923858 | AE5: 1951-1984 | AF5: =AVERAGE(AA34:AA67) -> 0.76748869 | AG5: =_xlfn.STDEV.S(AA34:AA67) -> 0.067647261 | AH5: =AG5/SQRT(34) -> 0.01160141 | AI5: =AVERAGE(AB34:AB67) -> 1.0338344 | AJ5: =_xlfn.STDEV.S(AB34:AB67) -> 0.10918556 | AK5: =AJ5/SQRT(34) -> 0.018725169 | AL5: =AVERAGE(AC34:AC67) -> 0.79363797 | AM5: =_xlfn.STDEV.S(AC34:AC67) -> 0.093866653 | AN5: =AM5/SQRT(34) -> 0.016097998
A6: 2012 | B6: 0.31552184 | C6: 1.4445 | D6: 0.45577129 | F6: 2012 | G6: 0.61419012 | H6: 1.95 | I6: 1.1976707 | K6: 2012 | L6: 0.52600276 | M6: 1.0768 | N6: 0.59076555 | P6: 2012 | Q6: 0.87570355 | R6: 0.67685 | S6: 0.59760797 | U6: 2012 | V6: 0.81399765 | W6: 0.86345 | X6: 0.7035314 | Z6: 2012 | AA6: =AVERAGE(V6,Q6,L6,G6) -> 0.70747352 | AB6: =AVERAGE(W6,R6,M6,H6) -> 1.141775 | AC6: =AVERAGE(X6,S6,N6,I6) -> 0.77239391 | AD6: =(AA6-AA$79)/AA$80 -> -0.34154322 | AE6: 1984-2015 | AF6: =AVERAGE(AA3:AA34) -> 0.69311611 | AG6: =_xlfn.STDEV.S(AA3:AA34) -> 0.051738532 | AH6: =AG6/SQRT(32) -> 0.0091461668 | AI6: =AVERAGE(AB3:AB34) -> 1.0990803 | AJ6: =_xlfn.STDEV.S(AB3:AB34) -> 0.12806916 | AK6: =AJ6/SQRT(32) -> 0.022639643 | AL6: =AVERAGE(AC3:AC34) -> 0.75190137 | AM6: =_xlfn.STDEV.S(AC3:AC34) -> 0.094707643 | AN6: =AM6/SQRT(32) -> 0.016742104
A7: 2011 | B7: 0.2976837 | C7: 1.2407 | D7: 0.36933616 | F7: 2011 | G7: 0.49883694 | H7: 1.3711 | I7: 0.68395533 | K7: 2011 | L7: 0.62489177 | M7: 0.9537 | N7: 0.57115761 | P7: 2011 | Q7: 1.1571421 | R7: 0.70762 | S7: 0.85115902 | U7: 2011 | V7: 0.87813465 | W7: 1.07935 | X7: 0.95343918 | Z7: 2011 | AA7: =AVERAGE(V7,Q7,L7,G7) -> 0.78975136 | AB7: =AVERAGE(W7,R7,M7,H7) -> 1.0279425 | AC7: =AVERAGE(X7,S7,N7,I7) -> 0.76492778 | AD7: =(AA7-AA$79)/AA$80 -> 0.81377077
A8: 2010 | B8: 0.3238978 | C8: 1.5741 | D8: 0.50984753 | F8: 2010 | G8: 0.63175884 | H8: 1.493 | I8: 0.94321595 | K8: 2010 | L8: 0.74676149 | M8: 0.8922 | N8: 0.66344322 | P8: 2010 | Q8: 0.80087882 | R8: 0.76913 | S8: 0.61447359 | U8: 2010 | V8: 0.90217623 | W8: 0.93535 | X8: 0.85350325 | Z8: 2010 | AA8: =AVERAGE(V8,Q8,L8,G8) -> 0.77039384 | AB8: =AVERAGE(W8,R8,M8,H8) -> 1.02242 | AC8: =AVERAGE(X8,S8,N8,I8) -> 0.768659 | AD8: =(AA8-AA$79)/AA$80 -> 0.54195994
A9: 2009 | B9: 0.31922052 | C9: 1.4259 | D9: 0.45517654 | F9: 2009 | G9: 0.56872467 | H9: 1.0969 | I9: 0.6238341 | K9: 2009 | L9: 0.64925693 | M9: 0.923 | N9: 0.59926414 | P9: 2009 | Q9: 0.76428239 | R9: 0.769115 | S9: 0.58352027 | U9: 2009 | V9: 0.7777758 | W9: 1.05535 | X9: 0.80829391 | Z9: 2009 | AA9: =AVERAGE(V9,Q9,L9,G9) -> 0.69000995 | AB9: =AVERAGE(W9,R9,M9,H9) -> 0.96109125 | AC9: =AVERAGE(X9,S9,N9,I9) -> 0.6537281 | AD9: =(AA9-AA$79)/AA$80 -> -0.58676005
A10: 2008 | B10: 0.3347041 | C10: 1.4259 | D10: 0.47725457 | F10: 2008 | G10: 0.66884489 | H10: 1.234 | I10: 0.82535459 | K10: 2008 | L10: 0.66878829 | M10: 1.29215 | N10: 0.87830756 | P10: 2008 | Q10: 0.69483669 | R10: 0.5538 | S10: 0.38613982 | U10: 2008 | V10: 0.66820374 | W10: 1.24715 | X10: 0.8333469 | Z10: 2008 | AA10: =AVERAGE(V10,Q10,L10,G10) -> 0.6751684 | AB10: =AVERAGE(W10,R10,M10,H10) -> 1.081775 | AC10: =AVERAGE(X10,S10,N10,I10) -> 0.73078722 | AD10: =(AA10-AA$79)/AA$80 -> -0.79515938
A11: 2007 | B11: 0.31712281 | C11: 1.2408 | D11: 0.39348598 | F11: 2007 | G11: 0.64346527 | H11: 1.4473 | I11: 0.93128729 | K11: 2007 | L11: 0.66820878 | M11: 1.10755 | N11: 0.73435477 | P11: 2007 | Q11: 0.69761665 | R11: 0.9845 | S11: 0.68999358 | U11: 2007 | V11: 0.59938447 | W11: 1.2235 | X11: 0.73356373 | Z11: 2007 | AA11: =AVERAGE(V11,Q11,L11,G11) -> 0.6521688 | AB11: =AVERAGE(W11,R11,M11,H11) -> 1.1907125 | AC11: =AVERAGE(X11,S11,N11,I11) -> 0.77229984 | AD11: =(AA11-AA$79)/AA$80 -> -1.1181111
A12: 2006 | B12: 0.47727574 | C12: 1.1296 | D12: 0.53913068 | F12: 2006 | G12: 0.70462819 | H12: 0.7922 | I12: 0.55820645 | K12: 2006 | L12: 0.68828896 | M12: 1.2306 | N12: 0.84950836 | P12: 2006 | Q12: 0.80800203 | R12: 0.738365 | S12: 0.60450575 | U12: 2006 | V12: 0.49762252 | W12: 0.98365 | X12: 0.49186981 | Z12: 2006 | AA12: =AVERAGE(V12,Q12,L12,G12) -> 0.67463543 | AB12: =AVERAGE(W12,R12,M12,H12) -> 0.93620375 | AC12: =AVERAGE(X12,S12,N12,I12) -> 0.62602259 | AD12: =(AA12-AA$79)/AA$80 -> -0.80264322
A13: 2005 | B13: 0.34423837 | C13: 1.463 | D13: 0.50362073 | F13: 2005 | G13: 0.64314227 | H13: 2.011 | I13: 1.2933591 | K13: 2005 | L13: 0.71016199 | M13: 1.19985 | N13: 0.84455713 | P13: 2005 | Q13: 0.77179205 | R13: 1.23059 | S13: 0.89528307 | U13: 2005 | V13: 0.77793406 | W13: 1.03165 | X13: 0.80504638 | Z13: 2005 | AA13: =AVERAGE(V13,Q13,L13,G13) -> 0.72575759 | AB13: =AVERAGE(W13,R13,M13,H13) -> 1.3682725 | AC13: =AVERAGE(X13,S13,N13,I13) -> 0.95956142 | AD13: =(AA13-AA$79)/AA$80 -> -0.084805255
A14: 2004 | B14: 0.42125237 | C14: 1.4259 | D14: 0.60066375 | F14: 2004 | G14: 0.61592095 | H14: 1.2492 | I14: 0.76940846 | K14: 2004 | L14: 0.61407763 | M14: 0.9538 | N14: 0.56230553 | P14: 2004 | Q14: 0.66640379 | R14: 0.64607 | S14: 0.41388146 | U14: 2004 | V14: 0.66970273 | W14: 1.1996 | X14: 0.80547257 | Z14: 2004 | AA14: =AVERAGE(V14,Q14,L14,G14) -> 0.64152628 | AB14: =AVERAGE(W14,R14,M14,H14) -> 1.0121675 | AC14: =AVERAGE(X14,S14,N14,I14) -> 0.637767 | AD14: =(AA14-AA$79)/AA$80 -> -1.2675493
A15: 2003 | B15: 0.40402219 | C15: 1.0741 | D15: 0.43396023 | F15: 2003 | G15: 0.63199034 | H15: 1.173 | I15: 0.74132467 | K15: 2003 | L15: 0.53957047 | M15: 1.26135 | N15: 0.68729686 | P15: 2003 | Q15: 0.57355839 | R15: 0.861455 | S15: 0.48394386 | U15: 2003 | V15: 0.62307428 | W15: 1.10365 | X15: 0.68809238 | Z15: 2003 | AA15: =AVERAGE(V15,Q15,L15,G15) -> 0.59204837 | AB15: =AVERAGE(W15,R15,M15,H15) -> 1.0998637 | AC15: =AVERAGE(X15,S15,N15,I15) -> 0.65016444 | AD15: =(AA15-AA$79)/AA$80 -> -1.9622991
A16: 2002 | B16: 0.47814479 | C16: 1.1111 | D16: 0.53126668 | F16: 2002 | G16: 0.67841986 | H16: 1.3102 | I16: 0.8888657 | K16: 2002 | L16: 0.48742452 | M16: 1.41525 | N16: 0.68549348 | P16: 2002 | Q16: 0.63824347 | R16: 1.10755 | S16: 0.68993728 | U16: 2002 | V16: 0.63376867 | W16: 1.22355 | X16: 0.77256183 | Z16: 2002 | AA16: =AVERAGE(V16,Q16,L16,G16) -> 0.60946413 | AB16: =AVERAGE(W16,R16,M16,H16) -> 1.2641375 | AC16: =AVERAGE(X16,S16,N16,I16) -> 0.75921458 | AD16: =(AA16-AA$79)/AA$80 -> -1.7177537
A17: 2001 | B17: 0.51216369 | C17: 1.3889 | D17: 0.71134415 | F17: 2001 | G17: 0.68850186 | H17: 1.9195 | I17: 1.3215793 | K17: 2001 | L17: 0.62380954 | M17: 0.92295 | N17: 0.57250079 | P17: 2001 | Q17: 0.55921951 | R17: 0.830645 | S17: 0.46487506 | U17: 2001 | V17: 0.65815547 | W17: 1.2476 | X17: 0.82114887 | Z17: 2001 | AA17: =AVERAGE(V17,Q17,L17,G17) -> 0.63242159 | AB17: =AVERAGE(W17,R17,M17,H17) -> 1.2301737 | AC17: =AVERAGE(X17,S17,N17,I17) -> 0.79502601 | AD17: =(AA17-AA$79)/AA$80 -> -1.3953938
A18: 2000 | B18: 0.50600678 | C18: 1.7963 | D18: 0.90893997 | F18: 2000 | G18: 0.62470719 | H18: 1.5234 | I18: 0.95167894 | K18: 2000 | L18: 0.70088068 | M18: 1.29215 | N18: 0.95516297 | P18: 2000 | Q18: 0.74589764 | R18: 0.830665 | S18: 0.6086918 | U18: 2000 | V18: 0.58441029 | W18: 1.05565 | X18: 0.61695034 | Z18: 2000 | AA18: =AVERAGE(V18,Q18,L18,G18) -> 0.66397395 | AB18: =AVERAGE(W18,R18,M18,H18) -> 1.1754662 | AC18: =AVERAGE(X18,S18,N18,I18) -> 0.78312101
A19: 1999 | B19: 0.57639854 | C19: 1.2407 | D19: 0.71513766 | F19: 1999 | G19: 0.70055476 | H19: 1.7062 | I19: 1.1952865 | K19: 1999 | L19: 0.59948203 | M19: 0.9845 | N19: 0.59906671 | P19: 1999 | Q19: 0.76988592 | R19: 1.046 | S19: 0.79896581 | U19: 1999 | V19: 0.59344571 | W19: 1.2476 | X19: 0.74042745 | Z19: 1999 | AA19: =AVERAGE(V19,Q19,L19,G19) -> 0.66584211 | AB19: =AVERAGE(W19,R19,M19,H19) -> 1.246075 | AC19: =AVERAGE(X19,S19,N19,I19) -> 0.83343663
A20: 1998 | B20: 0.69909853 | C20: 0.5365 | D20: 0.37506636 | F20: 1998 | G20: 0.66004582 | H20: 1.43163 | I20: 0.9449414 | K20: 1998 | L20: 0.52908185 | M20: 1.4152 | N20: 0.74921562 | P20: 1998 | Q20: 0.88970844 | R20: 0.67685 | S20: 0.61555175 | U20: 1998 | V20: 0.62401771 | W20: 1.51145 | X20: 0.93585019 | Z20: 1998 | AA20: =AVERAGE(V20,Q20,L20,G20) -> 0.67571345 | AB20: =AVERAGE(W20,R20,M20,H20) -> 1.2587825 | AC20: =AVERAGE(X20,S20,N20,I20) -> 0.81138974
A21: 1997 | B21: 0.58289746 | C21: 0.7955 | D21: 0.46369493 | F21: 1997 | G21: 0.65863837 | H21: 0.92903 | I21: 0.61189481 | K21: 1997 | L21: 0.57386193 | M21: 1.046 | N21: 0.6028964 | P21: 1997 | Q21: 0.92425464 | R21: 0.861435 | S21: 0.74016235 | U21: 1997 | V21: 0.63222932 | W21: 1.15165 | X21: 0.73271709 | Z21: 1997 | AA21: =AVERAGE(V21,Q21,L21,G21) -> 0.69724606 | AB21: =AVERAGE(W21,R21,M21,H21) -> 0.99702875 | AC21: =AVERAGE(X21,S21,N21,I21) -> 0.67191766
A22: 1996 | B22: 0.48903561 | C22: 1.147 | D22: 0.56092384 | F22: 1996 | G22: 0.62495722 | H22: 1.46208 | I22: 0.91373745 | K22: 1996 | L22: 0.60864243 | M22: 1.2922 | N22: 0.7912034 | P22: 1996 | Q22: 0.93248217 | R22: 0.799915 | S22: 0.75158397 | U22: 1996 | V22: 0.67847663 | W22: 1.27155 | X22: 0.86267398 | Z22: 1996 | AA22: =AVERAGE(V22,Q22,L22,G22) -> 0.71113961 | AB22: =AVERAGE(W22,R22,M22,H22) -> 1.2064362 | AC22: =AVERAGE(X22,S22,N22,I22) -> 0.8297997
A23: 1995 | B23: 0.44657551 | C23: 1.2395 | D23: 0.55353035 | F23: 1995 | G23: 0.76493761 | H23: 1.08133 | I23: 0.82714998 | K23: 1995 | L23: 0.77288175 | M23: 1.04605 | N23: 0.78622844 | P23: 1995 | Q23: 0.89821093 | R23: 0.92293 | S23: 0.83918389 | U23: 1995 | V23: 0.61099529 | W23: 1.1516 | X23: 0.70253588 | Z23: 1995 | AA23: =AVERAGE(V23,Q23,L23,G23) -> 0.76175639 | AB23: =AVERAGE(W23,R23,M23,H23) -> 1.0504775 | AC23: =AVERAGE(X23,S23,N23,I23) -> 0.78877455
A24: 1994 | B24: 0.53508168 | C24: 1.1285 | D24: 0.60383968 | F24: 1994 | G24: 0.76138876 | H24: 1.27932 | I24: 0.97405987 | K24: 1994 | L24: 0.89485913 | M24: 1.13835 | N24: 1.0130281 | P24: 1994 | Q24: 0.83442383 | R24: 0.769165 | S24: 0.63748879 | U24: 1994 | V24: 0.58168747 | W24: 1.3675 | X24: 0.79347078 | Z24: 1994 | AA24: =AVERAGE(V24,Q24,L24,G24) -> 0.7680898 | AB24: =AVERAGE(W24,R24,M24,H24) -> 1.1385838 | AC24: =AVERAGE(X24,S24,N24,I24) -> 0.85451188
A25: 1993 | B25: 0.5050894 | C25: 1.073 | D25: 0.54196092 | F25: 1993 | G25: 0.7006854 | H25: 1.35547 | I25: 0.94975804 | K25: 1993 | L25: 0.73340452 | M25: 0.7691 | N25: 0.57455077 | P25: 1993 | Q25: 0.79519943 | R25: 0.892195 | S25: 0.69254223 | U25: 1993 | V25: 0.71008642 | W25: 1.1516 | X25: 0.81775951 | Z25: 1993 | AA25: =AVERAGE(V25,Q25,L25,G25) -> 0.73484394 | AB25: =AVERAGE(W25,R25,M25,H25) -> 1.0420913 | AC25: =AVERAGE(X25,S25,N25,I25) -> 0.75865264
A26: 1992 | B26: 0.53480401 | C26: 1.443 | D26: 0.77172219 | F26: 1992 | G26: 0.728454 | H26: 1.3707 | I26: 0.9984919 | K26: 1992 | L26: 0.63733925 | M26: 0.73835 | N26: 0.47057668 | P26: 1992 | Q26: 0.73397241 | R26: 1.322905 | S26: 0.95252982 | U26: 1992 | V26: 0.69611401 | W26: 0.9357 | X26: 0.64987664 | Z26: 1992 | AA26: =AVERAGE(V26,Q26,L26,G26) -> 0.69896992 | AB26: =AVERAGE(W26,R26,M26,H26) -> 1.0919138 | AC26: =AVERAGE(X26,S26,N26,I26) -> 0.76786876
A27: 1991 | B27: 0.52895345 | C27: 1.147 | D27: 0.60670961 | F27: 1991 | G27: 0.781272 | H27: 1.15748 | I27: 0.90430672 | K27: 1991 | L27: 0.60051194 | M27: 0.7384 | N27: 0.45723834 | P27: 1991 | Q27: 0.67807067 | R27: 0.646045 | S27: 0.41796708 | U27: 1991 | V27: 0.69062459 | W27: 1.1249 | X27: 0.76539271 | Z27: 1991 | AA27: =AVERAGE(V27,Q27,L27,G27) -> 0.6876198 | AB27: =AVERAGE(W27,R27,M27,H27) -> 0.91670625 | AC27: =AVERAGE(X27,S27,N27,I27) -> 0.63622621
A28: 1990 | B28: 0.50252146 | C28: 1.184 | D28: 0.59498541 | F28: 1990 | G28: 0.75557288 | H28: 1.14225 | I28: 0.86305312 | K28: 1990 | L28: 0.60682863 | M28: 1.23065 | N28: 0.74679819 | P28: 1990 | Q28: 0.71726364 | R28: 0.769125 | S28: 0.54206163 | U28: 1990 | V28: 0.65612063 | W28: 1.083 | X28: 0.66071672 | Z28: 1990 | AA28: =AVERAGE(V28,Q28,L28,G28) -> 0.68394645 | AB28: =AVERAGE(W28,R28,M28,H28) -> 1.0562563 | AC28: =AVERAGE(X28,S28,N28,I28) -> 0.70315742
A29: 1989 | B29: 0.60903768 | C29: 1.11 | D29: 0.67603183 | F29: 1989 | G29: 0.60147414 | H29: 0.80719 | I29: 0.48550391 | K29: 1989 | L29: 0.57305043 | M29: 0.79985 | N29: 0.42651679 | P29: 1989 | Q29: 0.73716266 | R29: 1.076805 | S29: 0.79402771 | U29: 1989 | V29: 0.61801031 | W29: 0.717 | X29: 0.43838211 | Z29: 1989 | AA29: =AVERAGE(V29,Q29,L29,G29) -> 0.63242438 | AB29: =AVERAGE(W29,R29,M29,H29) -> 0.85021125 | AC29: =AVERAGE(X29,S29,N29,I29) -> 0.53610763
... A36: 1982 | B36: 0.84868268 | C36: 0.999 | D36: 0.847834 | F36: 1982 | G36: 0.80287254 | H36: 0.83765 | I36: 0.67252619 | K36: 1982 | L36: 0.74777003 | M36: 1.04585 | N36: 0.81981086 | P36: 1982 | Q36: 0.66076016 | R36: 0.892195 | S36: 0.58965696 | U36: 1982 | V36: 0.61020537 | W36: 0.861 | X36: 0.52944102 | Z36: 1982 | AA36: =AVERAGE(V36,Q36,L36,G36) -> 0.70540203 | AB36: =AVERAGE(W36,R36,M36,H36) -> 0.90917375 | AC36: =AVERAGE(X36,S36,N36,I36) -> 0.65285876
K37: 1981 | L37: 0.93029319 | M37: 1.35335 | N37: 1.3046116 | P37: 1981 | Q37: 0.67817969 | R37: 1.199845 | S37: 0.78488314 | U37: 1981 | V37: 0.694496 | W37: 0.924 | X37: 0.64134374 | Z37: 1981 | AA37: =AVERAGE(V37,Q37,L37,G37) -> 0.76765629 | AB37: =AVERAGE(W37,R37,M37,H37) -> 1.159065 | AC37: =AVERAGE(X37,S37,N37,I37) -> 0.91027949
K38: 1980 | L38: 0.85337161 | M38: 1.10725 | N38: 0.91452633 | P38: 1980 | Q38: 0.62270223 | R38: 0.98449 | S38: 0.61304393 | U38: 1980 | V38: 0.89039353 | W38: 0.816 | X38: 0.73173887 | Z38: 1980 | AA38: =AVERAGE(V38,Q38,L38,G38) -> 0.78882246 | AB38: =AVERAGE(W38,R38,M38,H38) -> 0.96924667 | AC38: =AVERAGE(X38,S38,N38,I38) -> 0.75310304
K39: 1979 | L39: 0.82012319 | M39: 1.23025 | N39: 0.98323202 | P39: 1979 | Q39: 0.94102333 | R39: 0.79993 | S39: 0.74575635 | U39: 1979 | V39: 0.90963101 | W39: 0.813 | X39: 0.73964033 | Z39: 1979 | AA39: =AVERAGE(V39,Q39,L39,G39) -> 0.89025918 | AB39: =AVERAGE(W39,R39,M39,H39) -> 0.94772667 | AC39: =AVERAGE(X39,S39,N39,I39) -> 0.82287624
K40: 1978 | L40: 0.98956895 | M40: 1.1688 | N40: 1.1586645 | P40: 1978 | Q40: 0.58396359 | R40: 0.861225 | S40: 0.500613 | U40: 1978 | V40: 0.80159334 | W40: 0.834 | X40: 0.66995887 | Z40: 1978 | AA40: =AVERAGE(V40,Q40,L40,G40) -> 0.79170862 | AB40: =AVERAGE(W40,R40,M40,H40) -> 0.954675 | AC40: =AVERAGE(X40,S40,N40,I40) -> 0.77641212
K41: 1977 | L41: 0.91516845 | M41: 0.92255 | N41: 0.84070676 | P41: 1977 | Q41: 0.6949072 | R41: 0.92271 | S41: 0.63740937 | U41: 1977 | V41: 0.89431009 | W41: 0.927 | X41: 0.82840048 | Z41: 1977 | AA41: =AVERAGE(V41,Q41,L41,G41) -> 0.83479525 | AB41: =AVERAGE(W41,R41,M41,H41) -> 0.92408667 | AC41: =AVERAGE(X41,S41,N41,I41) -> 0.76883887
K42: 1976 | L42: 0.85404013 | M42: 1.13775 | N42: 0.96829987 | P42: 1976 | Q42: 0.58990273 | R42: 0.768975 | S42: 0.45169534 | U42: 1976 | V42: 0.85699679 | W42: 0.744 | X42: 0.63820201 | Z42: 1976 | AA42: =AVERAGE(V42,Q42,L42,G42) -> 0.76697988 | AB42: =AVERAGE(W42,R42,M42,H42) -> 0.883575 | AC42: =AVERAGE(X42,S42,N42,I42) -> 0.68606574
K43: 1975 | L43: 0.89822413 | M43: 1.07625 | N43: 0.97974579 | P43: 1975 | Q43: 0.66688545 | R43: 1.014975 | S43: 0.68178404 | U43: 1975 | V43: 0.7792961 | W43: 0.906 | X43: 0.70596584 | Z43: 1975 | AA43: =AVERAGE(V43,Q43,L43,G43) -> 0.78146856 | AB43: =AVERAGE(W43,R43,M43,H43) -> 0.999075 | AC43: =AVERAGE(X43,S43,N43,I43) -> 0.78916522
K44: 1974 | L44: 1.0672407 | M44: 1.07625 | N44: 1.2456629 | P44: 1974 | Q44: 0.63046332 | R44: 0.79968 | S44: 0.50356562 | U44: 1974 | V44: 0.80884511 | W44: 0.72 | X44: 0.58236848 | Z44: 1974 | AA44: =AVERAGE(V44,Q44,L44,G44) -> 0.83551639 | AB44: =AVERAGE(W44,R44,M44,H44) -> 0.86531 | AC44: =AVERAGE(X44,S44,N44,I44) -> 0.77719899
K45: 1973 | L45: 1.1485226 | M45: 1.0455 | N45: 1.2007804 | P45: 1973 | Q45: 0.71200348 | R45: 0.984225 | S45: 0.69673135 | U45: 1973 | V45: 0.82623385 | W45: 0.81 | X45: 0.67775363 | Z45: 1973 | AA45: =AVERAGE(V45,Q45,L45,G45) -> 0.89558665 | AB45: =AVERAGE(W45,R45,M45,H45) -> 0.946575 | AC45: =AVERAGE(X45,S45,N45,I45) -> 0.8584218
K46: 1972 | L46: 0.85798614 | M46: 0.95325 | N46: 0.81968864 | P46: 1972 | Q46: 0.75856742 | R46: 0.861195 | S46: 0.65343002 | U46: 1972 | V46: 0.54778338 | W46: 0.975 | X46: 0.53509994 | Z46: 1972 | AA46: =AVERAGE(V46,Q46,L46,G46) -> 0.72144564 | AB46: =AVERAGE(W46,R46,M46,H46) -> 0.929815 | AC46: =AVERAGE(X46,S46,N46,I46) -> 0.6694062
K47: 1971 | L47: 0.86006293 | M47: 1.07625 | N47: 0.93425005 | P47: 1971 | Q47: 0.75128274 | R47: 0.86118 | S47: 0.66326874 | U47: 1971 | V47: 0.5761617 | W47: 1.02 | X47: 0.58089679 | Z47: 1971 | AA47: =AVERAGE(V47,Q47,L47,G47) -> 0.72916913 | AB47: =AVERAGE(W47,R47,M47,H47) -> 0.98581 | AC47: =AVERAGE(X47,S47,N47,I47) -> 0.72613853
K48: 1970 | L48: 0.86926448 | M48: 1.26075 | N48: 1.0670397 | P48: 1970 | Q48: 0.99569462 | R48: 1.014945 | S48: 1.0231813 | U48: 1970 | V48: 0.64680453 | W48: 0.813 | X48: 0.52622047 | Z48: 1970 | AA48: =AVERAGE(V48,Q48,L48,G48) -> 0.83725454 | AB48: =AVERAGE(W48,R48,M48,H48) -> 1.029565 | AC48: =AVERAGE(X48,S48,N48,I48) -> 0.87214717
... K67: 1951 | L67: 0.88405932 | M67: 0.9225 | N67: 0.81554472 | P67: 1951 | Q67: 0.82382176 | R67: 1.322595 | S67: 1.0908907 | U67: 1951 | V67: 0.51351744 | W67: 1.296 | X67: 0.66143977 | Z67: 1951 | AA67: =AVERAGE(V67,Q67,L67,G67) -> 0.74046617 | AB67: =AVERAGE(W67,R67,M67,H67) -> 1.180365 | AC67: =AVERAGE(X67,S67,N67,I67) -> 0.85595839
P68: 1950 | Q68: 0.91671249 | R68: 0.98421 | S68: 0.89458554 | Z68: 1950 | AA68: =AVERAGE(V68,Q68,L68,G68) -> 0.91671249 | AB68: =AVERAGE(W68,R68,M68,H68) -> 0.98421 | AC68: =AVERAGE(X68,S68,N68,I68) -> 0.89458554
P69: 1949 | Q69: 1.0171165 | R69: 1.138065 | S69: 1.1325751 | Z69: 1949 | AA69: =AVERAGE(V69,Q69,L69,G69) -> 1.0171165 | AB69: =AVERAGE(W69,R69,M69,H69) -> 1.138065 | AC69: =AVERAGE(X69,S69,N69,I69) -> 1.1325751
P70: 1948 | Q70: 0.87428227 | R70: 1.199625 | S70: 0.94991515 | Z70: 1948 | AA70: =AVERAGE(V70,Q70,L70,G70) -> 0.87428227 | AB70: =AVERAGE(W70,R70,M70,H70) -> 1.199625 | AC70: =AVERAGE(X70,S70,N70,I70) -> 0.94991515
P71: 1947 | Q71: 0.92687696 | R71: 1.507095 | S71: 1.4099798 | Z71: 1947 | AA71: =AVERAGE(V71,Q71,L71,G71) -> 0.92687696 | AB71: =AVERAGE(W71,R71,M71,H71) -> 1.507095 | AC71: =AVERAGE(X71,S71,N71,I71) -> 1.4099798
P72: 1946 | Q72: 0.90129087 | R72: 1.138035 | S72: 1.0196978 | Z72: 1946 | AA72: =AVERAGE(V72,Q72,L72,G72) -> 0.90129087 | AB72: =AVERAGE(W72,R72,M72,H72) -> 1.138035 | AC72: =AVERAGE(X72,S72,N72,I72) -> 1.0196978
P73: 1945 | Q73: 1.1285432 | R73: 1.076475 | S73: 1.2628864 | Z73: 1945 | AA73: =AVERAGE(V73,Q73,L73,G73) -> 1.1285432 | AB73: =AVERAGE(W73,R73,M73,H73) -> 1.076475 | AC73: =AVERAGE(X73,S73,N73,I73) -> 1.2628864
P74: 1944 | Q74: 0.86681328 | R74: 1.47672 | S74: 1.2800405 | Z74: 1944 | AA74: =AVERAGE(V74,Q74,L74,G74) -> 0.86681328 | AB74: =AVERAGE(W74,R74,M74,H74) -> 1.47672 | AC74: =AVERAGE(X74,S74,N74,I74) -> 1.2800405
P75: 1943 | Q75: 0.77607043 | R75: 1.10754 | S75: 0.85952904 | Z75: 1943 | AA75: =AVERAGE(V75,Q75,L75,G75) -> 0.77607043 | AB75: =AVERAGE(W75,R75,M75,H75) -> 1.10754 | AC75: =AVERAGE(X75,S75,N75,I75) -> 0.85952904
P76: 1942 | Q76: 0.95796689 | R76: 0.92295 | S76: 0.88415554 | Z76: 1942 | AA76: =AVERAGE(V76,Q76,L76,G76) -> 0.95796689 | AB76: =AVERAGE(W76,R76,M76,H76) -> 0.92295 | AC76: =AVERAGE(X76,S76,N76,I76) -> 0.88415554
A79: PROMEDIO | B79: =AVERAGE(B3:B36) -> 0.5237804 | C79: =AVERAGE(C3:C36) -> 1.2549088 | D79: =AVERAGE(D3:D36) -> 0.63508392 | F79: PROMEDIO | G79: =AVERAGE(G3:G36) -> 0.69196933 | H79: =AVERAGE(H3:H36) -> 1.3323832 | I79: =AVERAGE(I3:I36) -> 0.91393332 | K79: PROMEDIO | L79: =AVERAGE(L3:L68) -> 0.73816235 | M79: =AVERAGE(M3:M68) -> 1.0949808 | N79: =AVERAGE(N3:N68) -> 0.81143473 | P79: PROMEDIO | Q79: =AVERAGE(Q3:Q67) -> 0.7900601 | R79: =AVERAGE(R3:R67) -> 0.94697423 | S79: =AVERAGE(S3:S67) -> 0.74440934 | U79: PROMEDIO | V79: =AVERAGE(V3:V68) -> 0.66803091 | W79: =AVERAGE(W3:W68) -> 1.0324138 | X79: =AVERAGE(X3:X68) -> 0.68080316 | Z79: PROMEDIO | AA79: =AVERAGE(AA3:AA67) -> 0.73179716 | AB79: =AVERAGE(AB3:AB67) -> 1.0668891 | AC79: =AVERAGE(AC3:AC67) -> 0.77447413
A80: DE | B80: =_xlfn.STDEV.S(B3:B36) -> 0.18444553 | C80: =_xlfn.STDEV.S(C3:C36) -> 0.31423999 | D80: =_xlfn.STDEV.S(D3:D36) -> 0.24802796 | F80: DE | G80: =_xlfn.STDEV.S(G3:G36) -> 0.084329861 | H80: =_xlfn.STDEV.S(H3:H36) -> 0.3492614 | I80: =_xlfn.STDEV.S(I3:I36) -> 0.23690115 | K80: DE | L80: =_xlfn.STDEV.S(L3:L68) -> 0.13885382 | M80: =_xlfn.STDEV.S(M3:M68) -> 0.19052121 | N80: =_xlfn.STDEV.S(N3:N68) -> 0.21071299 | P80: DE | Q80: =_xlfn.STDEV.S(Q3:Q67) -> 0.12000572 | R80: =_xlfn.STDEV.S(R3:R67) -> 0.19621607 | S80: =_xlfn.STDEV.S(S3:S67) -> 0.18800869 | U80: DE | V80: =_xlfn.STDEV.S(V3:V68) -> 0.12658386 | W80: =_xlfn.STDEV.S(W3:W68) -> 0.19033207 | X80: =_xlfn.STDEV.S(X3:X68) -> 0.1442829 | Z80: DE | AA80: =_xlfn.STDEV.S(AA3:AA67) -> 0.071216861 | AB80: =_xlfn.STDEV.S(AB3:AB67) -> 0.12269017 | AC80: =_xlfn.STDEV.S(AC3:AC67) -> 0.096225796

Sheet STDA-Match
A1: VAR-1 (X-RAY) | C1: IMBANACO-ENERO 2017 | F1: VAR-1 (X-RAY) | H1: VETERINARIA-JULIO 2016 | K1: VAR-2 (TOMO) | P1: VAR-3 (TOMO) | U1: VAR-4 (TOMO) | Z1: PROMEDIO | AB1: (VAR1-Vet)
A2: Año | B2: Densidad | C2: Extensión | D2: Calcificación | F2: Año | G2: Densidad | H2: Extension | I2: Calcificacion | K2: Año | L2: Densidad | M2: Extension | N2: Calcificacion | P2: Año | Q2: Densidad | R2: Extension | S2: Calcificacion | U2: Año | V2: Densidad | W2: Extension | X2: Calcificacion | Z2: Año | AA2: Densidad | AB2: Extension | AC2: Calcificacion
A3: 2015 | B3: =STANDARDIZE('DATA-Match'!B3,'DATA-Match'!B$79,'DATA-Match'!B$80) -> -0.59651067 | C3: =STANDARDIZE('DATA-Match'!C3,'DATA-Match'!C$79,'DATA-Match'!C$80) -> 1.8997938 | D3: =STANDARDIZE('DATA-Match'!D3,'DATA-Match'!D$79,'DATA-Match'!D$80) -> 0.52877935 | F3: 2015 | G3: =STANDARDIZE('DATA-Match'!G3,'DATA-Match'!G$79,'DATA-Match'!G$80) -> -0.080737371 | H3: =STANDARDIZE('DATA-Match'!H3,'DATA-Match'!H$79,'DATA-Match'!H$80) -> 0.32874163 | I3: =STANDARDIZE('DATA-Match'!I3,'DATA-Match'!I$79,'DATA-Match'!I$80) -> 0.32769502 | K3: 2015 | L3: =STANDARDIZE('DATA-Match'!L3,'DATA-Match'!L$79,'DATA-Match'!L$80) -> -0.84239006 | M3: =STANDARDIZE('DATA-Match'!M3,'DATA-Match'!M$79,'DATA-Match'!M$80) -> -1.2260092 | N3: =STANDARDIZE('DATA-Match'!N3,'DATA-Match'!N$79,'DATA-Match'!N$80) -> -1.3114467 | P3: 2015 | Q3: =STANDARDIZE('DATA-Match'!Q3,'DATA-Match'!Q$79,'DATA-Match'!Q$80) -> 1.8544048 | R3: =STANDARDIZE('DATA-Match'!R3,'DATA-Match'!R$79,'DATA-Match'!R$80) -> -1.0630589 | S3: =STANDARDIZE('DATA-Match'!S3,'DATA-Match'!S$79,'DATA-Match'!S$80) -> 0.017456133 | U3: 2015 | V3: =STANDARDIZE('DATA-Match'!V3,'DATA-Match'!V$79,'DATA-Match'!V$80) -> -0.91310895 | W3: =STANDARDIZE('DATA-Match'!W3,'DATA-Match'!W$79,'DATA-Match'!W$80) -> -0.13194753 | X3: =STANDARDIZE('DATA-Match'!X3,'DATA-Match'!X$79,'DATA-Match'!X$80) -> -0.85554961 | Z3: 2015 | AA3: =STANDARDIZE('DATA-Match'!AA3,'DATA-Match'!AA$79,'DATA-Match'!AA$80) -> -0.19584292 | AB3: =STANDARDIZE('DATA-Match'!AB3,'DATA-Match'!AB$79,'DATA-Match'!AB$80) -> -0.43457308 | AC3: =STANDARDIZE('DATA-Match'!AC3,'DATA-Match'!AC$79,'DATA-Match'!AC$80) -> -0.69155774 | AF3: Density | AI3: Extension | AL3: Calcification
A4: 2014 | B4: =STANDARDIZE('DATA-Match'!B4,'DATA-Match'!B$79,'DATA-Match'!B$80) -> -0.56412751 | C4: =STANDARDIZE('DATA-Match'!C4,'DATA-Match'!C$79,'DATA-Match'!C$80) -> 1.0157561 | D4: =STANDARDIZE('DATA-Match'!D4,'DATA-Match'!D$79,'DATA-Match'!D$80) -> 0.10326435 | F4: 2014 | G4: =STANDARDIZE('DATA-Match'!G4,'DATA-Match'!G$79,'DATA-Match'!G$80) -> -0.5664299 | H4: =STANDARDIZE('DATA-Match'!H4,'DATA-Match'!H$79,'DATA-Match'!H$80) -> 0.85213185 | I4: =STANDARDIZE('DATA-Match'!I4,'DATA-Match'!I$79,'DATA-Match'!I$80) -> 0.57457107 | K4: 2014 | L4: =STANDARDIZE('DATA-Match'!L4,'DATA-Match'!L$79,'DATA-Match'!L$80) -> -0.70579194 | M4: =STANDARDIZE('DATA-Match'!M4,'DATA-Match'!M$79,'DATA-Match'!M$80) -> 2.9727358 | N4: =STANDARDIZE('DATA-Match'!N4,'DATA-Match'!N$79,'DATA-Match'!N$80) -> 1.243643 | P4: 2014 | Q4: =STANDARDIZE('DATA-Match'!Q4,'DATA-Match'!Q$79,'DATA-Match'!Q$80) -> -0.66970191 | R4: =STANDARDIZE('DATA-Match'!R4,'DATA-Match'!R$79,'DATA-Match'!R$80) -> 0.19114525 | S4: =STANDARDIZE('DATA-Match'!S4,'DATA-Match'!S$79,'DATA-Match'!S$80) -> -0.081333464 | U4: 2014 | V4: =STANDARDIZE('DATA-Match'!V4,'DATA-Match'!V$79,'DATA-Match'!V$80) -> 0.04504757 | W4: =STANDARDIZE('DATA-Match'!W4,'DATA-Match'!W$79,'DATA-Match'!W$80) -> 0.24660139 | X4: =STANDARDIZE('DATA-Match'!X4,'DATA-Match'!X$79,'DATA-Match'!X$80) -> 0.29869142 | Z4: 2014 | AA4: =STANDARDIZE('DATA-Match'!AA4,'DATA-Match'!AA$79,'DATA-Match'!AA$80) -> -0.91060097 | AB4: =STANDARDIZE('DATA-Match'!AB4,'DATA-Match'!AB$79,'DATA-Match'!AB$80) -> 2.2161995 | AC4: =STANDARDIZE('DATA-Match'!AC4,'DATA-Match'!AC$79,'DATA-Match'!AC$80) -> 1.2435776 | AF4: Mean | AG4: SD | AH4: SE | AI4: Mean | AJ4: SD | AK4: SE | AL4: Mean | AM4: SD | AN4: SE
A5: 2013 | B5: =STANDARDIZE('DATA-Match'!B5,'DATA-Match'!B$79,'DATA-Match'!B$80) -> -0.79863564 | C5: =STANDARDIZE('DATA-Match'!C5,'DATA-Match'!C$79,'DATA-Match'!C$80) -> 2.253027 | D5: =STANDARDIZE('DATA-Match'!D5,'DATA-Match'!D$79,'DATA-Match'!D$80) -> 0.41890473 | F5: 2013 | G5: =STANDARDIZE('DATA-Match'!G5,'DATA-Match'!G$79,'DATA-Match'!G$80) -> -0.88277348 | H5: =STANDARDIZE('DATA-Match'!H5,'DATA-Match'!H$79,'DATA-Match'!H$80) -> 0.85213185 | I5: =STANDARDIZE('DATA-Match'!I5,'DATA-Match'!I$79,'DATA-Match'!I$80) -> 0.39101834 | K5: 2013 | L5: =STANDARDIZE('DATA-Match'!L5,'DATA-Match'!L$79,'DATA-Match'!L$80) -> -1.1812041 | M5: =STANDARDIZE('DATA-Match'!M5,'DATA-Match'!M$79,'DATA-Match'!M$80) -> 1.0351563 | N5: =STANDARDIZE('DATA-Match'!N5,'DATA-Match'!N$79,'DATA-Match'!N$80) -> -0.37964922 | P5: 2013 | Q5: =STANDARDIZE('DATA-Match'!Q5,'DATA-Match'!Q$79,'DATA-Match'!Q$80) -> 0.0083480841 | R5: =STANDARDIZE('DATA-Match'!R5,'DATA-Match'!R$79,'DATA-Match'!R$80) -> -2.0040368 | S5: =STANDARDIZE('DATA-Match'!S5,'DATA-Match'!S$79,'DATA-Match'!S$80) -> -1.6357783 | U5: 2013 | V5: =STANDARDIZE('DATA-Match'!V5,'DATA-Match'!V$79,'DATA-Match'!V$80) -> 0.047524402 | W5: =STANDARDIZE('DATA-Match'!W5,'DATA-Match'!W$79,'DATA-Match'!W$80) -> 0.62409952 | X5: =STANDARDIZE('DATA-Match'!X5,'DATA-Match'!X$79,'DATA-Match'!X$80) -> 0.65953367 | Z5: 2013 | AA5: =STANDARDIZE('DATA-Match'!AA5,'DATA-Match'!AA$79,'DATA-Match'!AA$80) -> -0.94923858 | AB5: =STANDARDIZE('DATA-Match'!AB5,'DATA-Match'!AB$79,'DATA-Match'!AB$80) -> 0.73272701 | AC5: =STANDARDIZE('DATA-Match'!AC5,'DATA-Match'!AC$79,'DATA-Match'!AC$80) -> -0.38207377 | AE5: 1951-1984 | AF5: =AVERAGE(AA34:AA67) -> 0.50116692 | AG5: =_xlfn.STDEV.S(AA34:AA67) -> 0.94987704 | AH5: =AG5/SQRT(34) -> 0.16290257 | AI5: =AVERAGE(AB34:AB67) -> -0.26941561 | AJ5: =_xlfn.STDEV.S(AB34:AB67) -> 0.88992912 | AK5: =AJ5/SQRT(34) -> 0.15262158 | AL5: =AVERAGE(AC34:AC67) -> 0.19915492 | AM5: =_xlfn.STDEV.S(AC34:AC67) -> 0.97548325 | AN5: =AM5/SQRT(34) -> 0.167294
A6: 2012 | B6: =STANDARDIZE('DATA-Match'!B6,'DATA-Match'!B$79,'DATA-Match'!B$80) -> -1.129106 | C6: =STANDARDIZE('DATA-Match'!C6,'DATA-Match'!C$79,'DATA-Match'!C$80) -> 0.60333243 | D6: =STANDARDIZE('DATA-Match'!D6,'DATA-Match'!D$79,'DATA-Match'!D$80) -> -0.72295331 | F6: 2012 | G6: =STANDARDIZE('DATA-Match'!G6,'DATA-Match'!G$79,'DATA-Match'!G$80) -> -0.92232103 | H6: =STANDARDIZE('DATA-Match'!H6,'DATA-Match'!H$79,'DATA-Match'!H$80) -> 1.768351 | I6: =STANDARDIZE('DATA-Match'!I6,'DATA-Match'!I$79,'DATA-Match'!I$80) -> 1.1977039 | K6: 2012 | L6: =STANDARDIZE('DATA-Match'!L6,'DATA-Match'!L$79,'DATA-Match'!L$80) -> -1.5279349 | M6: =STANDARDIZE('DATA-Match'!M6,'DATA-Match'!M$79,'DATA-Match'!M$80) -> -0.095426482 | N6: =STANDARDIZE('DATA-Match'!N6,'DATA-Match'!N$79,'DATA-Match'!N$80) -> -1.04725 | P6: 2012 | Q6: =STANDARDIZE('DATA-Match'!Q6,'DATA-Match'!Q$79,'DATA-Match'!Q$80) -> 0.71366145 | R6: =STANDARDIZE('DATA-Match'!R6,'DATA-Match'!R$79,'DATA-Match'!R$80) -> -1.3766672 | S6: =STANDARDIZE('DATA-Match'!S6,'DATA-Match'!S$79,'DATA-Match'!S$80) -> -0.78082228 | U6: 2012 | V6: =STANDARDIZE('DATA-Match'!V6,'DATA-Match'!V$79,'DATA-Match'!V$80) -> 1.1531229 | W6: =STANDARDIZE('DATA-Match'!W6,'DATA-Match'!W$79,'DATA-Match'!W$80) -> -0.88773187 | X6: =STANDARDIZE('DATA-Match'!X6,'DATA-Match'!X$79,'DATA-Match'!X$80) -> 0.1575255 | Z6: 2012 | AA6: =STANDARDIZE('DATA-Match'!AA6,'DATA-Match'!AA$79,'DATA-Match'!AA$80) -> -0.34154322 | AB6: =STANDARDIZE('DATA-Match'!AB6,'DATA-Match'!AB$79,'DATA-Match'!AB$80) -> 0.61036595 | AC6: =STANDARDIZE('DATA-Match'!AC6,'DATA-Match'!AC$79,'DATA-Match'!AC$80) -> -0.021618115 | AE6: 1984-2015 | AF6: =AVERAGE(AA3:AA34) -> -0.54314453 | AG6: =_xlfn.STDEV.S(AA3:AA34) -> 0.72649274 | AH6: =AG6/SQRT(32) -> 0.12842699 | AI6: =AVERAGE(AB3:AB34) -> 0.2623778 | AJ6: =_xlfn.STDEV.S(AB3:AB34) -> 1.043842 | AK6: =AJ6/SQRT(32) -> 0.18452695 | AL6: =AVERAGE(AC3:AC34) -> -0.23458117 | AM6: =_xlfn.STDEV.S(AC3:AC34) -> 0.98422301 | AN6: =AM6/SQRT(32) -> 0.17398769
A7: 2011 | B7: =STANDARDIZE('DATA-Match'!B7,'DATA-Match'!B$79,'DATA-Match'!B$80) -> -1.2258183 | C7: =STANDARDIZE('DATA-Match'!C7,'DATA-Match'!C$79,'DATA-Match'!C$80) -> -0.045216471 | D7: =STANDARDIZE('DATA-Match'!D7,'DATA-Match'!D$79,'DATA-Match'!D$80) -> -1.0714428 | F7: 2011 | G7: =STANDARDIZE('DATA-Match'!G7,'DATA-Match'!G$79,'DATA-Match'!G$80) -> -2.2902016 | H7: =STANDARDIZE('DATA-Match'!H7,'DATA-Match'!H$79,'DATA-Match'!H$80) -> 0.11085326 | I7: =STANDARDIZE('DATA-Match'!I7,'DATA-Match'!I$79,'DATA-Match'!I$80) -> -0.97077617 | K7: 2011 | L7: =STANDARDIZE('DATA-Match'!L7,'DATA-Match'!L$79,'DATA-Match'!L$80) -> -0.81575419 | M7: =STANDARDIZE('DATA-Match'!M7,'DATA-Match'!M$79,'DATA-Match'!M$80) -> -0.74154875 | N7: =STANDARDIZE('DATA-Match'!N7,'DATA-Match'!N$79,'DATA-Match'!N$80) -> -1.1403052 | P7: 2011 | Q7: =STANDARDIZE('DATA-Match'!Q7,'DATA-Match'!Q$79,'DATA-Match'!Q$80) -> 3.0588707 | R7: =STANDARDIZE('DATA-Match'!R7,'DATA-Match'!R$79,'DATA-Match'!R$80) -> -1.2198503 | S7: =STANDARDIZE('DATA-Match'!S7,'DATA-Match'!S$79,'DATA-Match'!S$80) -> 0.5677912 | U7: 2011 | V7: =STANDARDIZE('DATA-Match'!V7,'DATA-Match'!V$79,'DATA-Match'!V$80) -> 1.6597989 | W7: =STANDARDIZE('DATA-Match'!W7,'DATA-Match'!W$79,'DATA-Match'!W$80) -> 0.24660139 | X7: =STANDARDIZE('DATA-Match'!X7,'DATA-Match'!X$79,'DATA-Match'!X$80) -> 1.8895934 | Z7: 2011 | AA7: =STANDARDIZE('DATA-Match'!AA7,'DATA-Match'!AA$79,'DATA-Match'!AA$80) -> 0.81377077 | AB7: =STANDARDIZE('DATA-Match'!AB7,'DATA-Match'!AB$79,'DATA-Match'!AB$80) -> -0.31743859 | AC7: =STANDARDIZE('DATA-Match'!AC7,'DATA-Match'!AC$79,'DATA-Match'!AC$80) -> -0.099207802
A8: 2010 | B8: =STANDARDIZE('DATA-Match'!B8,'DATA-Match'!B$79,'DATA-Match'!B$80) -> -1.0836945 | C8: =STANDARDIZE('DATA-Match'!C8,'DATA-Match'!C$79,'DATA-Match'!C$80) -> 1.0157561 | D8: =STANDARDIZE('DATA-Match'!D8,'DATA-Match'!D$79,'DATA-Match'!D$80) -> -0.50492854 | F8: 2010 | G8: =STANDARDIZE('DATA-Match'!G8,'DATA-Match'!G$79,'DATA-Match'!G$80) -> -0.71398773 | H8: =STANDARDIZE('DATA-Match'!H8,'DATA-Match'!H$79,'DATA-Match'!H$80) -> 0.45987551 | I8: =STANDARDIZE('DATA-Match'!I8,'DATA-Match'!I$79,'DATA-Match'!I$80) -> 0.12360696 | K8: 2010 | L8: =STANDARDIZE('DATA-Match'!L8,'DATA-Match'!L$79,'DATA-Match'!L$80) -> 0.061929391 | M8: =STANDARDIZE('DATA-Match'!M8,'DATA-Match'!M$79,'DATA-Match'!M$80) -> -1.0643475 | N8: =STANDARDIZE('DATA-Match'!N8,'DATA-Match'!N$79,'DATA-Match'!N$80) -> -0.7023369 | P8: 2010 | Q8: =STANDARDIZE('DATA-Match'!Q8,'DATA-Match'!Q$79,'DATA-Match'!Q$80) -> 0.090151727 | R8: =STANDARDIZE('DATA-Match'!R8,'DATA-Match'!R$79,'DATA-Match'!R$80) -> -0.90636935 | S8: =STANDARDIZE('DATA-Match'!S8,'DATA-Match'!S$79,'DATA-Match'!S$80) -> -0.6911157 | U8: 2010 | V8: =STANDARDIZE('DATA-Match'!V8,'DATA-Match'!V$79,'DATA-Match'!V$80) -> 1.849725 | W8: =STANDARDIZE('DATA-Match'!W8,'DATA-Match'!W$79,'DATA-Match'!W$80) -> -0.50997105 | X8: =STANDARDIZE('DATA-Match'!X8,'DATA-Match'!X$79,'DATA-Match'!X$80) -> 1.1969546 | Z8: 2010 | AA8: =STANDARDIZE('DATA-Match'!AA8,'DATA-Match'!AA$79,'DATA-Match'!AA$80) -> 0.54195994 | AB8: =STANDARDIZE('DATA-Match'!AB8,'DATA-Match'!AB$79,'DATA-Match'!AB$80) -> -0.36245035 | AC8: =STANDARDIZE('DATA-Match'!AC8,'DATA-Match'!AC$79,'DATA-Match'!AC$80) -> -0.060432149
A9: 2009 | B9: =STANDARDIZE('DATA-Match'!B9,'DATA-Match'!B$79,'DATA-Match'!B$80) -> -1.1090531 | C9: =STANDARDIZE('DATA-Match'!C9,'DATA-Match'!C$79,'DATA-Match'!C$80) -> 0.544142 | D9: =STANDARDIZE('DATA-Match'!D9,'DATA-Match'!D$79,'DATA-Match'!D$80) -> -0.72535125 | F9: 2009 | G9: =STANDARDIZE('DATA-Match'!G9,'DATA-Match'!G$79,'DATA-Match'!G$80) -> -1.4614592 | H9: =STANDARDIZE('DATA-Match'!H9,'DATA-Match'!H$79,'DATA-Match'!H$80) -> -0.67423206 | I9: =STANDARDIZE('DATA-Match'!I9,'DATA-Match'!I$79,'DATA-Match'!I$80) -> -1.2245581 | K9: 2009 | L9: =STANDARDIZE('DATA-Match'!L9,'DATA-Match'!L$79,'DATA-Match'!L$80) -> -0.64028074 | M9: =STANDARDIZE('DATA-Match'!M9,'DATA-Match'!M$79,'DATA-Match'!M$80) -> -0.90268566 | N9: =STANDARDIZE('DATA-Match'!N9,'DATA-Match'!N$79,'DATA-Match'!N$80) -> -1.0069175 | P9: 2009 | Q9: =STANDARDIZE('DATA-Match'!Q9,'DATA-Match'!Q$79,'DATA-Match'!Q$80) -> -0.21480397 | R9: =STANDARDIZE('DATA-Match'!R9,'DATA-Match'!R$79,'DATA-Match'!R$80) -> -0.9064458 | S9: =STANDARDIZE('DATA-Match'!S9,'DATA-Match'!S$79,'DATA-Match'!S$80) -> -0.8557534 | U9: 2009 | V9: =STANDARDIZE('DATA-Match'!V9,'DATA-Match'!V$79,'DATA-Match'!V$80) -> 0.86697385 | W9: =STANDARDIZE('DATA-Match'!W9,'DATA-Match'!W$79,'DATA-Match'!W$80) -> 0.12050599 | X9: =STANDARDIZE('DATA-Match'!X9,'DATA-Match'!X$79,'DATA-Match'!X$80) -> 0.88361647 | Z9: 2009 | AA9: =STANDARDIZE('DATA-Match'!AA9,'DATA-Match'!AA$79,'DATA-Match'!AA$80) -> -0.58676005 | AB9: =STANDARDIZE('DATA-Match'!AB9,'DATA-Match'!AB$79,'DATA-Match'!AB$80) -> -0.86231719 | AC9: =STANDARDIZE('DATA-Match'!AC9,'DATA-Match'!AC$79,'DATA-Match'!AC$80) -> -1.2548197
A10: 2008 | B10: =STANDARDIZE('DATA-Match'!B10,'DATA-Match'!B$79,'DATA-Match'!B$80) -> -1.0251064 | C10: =STANDARDIZE('DATA-Match'!C10,'DATA-Match'!C$79,'DATA-Match'!C$80) -> 0.544142 | D10: =STANDARDIZE('DATA-Match'!D10,'DATA-Match'!D$79,'DATA-Match'!D$80) -> -0.63633693 | F10: 2008 | G10: =STANDARDIZE('DATA-Match'!G10,'DATA-Match'!G$79,'DATA-Match'!G$80) -> -0.2742141 | H10: =STANDARDIZE('DATA-Match'!H10,'DATA-Match'!H$79,'DATA-Match'!H$80) -> -0.2816894 | I10: =STANDARDIZE('DATA-Match'!I10,'DATA-Match'!I$79,'DATA-Match'!I$80) -> -0.37390586 | K10: 2008 | L10: =STANDARDIZE('DATA-Match'!L10,'DATA-Match'!L$79,'DATA-Match'!L$80) -> -0.49961943 | M10: =STANDARDIZE('DATA-Match'!M10,'DATA-Match'!M$79,'DATA-Match'!M$80) -> 1.0348938 | N10: =STANDARDIZE('DATA-Match'!N10,'DATA-Match'!N$79,'DATA-Match'!N$80) -> 0.31736452 | P10: 2008 | Q10: =STANDARDIZE('DATA-Match'!Q10,'DATA-Match'!Q$79,'DATA-Match'!Q$80) -> -0.79349055 | R10: =STANDARDIZE('DATA-Match'!R10,'DATA-Match'!R$79,'DATA-Match'!R$80) -> -2.003782 | S10: =STANDARDIZE('DATA-Match'!S10,'DATA-Match'!S$79,'DATA-Match'!S$80) -> -1.9056009 | U10: 2008 | V10: =STANDARDIZE('DATA-Match'!V10,'DATA-Match'!V$79,'DATA-Match'!V$80) -> 0.0013653419 | W10: =STANDARDIZE('DATA-Match'!W10,'DATA-Match'!W$79,'DATA-Match'!W$80) -> 1.1282184 | X10: =STANDARDIZE('DATA-Match'!X10,'DATA-Match'!X$79,'DATA-Match'!X$80) -> 1.0572544 | Z10: 2008 | AA10: =STANDARDIZE('DATA-Match'!AA10,'DATA-Match'!AA$79,'DATA-Match'!AA$80) -> -0.79515938 | AB10: =STANDARDIZE('DATA-Match'!AB10,'DATA-Match'!AB$79,'DATA-Match'!AB$80) -> 0.12132923 | AC10: =STANDARDIZE('DATA-Match'!AC10,'DATA-Match'!AC$79,'DATA-Match'!AC$80) -> -0.45400419
A11: 2007 | B11: =STANDARDIZE('DATA-Match'!B11,'DATA-Match'!B$79,'DATA-Match'!B$80) -> -1.1204261 | C11: =STANDARDIZE('DATA-Match'!C11,'DATA-Match'!C$79,'DATA-Match'!C$80) -> -0.044898243 | D11: =STANDARDIZE('DATA-Match'!D11,'DATA-Match'!D$79,'DATA-Match'!D$80) -> -0.97407544 | F11: 2007 | G11: =STANDARDIZE('DATA-Match'!G11,'DATA-Match'!G$79,'DATA-Match'!G$80) -> -0.57517054 | H11: =STANDARDIZE('DATA-Match'!H11,'DATA-Match'!H$79,'DATA-Match'!H$80) -> 0.32902795 | I11: =STANDARDIZE('DATA-Match'!I11,'DATA-Match'!I$79,'DATA-Match'!I$80) -> 0.073254068 | K11: 2007 | L11: =STANDARDIZE('DATA-Match'!L11,'DATA-Match'!L$79,'DATA-Match'!L$80) -> -0.50379291 | M11: =STANDARDIZE('DATA-Match'!M11,'DATA-Match'!M$79,'DATA-Match'!M$80) -> 0.065972867 | N11: =STANDARDIZE('DATA-Match'!N11,'DATA-Match'!N$79,'DATA-Match'!N$80) -> -0.36580544 | P11: 2007 | Q11: =STANDARDIZE('DATA-Match'!Q11,'DATA-Match'!Q$79,'DATA-Match'!Q$80) -> -0.77032536 | R11: =STANDARDIZE('DATA-Match'!R11,'DATA-Match'!R$79,'DATA-Match'!R$80) -> 0.19124718 | S11: =STANDARDIZE('DATA-Match'!S11,'DATA-Match'!S$79,'DATA-Match'!S$80) -> -0.28943219 | U11: 2007 | V11: =STANDARDIZE('DATA-Match'!V11,'DATA-Match'!V$79,'DATA-Match'!V$80) -> -0.54230008 | W11: =STANDARDIZE('DATA-Match'!W11,'DATA-Match'!W$79,'DATA-Match'!W$80) -> 1.0039619 | X11: =STANDARDIZE('DATA-Match'!X11,'DATA-Match'!X$79,'DATA-Match'!X$80) -> 0.36567442 | Z11: 2007 | AA11: =STANDARDIZE('DATA-Match'!AA11,'DATA-Match'!AA$79,'DATA-Match'!AA$80) -> -1.1181111 | AB11: =STANDARDIZE('DATA-Match'!AB11,'DATA-Match'!AB$79,'DATA-Match'!AB$80) -> 1.0092365 | AC11: =STANDARDIZE('DATA-Match'!AC11,'DATA-Match'!AC$79,'DATA-Match'!AC$80) -> -0.02259572
A12: 2006 | B12: =STANDARDIZE('DATA-Match'!B12,'DATA-Match'!B$79,'DATA-Match'!B$80) -> -0.25213222 | C12: =STANDARDIZE('DATA-Match'!C12,'DATA-Match'!C$79,'DATA-Match'!C$80) -> -0.39876791 | D12: =STANDARDIZE('DATA-Match'!D12,'DATA-Match'!D$79,'DATA-Match'!D$80) -> -0.38686464 | F12: 2006 | G12: =STANDARDIZE('DATA-Match'!G12,'DATA-Match'!G$79,'DATA-Match'!G$80) -> 0.15011127 | H12: =STANDARDIZE('DATA-Match'!H12,'DATA-Match'!H$79,'DATA-Match'!H$80) -> -1.5466445 | I12: =STANDARDIZE('DATA-Match'!I12,'DATA-Match'!I$79,'DATA-Match'!I$80) -> -1.5015836 | K12: 2006 | L12: =STANDARDIZE('DATA-Match'!L12,'DATA-Match'!L$79,'DATA-Match'!L$80) -> -0.35917909 | M12: =STANDARDIZE('DATA-Match'!M12,'DATA-Match'!M$79,'DATA-Match'!M$80) -> 0.7118327 | N12: =STANDARDIZE('DATA-Match'!N12,'DATA-Match'!N$79,'DATA-Match'!N$80) -> 0.18068952 | P12: 2006 | Q12: =STANDARDIZE('DATA-Match'!Q12,'DATA-Match'!Q$79,'DATA-Match'!Q$80) -> 0.14950898 | R12: =STANDARDIZE('DATA-Match'!R12,'DATA-Match'!R$79,'DATA-Match'!R$80) -> -1.0631608 | S12: =STANDARDIZE('DATA-Match'!S12,'DATA-Match'!S$79,'DATA-Match'!S$80) -> -0.74413369 | U12: 2006 | V12: =STANDARDIZE('DATA-Match'!V12,'DATA-Match'!V$79,'DATA-Match'!V$80) -> -1.3462095 | W12: =STANDARDIZE('DATA-Match'!W12,'DATA-Match'!W$79,'DATA-Match'!W$80) -> -0.25620404 | X12: =STANDARDIZE('DATA-Match'!X12,'DATA-Match'!X$79,'DATA-Match'!X$80) -> -1.3094646 | Z12: 2006 | AA12: =STANDARDIZE('DATA-Match'!AA12,'DATA-Match'!AA$79,'DATA-Match'!AA$80) -> -0.80264322 | AB12: =STANDARDIZE('DATA-Match'!AB12,'DATA-Match'!AB$79,'DATA-Match'!AB$80) -> -1.0651655 | AC12: =STANDARDIZE('DATA-Match'!AC12,'DATA-Match'!AC$79,'DATA-Match'!AC$80) -> -1.5427416
A13: 2005 | B13: =STANDARDIZE('DATA-Match'!B13,'DATA-Match'!B$79,'DATA-Match'!B$80) -> -0.97341492 | C13: =STANDARDIZE('DATA-Match'!C13,'DATA-Match'!C$79,'DATA-Match'!C$80) -> 0.66220463 | D13: =STANDARDIZE('DATA-Match'!D13,'DATA-Match'!D$79,'DATA-Match'!D$80) -> -0.53003376 | F13: 2005 | G13: =STANDARDIZE('DATA-Match'!G13,'DATA-Match'!G$79,'DATA-Match'!G$80) -> -0.57900078 | H13: =STANDARDIZE('DATA-Match'!H13,'DATA-Match'!H$79,'DATA-Match'!H$80) -> 1.9430053 | I13: =STANDARDIZE('DATA-Match'!I13,'DATA-Match'!I$79,'DATA-Match'!I$80) -> 1.6016207 | K13: 2005 | L13: =STANDARDIZE('DATA-Match'!L13,'DATA-Match'!L$79,'DATA-Match'!L$80) -> -0.20165354 | M13: =STANDARDIZE('DATA-Match'!M13,'DATA-Match'!M$79,'DATA-Match'!M$80) -> 0.55043335 | N13: =STANDARDIZE('DATA-Match'!N13,'DATA-Match'!N$79,'DATA-Match'!N$80) -> 0.15719199 | P13: 2005 | Q13: =STANDARDIZE('DATA-Match'!Q13,'DATA-Match'!Q$79,'DATA-Match'!Q$80) -> -0.15222645 | R13: =STANDARDIZE('DATA-Match'!R13,'DATA-Match'!R$79,'DATA-Match'!R$80) -> 1.4454258 | S13: =STANDARDIZE('DATA-Match'!S13,'DATA-Match'!S$79,'DATA-Match'!S$80) -> 0.80248276 | U13: 2005 | V13: =STANDARDIZE('DATA-Match'!V13,'DATA-Match'!V$79,'DATA-Match'!V$80) -> 0.86822408 | W13: =STANDARDIZE('DATA-Match'!W13,'DATA-Match'!W$79,'DATA-Match'!W$80) -> -0.0040132288 | X13: =STANDARDIZE('DATA-Match'!X13,'DATA-Match'!X$79,'DATA-Match'!X$80) -> 0.86110841 | Z13: 2005 | AA13: =STANDARDIZE('DATA-Match'!AA13,'DATA-Match'!AA$79,'DATA-Match'!AA$80) -> -0.084805255 | AB13: =STANDARDIZE('DATA-Match'!AB13,'DATA-Match'!AB$79,'DATA-Match'!AB$80) -> 2.4564592 | AC13: =STANDARDIZE('DATA-Match'!AC13,'DATA-Match'!AC$79,'DATA-Match'!AC$80) -> 1.9234685
A14: 2004 | B14: =STANDARDIZE('DATA-Match'!B14,'DATA-Match'!B$79,'DATA-Match'!B$80) -> -0.5558716 | C14: =STANDARDIZE('DATA-Match'!C14,'DATA-Match'!C$79,'DATA-Match'!C$80) -> 0.544142 | D14: =STANDARDIZE('DATA-Match'!D14,'DATA-Match'!D$79,'DATA-Match'!D$80) -> -0.13877537 | F14: 2004 | G14: =STANDARDIZE('DATA-Match'!G14,'DATA-Match'!G$79,'DATA-Match'!G$80) -> -0.90179648 | H14: =STANDARDIZE('DATA-Match'!H14,'DATA-Match'!H$79,'DATA-Match'!H$80) -> -0.23816899 | I14: =STANDARDIZE('DATA-Match'!I14,'DATA-Match'!I$79,'DATA-Match'!I$80) -> -0.61006401 | K14: 2004 | L14: =STANDARDIZE('DATA-Match'!L14,'DATA-Match'!L$79,'DATA-Match'!L$80) -> -0.89363561 | M14: =STANDARDIZE('DATA-Match'!M14,'DATA-Match'!M$79,'DATA-Match'!M$80) -> -0.74102388 | N14: =STANDARDIZE('DATA-Match'!N14,'DATA-Match'!N$79,'DATA-Match'!N$80) -> -1.1823153 | P14: 2004 | Q14: =STANDARDIZE('DATA-Match'!Q14,'DATA-Match'!Q$79,'DATA-Match'!Q$80) -> -1.0304201 | R14: =STANDARDIZE('DATA-Match'!R14,'DATA-Match'!R$79,'DATA-Match'!R$80) -> -1.5335351 | S14: =STANDARDIZE('DATA-Match'!S14,'DATA-Match'!S$79,'DATA-Match'!S$80) -> -1.7580458 | U14: 2004 | V14: =STANDARDIZE('DATA-Match'!V14,'DATA-Match'!V$79,'DATA-Match'!V$80) -> 0.013207243 | W14: =STANDARDIZE('DATA-Match'!W14,'DATA-Match'!W$79,'DATA-Match'!W$80) -> 0.87839192 | X14: =STANDARDIZE('DATA-Match'!X14,'DATA-Match'!X$79,'DATA-Match'!X$80) -> 0.86406223 | Z14: 2004 | AA14: =STANDARDIZE('DATA-Match'!AA14,'DATA-Match'!AA$79,'DATA-Match'!AA$80) -> -1.2675493 | AB14: =STANDARDIZE('DATA-Match'!AB14,'DATA-Match'!AB$79,'DATA-Match'!AB$80) -> -0.4460145 | AC14: =STANDARDIZE('DATA-Match'!AC14,'DATA-Match'!AC$79,'DATA-Match'!AC$80) -> -1.4206911
A15: 2003 | B15: =STANDARDIZE('DATA-Match'!B15,'DATA-Match'!B$79,'DATA-Match'!B$80) -> -0.64928769 | C15: =STANDARDIZE('DATA-Match'!C15,'DATA-Match'!C$79,'DATA-Match'!C$80) -> -0.57538451 | D15: =STANDARDIZE('DATA-Match'!D15,'DATA-Match'!D$79,'DATA-Match'!D$80) -> -0.81089121 | F15: 2003 | G15: =STANDARDIZE('DATA-Match'!G15,'DATA-Match'!G$79,'DATA-Match'!G$80) -> -0.71124256 | H15: =STANDARDIZE('DATA-Match'!H15,'DATA-Match'!H$79,'DATA-Match'!H$80) -> -0.45634368 | I15: =STANDARDIZE('DATA-Match'!I15,'DATA-Match'!I$79,'DATA-Match'!I$80) -> -0.72861045 | K15: 2003 | L15: =STANDARDIZE('DATA-Match'!L15,'DATA-Match'!L$79,'DATA-Match'!L$80) -> -1.4302226 | M15: =STANDARDIZE('DATA-Match'!M15,'DATA-Match'!M$79,'DATA-Match'!M$80) -> 0.87323205 | N15: =STANDARDIZE('DATA-Match'!N15,'DATA-Match'!N$79,'DATA-Match'!N$80) -> -0.58913249 | P15: 2003 | Q15: =STANDARDIZE('DATA-Match'!Q15,'DATA-Match'!Q$79,'DATA-Match'!Q$80) -> -1.8040949 | R15: =STANDARDIZE('DATA-Match'!R15,'DATA-Match'!R$79,'DATA-Match'!R$80) -> -0.43584214 | S15: =STANDARDIZE('DATA-Match'!S15,'DATA-Match'!S$79,'DATA-Match'!S$80) -> -1.3853907 | U15: 2003 | V15: =STANDARDIZE('DATA-Match'!V15,'DATA-Match'!V$79,'DATA-Match'!V$80) -> -0.35515292 | W15: =STANDARDIZE('DATA-Match'!W15,'DATA-Match'!W$79,'DATA-Match'!W$80) -> 0.37427299 | X15: =STANDARDIZE('DATA-Match'!X15,'DATA-Match'!X$79,'DATA-Match'!X$80) -> 0.050520279 | Z15: 2003 | AA15: =STANDARDIZE('DATA-Match'!AA15,'DATA-Match'!AA$79,'DATA-Match'!AA$80) -> -1.9622991 | AB15: =STANDARDIZE('DATA-Match'!AB15,'DATA-Match'!AB$79,'DATA-Match'!AB$80) -> 0.26876361 | AC15: =STANDARDIZE('DATA-Match'!AC15,'DATA-Match'!AC$79,'DATA-Match'!AC$80) -> -1.2918541
A16: 2002 | B16: =STANDARDIZE('DATA-Match'!B16,'DATA-Match'!B$79,'DATA-Match'!B$80) -> -0.24742052 | C16: =STANDARDIZE('DATA-Match'!C16,'DATA-Match'!C$79,'DATA-Match'!C$80) -> -0.45764011 | D16: =STANDARDIZE('DATA-Match'!D16,'DATA-Match'!D$79,'DATA-Match'!D$80) -> -0.41857073 | F16: 2002 | G16: =STANDARDIZE('DATA-Match'!G16,'DATA-Match'!G$79,'DATA-Match'!G$80) -> -0.16067219 | H16: =STANDARDIZE('DATA-Match'!H16,'DATA-Match'!H$79,'DATA-Match'!H$80) -> -0.063514706 | I16: =STANDARDIZE('DATA-Match'!I16,'DATA-Match'!I$79,'DATA-Match'!I$80) -> -0.10581467 | K16: 2002 | L16: =STANDARDIZE('DATA-Match'!L16,'DATA-Match'!L$79,'DATA-Match'!L$80) -> -1.8057683 | M16: =STANDARDIZE('DATA-Match'!M16,'DATA-Match'!M$79,'DATA-Match'!M$80) -> 1.6810161 | N16: =STANDARDIZE('DATA-Match'!N16,'DATA-Match'!N$79,'DATA-Match'!N$80) -> -0.59769097 | P16: 2002 | Q16: =STANDARDIZE('DATA-Match'!Q16,'DATA-Match'!Q$79,'DATA-Match'!Q$80) -> -1.2650783 | R16: =STANDARDIZE('DATA-Match'!R16,'DATA-Match'!R$79,'DATA-Match'!R$80) -> 0.81836197 | S16: =STANDARDIZE('DATA-Match'!S16,'DATA-Match'!S$79,'DATA-Match'!S$80) -> -0.2897316 | U16: 2002 | V16: =STANDARDIZE('DATA-Match'!V16,'DATA-Match'!V$79,'DATA-Match'!V$80) -> -0.27066834 | W16: =STANDARDIZE('DATA-Match'!W16,'DATA-Match'!W$79,'DATA-Match'!W$80) -> 1.0042246 | X16: =STANDARDIZE('DATA-Match'!X16,'DATA-Match'!X$79,'DATA-Match'!X$80) -> 0.63596358 | Z16: 2002 | AA16: =STANDARDIZE('DATA-Match'!AA16,'DATA-Match'!AA$79,'DATA-Match'!AA$80) -> -1.7177537 | AB16: =STANDARDIZE('DATA-Match'!AB16,'DATA-Match'!AB$79,'DATA-Match'!AB$80) -> 1.6076952 | AC16: =STANDARDIZE('DATA-Match'!AC16,'DATA-Match'!AC$79,'DATA-Match'!AC$80) -> -0.15858075
A17: 2001 | B17: =STANDARDIZE('DATA-Match'!B17,'DATA-Match'!B$79,'DATA-Match'!B$80) -> -0.062981786 | C17: =STANDARDIZE('DATA-Match'!C17,'DATA-Match'!C$79,'DATA-Match'!C$80) -> 0.42639759 | D17: =STANDARDIZE('DATA-Match'!D17,'DATA-Match'!D$79,'DATA-Match'!D$80) -> 0.30746627 | F17: 2001 | G17: =STANDARDIZE('DATA-Match'!G17,'DATA-Match'!G$79,'DATA-Match'!G$80) -> -0.041117948 | H17: =STANDARDIZE('DATA-Match'!H17,'DATA-Match'!H$79,'DATA-Match'!H$80) -> 1.6810239 | I17: =STANDARDIZE('DATA-Match'!I17,'DATA-Match'!I$79,'DATA-Match'!I$80) -> 1.720743 | K17: 2001 | L17: =STANDARDIZE('DATA-Match'!L17,'DATA-Match'!L$79,'DATA-Match'!L$80) -> -0.82354822 | M17: =STANDARDIZE('DATA-Match'!M17,'DATA-Match'!M$79,'DATA-Match'!M$80) -> -0.9029481 | N17: =STANDARDIZE('DATA-Match'!N17,'DATA-Match'!N$79,'DATA-Match'!N$80) -> -1.1339308 | P17: 2001 | Q17: =STANDARDIZE('DATA-Match'!Q17,'DATA-Match'!Q$79,'DATA-Match'!Q$80) -> -1.9235799 | R17: =STANDARDIZE('DATA-Match'!R17,'DATA-Match'!R$79,'DATA-Match'!R$80) -> -0.59286292 | S17: =STANDARDIZE('DATA-Match'!S17,'DATA-Match'!S$79,'DATA-Match'!S$80) -> -1.4868158 | U17: 2001 | V17: =STANDARDIZE('DATA-Match'!V17,'DATA-Match'!V$79,'DATA-Match'!V$80) -> -0.078014998 | W17: =STANDARDIZE('DATA-Match'!W17,'DATA-Match'!W$79,'DATA-Match'!W$80) -> 1.1305827 | X17: =STANDARDIZE('DATA-Match'!X17,'DATA-Match'!X$79,'DATA-Match'!X$80) -> 0.97271196 | Z17: 2001 | AA17: =STANDARDIZE('DATA-Match'!AA17,'DATA-Match'!AA$79,'DATA-Match'!AA$80) -> -1.3953938 | AB17: =STANDARDIZE('DATA-Match'!AB17,'DATA-Match'!AB$79,'DATA-Match'!AB$80) -> 1.3308699 | AC17: =STANDARDIZE('DATA-Match'!AC17,'DATA-Match'!AC$79,'DATA-Match'!AC$80) -> 0.21357966
A18: 2000 | B18: =STANDARDIZE('DATA-Match'!B18,'DATA-Match'!B$79,'DATA-Match'!B$80) -> -0.096362475 | C18: =STANDARDIZE('DATA-Match'!C18,'DATA-Match'!C$79,'DATA-Match'!C$80) -> 1.7228589 | D18: =STANDARDIZE('DATA-Match'!D18,'DATA-Match'!D$79,'DATA-Match'!D$80) -> 1.1041338 | F18: 2000 | G18: =STANDARDIZE('DATA-Match'!G18,'DATA-Match'!G$79,'DATA-Match'!G$80) -> -0.79760754 | H18: =STANDARDIZE('DATA-Match'!H18,'DATA-Match'!H$79,'DATA-Match'!H$80) -> 0.54691633 | I18: =STANDARDIZE('DATA-Match'!I18,'DATA-Match'!I$79,'DATA-Match'!I$80) -> 0.15933067 | K18: 2000 | L18: =STANDARDIZE('DATA-Match'!L18,'DATA-Match'!L$79,'DATA-Match'!L$80) -> -0.26849583 | M18: =STANDARDIZE('DATA-Match'!M18,'DATA-Match'!M$79,'DATA-Match'!M$80) -> 1.0348938 | N18: =STANDARDIZE('DATA-Match'!N18,'DATA-Match'!N$79,'DATA-Match'!N$80) -> 0.6821043 | P18: 2000 | Q18: =STANDARDIZE('DATA-Match'!Q18,'DATA-Match'!Q$79,'DATA-Match'!Q$80) -> -0.36800296 | R18: =STANDARDIZE('DATA-Match'!R18,'DATA-Match'!R$79,'DATA-Match'!R$80) -> -0.59276099 | S18: =STANDARDIZE('DATA-Match'!S18,'DATA-Match'!S$79,'DATA-Match'!S$80) -> -0.72186846 | U18: 2000 | V18: =STANDARDIZE('DATA-Match'!V18,'DATA-Match'!V$79,'DATA-Match'!V$80) -> -0.66059463 | W18: =STANDARDIZE('DATA-Match'!W18,'DATA-Match'!W$79,'DATA-Match'!W$80) -> 0.12208218 | X18: =STANDARDIZE('DATA-Match'!X18,'DATA-Match'!X$79,'DATA-Match'!X$80) -> -0.44255296 | Z18: 2000 | AA18: =STANDARDIZE('DATA-Match'!AA18,'DATA-Match'!AA$79,'DATA-Match'!AA$80) -> -0.95234759 | AB18: =STANDARDIZE('DATA-Match'!AB18,'DATA-Match'!AB$79,'DATA-Match'!AB$80) -> 0.88497025 | AC18: =STANDARDIZE('DATA-Match'!AC18,'DATA-Match'!AC$79,'DATA-Match'!AC$80) -> 0.089860284
... A36: 1982 | B36: =STANDARDIZE('DATA-Match'!B36,'DATA-Match'!B$79,'DATA-Match'!B$80) -> 1.761508 | C36: =STANDARDIZE('DATA-Match'!C36,'DATA-Match'!C$79,'DATA-Match'!C$80) -> -0.81437382 | D36: =STANDARDIZE('DATA-Match'!D36,'DATA-Match'!D$79,'DATA-Match'!D$80) -> 0.8577665 | F36: 1982 | G36: =STANDARDIZE('DATA-Match'!G36,'DATA-Match'!G$79,'DATA-Match'!G$80) -> 1.3151121 | H36: =STANDARDIZE('DATA-Match'!H36,'DATA-Match'!H$79,'DATA-Match'!H$80) -> -1.4165128 | I36: =STANDARDIZE('DATA-Match'!I36,'DATA-Match'!I$79,'DATA-Match'!I$80) -> -1.0190205 | K36: 1982 | L36: =STANDARDIZE('DATA-Match'!L36,'DATA-Match'!L$79,'DATA-Match'!L$80) -> 0.069192724 | M36: =STANDARDIZE('DATA-Match'!M36,'DATA-Match'!M$79,'DATA-Match'!M$80) -> -0.25787558 | N36: =STANDARDIZE('DATA-Match'!N36,'DATA-Match'!N$79,'DATA-Match'!N$80) -> 0.03975134 | P36: 1982 | Q36: =STANDARDIZE('DATA-Match'!Q36,'DATA-Match'!Q$79,'DATA-Match'!Q$80) -> -1.0774482 | R36: =STANDARDIZE('DATA-Match'!R36,'DATA-Match'!R$79,'DATA-Match'!R$80) -> -0.27917811 | S36: =STANDARDIZE('DATA-Match'!S36,'DATA-Match'!S$79,'DATA-Match'!S$80) -> -0.82311293 | U36: 1982 | V36: =STANDARDIZE('DATA-Match'!V36,'DATA-Match'!V$79,'DATA-Match'!V$80) -> -0.45681602 | W36: =STANDARDIZE('DATA-Match'!W36,'DATA-Match'!W$79,'DATA-Match'!W$80) -> -0.90060411 | X36: =STANDARDIZE('DATA-Match'!X36,'DATA-Match'!X$79,'DATA-Match'!X$80) -> -1.049065 | Z36: 1982 | AA36: =STANDARDIZE('DATA-Match'!AA36,'DATA-Match'!AA$79,'DATA-Match'!AA$80) -> -0.37063036 | AB36: =STANDARDIZE('DATA-Match'!AB36,'DATA-Match'!AB$79,'DATA-Match'!AB$80) -> -1.2854766 | AC36: =STANDARDIZE('DATA-Match'!AC36,'DATA-Match'!AC$79,'DATA-Match'!AC$80) -> -1.2638542
K37: 1981 | L37: =STANDARDIZE('DATA-Match'!L37,'DATA-Match'!L$79,'DATA-Match'!L$80) -> 1.3836914 | M37: =STANDARDIZE('DATA-Match'!M37,'DATA-Match'!M$79,'DATA-Match'!M$80) -> 1.3561179 | N37: =STANDARDIZE('DATA-Match'!N37,'DATA-Match'!N$79,'DATA-Match'!N$80) -> 2.3405148 | P37: 1981 | Q37: =STANDARDIZE('DATA-Match'!Q37,'DATA-Match'!Q$79,'DATA-Match'!Q$80) -> -0.93229228 | R37: =STANDARDIZE('DATA-Match'!R37,'DATA-Match'!R$79,'DATA-Match'!R$80) -> 1.2887363 | S37: =STANDARDIZE('DATA-Match'!S37,'DATA-Match'!S$79,'DATA-Match'!S$80) -> 0.2152762 | U37: 1981 | V37: =STANDARDIZE('DATA-Match'!V37,'DATA-Match'!V$79,'DATA-Match'!V$80) -> 0.20907165 | W37: =STANDARDIZE('DATA-Match'!W37,'DATA-Match'!W$79,'DATA-Match'!W$80) -> -0.56960367 | X37: =STANDARDIZE('DATA-Match'!X37,'DATA-Match'!X$79,'DATA-Match'!X$80) -> -0.27348652 | Z37: 1981 | AA37: =STANDARDIZE('DATA-Match'!AA37,'DATA-Match'!AA$79,'DATA-Match'!AA$80) -> 0.50352034 | AB37: =STANDARDIZE('DATA-Match'!AB37,'DATA-Match'!AB$79,'DATA-Match'!AB$80) -> 0.75129003 | AC37: =STANDARDIZE('DATA-Match'!AC37,'DATA-Match'!AC$79,'DATA-Match'!AC$80) -> 1.4113196
K38: 1980 | L38: =STANDARDIZE('DATA-Match'!L38,'DATA-Match'!L$79,'DATA-Match'!L$80) -> 0.82971616 | M38: =STANDARDIZE('DATA-Match'!M38,'DATA-Match'!M$79,'DATA-Match'!M$80) -> 0.064398239 | N38: =STANDARDIZE('DATA-Match'!N38,'DATA-Match'!N$79,'DATA-Match'!N$80) -> 0.48925128 | P38: 1980 | Q38: =STANDARDIZE('DATA-Match'!Q38,'DATA-Match'!Q$79,'DATA-Match'!Q$80) -> -1.3945825 | R38: =STANDARDIZE('DATA-Match'!R38,'DATA-Match'!R$79,'DATA-Match'!R$80) -> 0.19119621 | S38: =STANDARDIZE('DATA-Match'!S38,'DATA-Match'!S$79,'DATA-Match'!S$80) -> -0.69871993 | U38: 1980 | V38: =STANDARDIZE('DATA-Match'!V38,'DATA-Match'!V$79,'DATA-Match'!V$80) -> 1.7566428 | W38: =STANDARDIZE('DATA-Match'!W38,'DATA-Match'!W$79,'DATA-Match'!W$80) -> -1.137033 | X38: =STANDARDIZE('DATA-Match'!X38,'DATA-Match'!X$79,'DATA-Match'!X$80) -> 0.35302664 | Z38: 1980 | AA38: =STANDARDIZE('DATA-Match'!AA38,'DATA-Match'!AA$79,'DATA-Match'!AA$80) -> 0.80072754 | AB38: =STANDARDIZE('DATA-Match'!AB38,'DATA-Match'!AB$79,'DATA-Match'!AB$80) -> -0.79584556 | AC38: =STANDARDIZE('DATA-Match'!AC38,'DATA-Match'!AC$79,'DATA-Match'!AC$80) -> -0.22209315
K39: 1979 | L39: =STANDARDIZE('DATA-Match'!L39,'DATA-Match'!L$79,'DATA-Match'!L$80) -> 0.59026704 | M39: =STANDARDIZE('DATA-Match'!M39,'DATA-Match'!M$79,'DATA-Match'!M$80) -> 0.70999563 | N39: =STANDARDIZE('DATA-Match'!N39,'DATA-Match'!N$79,'DATA-Match'!N$80) -> 0.8153142 | P39: 1979 | Q39: =STANDARDIZE('DATA-Match'!Q39,'DATA-Match'!Q$79,'DATA-Match'!Q$80) -> 1.257967 | R39: =STANDARDIZE('DATA-Match'!R39,'DATA-Match'!R$79,'DATA-Match'!R$80) -> -0.74939954 | S39: =STANDARDIZE('DATA-Match'!S39,'DATA-Match'!S$79,'DATA-Match'!S$80) -> 0.0071646069 | U39: 1979 | V39: =STANDARDIZE('DATA-Match'!V39,'DATA-Match'!V$79,'DATA-Match'!V$80) -> 1.908617 | W39: =STANDARDIZE('DATA-Match'!W39,'DATA-Match'!W$79,'DATA-Match'!W$80) -> -1.1527949 | X39: =STANDARDIZE('DATA-Match'!X39,'DATA-Match'!X$79,'DATA-Match'!X$80) -> 0.4077903 | Z39: 1979 | AA39: =STANDARDIZE('DATA-Match'!AA39,'DATA-Match'!AA$79,'DATA-Match'!AA$80) -> 2.2250632 | AB39: =STANDARDIZE('DATA-Match'!AB39,'DATA-Match'!AB$79,'DATA-Match'!AB$80) -> -0.97124673 | AC39: =STANDARDIZE('DATA-Match'!AC39,'DATA-Match'!AC$79,'DATA-Match'!AC$80) -> 0.50300546
K40: 1978 | L40: =STANDARDIZE('DATA-Match'!L40,'DATA-Match'!L$79,'DATA-Match'!L$80) -> 1.8105846 | M40: =STANDARDIZE('DATA-Match'!M40,'DATA-Match'!M$79,'DATA-Match'!M$80) -> 0.38745937 | N40: =STANDARDIZE('DATA-Match'!N40,'DATA-Match'!N$79,'DATA-Match'!N$80) -> 1.6478801 | P40: 1978 | Q40: =STANDARDIZE('DATA-Match'!Q40,'DATA-Match'!Q$79,'DATA-Match'!Q$80) -> -1.7173891 | R40: =STANDARDIZE('DATA-Match'!R40,'DATA-Match'!R$79,'DATA-Match'!R$80) -> -0.43701431 | S40: =STANDARDIZE('DATA-Match'!S40,'DATA-Match'!S$79,'DATA-Match'!S$80) -> -1.2967291 | U40: 1978 | V40: =STANDARDIZE('DATA-Match'!V40,'DATA-Match'!V$79,'DATA-Match'!V$80) -> 1.0551301 | W40: =STANDARDIZE('DATA-Match'!W40,'DATA-Match'!W$79,'DATA-Match'!W$80) -> -1.0424614 | X40: =STANDARDIZE('DATA-Match'!X40,'DATA-Match'!X$79,'DATA-Match'!X$80) -> -0.075159929 | Z40: 1978 | AA40: =STANDARDIZE('DATA-Match'!AA40,'DATA-Match'!AA$79,'DATA-Match'!AA$80) -> 0.84125398 | AB40: =STANDARDIZE('DATA-Match'!AB40,'DATA-Match'!AB$79,'DATA-Match'!AB$80) -> -0.91461356 | AC40: =STANDARDIZE('DATA-Match'!AC40,'DATA-Match'!AC$79,'DATA-Match'!AC$80) -> 0.020139974
K41: 1977 | L41: =STANDARDIZE('DATA-Match'!L41,'DATA-Match'!L$79,'DATA-Match'!L$80) -> 1.2747658 | M41: =STANDARDIZE('DATA-Match'!M41,'DATA-Match'!M$79,'DATA-Match'!M$80) -> -0.90504761 | N41: =STANDARDIZE('DATA-Match'!N41,'DATA-Match'!N$79,'DATA-Match'!N$80) -> 0.13891894 | P41: 1977 | Q41: =STANDARDIZE('DATA-Match'!Q41,'DATA-Match'!Q$79,'DATA-Match'!Q$80) -> -0.79290305 | R41: =STANDARDIZE('DATA-Match'!R41,'DATA-Match'!R$79,'DATA-Match'!R$80) -> -0.12366077 | S41: =STANDARDIZE('DATA-Match'!S41,'DATA-Match'!S$79,'DATA-Match'!S$80) -> -0.56912248 | U41: 1977 | V41: =STANDARDIZE('DATA-Match'!V41,'DATA-Match'!V$79,'DATA-Match'!V$80) -> 1.7875833 | W41: =STANDARDIZE('DATA-Match'!W41,'DATA-Match'!W$79,'DATA-Match'!W$80) -> -0.55384174 | X41: =STANDARDIZE('DATA-Match'!X41,'DATA-Match'!X$79,'DATA-Match'!X$80) -> 1.0229716 | Z41: 1977 | AA41: =STANDARDIZE('DATA-Match'!AA41,'DATA-Match'!AA$79,'DATA-Match'!AA$80) -> 1.4462599 | AB41: =STANDARDIZE('DATA-Match'!AB41,'DATA-Match'!AB$79,'DATA-Match'!AB$80) -> -1.1639272 | AC41: =STANDARDIZE('DATA-Match'!AC41,'DATA-Match'!AC$79,'DATA-Match'!AC$80) -> -0.058562924
K42: 1976 | L42: =STANDARDIZE('DATA-Match'!L42,'DATA-Match'!L$79,'DATA-Match'!L$80) -> 0.83453071 | M42: =STANDARDIZE('DATA-Match'!M42,'DATA-Match'!M$79,'DATA-Match'!M$80) -> 0.2244854 | N42: =STANDARDIZE('DATA-Match'!N42,'DATA-Match'!N$79,'DATA-Match'!N$80) -> 0.7444493 | P42: 1976 | Q42: =STANDARDIZE('DATA-Match'!Q42,'DATA-Match'!Q$79,'DATA-Match'!Q$80) -> -1.6678986 | R42: =STANDARDIZE('DATA-Match'!R42,'DATA-Match'!R$79,'DATA-Match'!R$80) -> -0.9071593 | S42: =STANDARDIZE('DATA-Match'!S42,'DATA-Match'!S$79,'DATA-Match'!S$80) -> -1.5569174 | U42: 1976 | V42: =STANDARDIZE('DATA-Match'!V42,'DATA-Match'!V$79,'DATA-Match'!V$80) -> 1.4928118 | W42: =STANDARDIZE('DATA-Match'!W42,'DATA-Match'!W$79,'DATA-Match'!W$80) -> -1.5153192 | X42: =STANDARDIZE('DATA-Match'!X42,'DATA-Match'!X$79,'DATA-Match'!X$80) -> -0.29526125 | Z42: 1976 | AA42: =STANDARDIZE('DATA-Match'!AA42,'DATA-Match'!AA$79,'DATA-Match'!AA$80) -> 0.49402244 | AB42: =STANDARDIZE('DATA-Match'!AB42,'DATA-Match'!AB$79,'DATA-Match'!AB$80) -> -1.4941221 | AC42: =STANDARDIZE('DATA-Match'!AC42,'DATA-Match'!AC$79,'DATA-Match'!AC$80) -> -0.91875978
K43: 1975 | L43: =STANDARDIZE('DATA-Match'!L43,'DATA-Match'!L$79,'DATA-Match'!L$80) -> 1.1527359 | M43: =STANDARDIZE('DATA-Match'!M43,'DATA-Match'!M$79,'DATA-Match'!M$80) -> -0.098313299 | N43: =STANDARDIZE('DATA-Match'!N43,'DATA-Match'!N$79,'DATA-Match'!N$80) -> 0.79876924 | P43: 1975 | Q43: =STANDARDIZE('DATA-Match'!Q43,'DATA-Match'!Q$79,'DATA-Match'!Q$80) -> -1.0264065 | R43: =STANDARDIZE('DATA-Match'!R43,'DATA-Match'!R$79,'DATA-Match'!R$80) -> 0.34656065 | S43: =STANDARDIZE('DATA-Match'!S43,'DATA-Match'!S$79,'DATA-Match'!S$80) -> -0.33309793 | U43: 1975 | V43: =STANDARDIZE('DATA-Match'!V43,'DATA-Match'!V$79,'DATA-Match'!V$80) -> 0.87898406 | W43: =STANDARDIZE('DATA-Match'!W43,'DATA-Match'!W$79,'DATA-Match'!W$80) -> -0.66417522 | X43: =STANDARDIZE('DATA-Match'!X43,'DATA-Match'!X$79,'DATA-Match'!X$80) -> 0.17439821 | Z43: 1975 | AA43: =STANDARDIZE('DATA-Match'!AA43,'DATA-Match'!AA$79,'DATA-Match'!AA$80) -> 0.69746691 | AB43: =STANDARDIZE('DATA-Match'!AB43,'DATA-Match'!AB$79,'DATA-Match'!AB$80) -> -0.55272638 | AC43: =STANDARDIZE('DATA-Match'!AC43,'DATA-Match'!AC$79,'DATA-Match'!AC$80) -> 0.15267308
K44: 1974 | L44: =STANDARDIZE('DATA-Match'!L44,'DATA-Match'!L$79,'DATA-Match'!L$80) -> 2.3699627 | M44: =STANDARDIZE('DATA-Match'!M44,'DATA-Match'!M$79,'DATA-Match'!M$80) -> -0.098313299 | N44: =STANDARDIZE('DATA-Match'!N44,'DATA-Match'!N$79,'DATA-Match'!N$80) -> 2.0607564 | P44: 1974 | Q44: =STANDARDIZE('DATA-Match'!Q44,'DATA-Match'!Q$79,'DATA-Match'!Q$80) -> -1.3299098 | R44: =STANDARDIZE('DATA-Match'!R44,'DATA-Match'!R$79,'DATA-Match'!R$80) -> -0.75067364 | S44: =STANDARDIZE('DATA-Match'!S44,'DATA-Match'!S$79,'DATA-Match'!S$80) -> -1.2810245 | U44: 1974 | V44: =STANDARDIZE('DATA-Match'!V44,'DATA-Match'!V$79,'DATA-Match'!V$80) -> 1.1124183 | W44: =STANDARDIZE('DATA-Match'!W44,'DATA-Match'!W$79,'DATA-Match'!W$80) -> -1.6414146 | X44: =STANDARDIZE('DATA-Match'!X44,'DATA-Match'!X$79,'DATA-Match'!X$80) -> -0.6822339 | Z44: 1974 | AA44: =STANDARDIZE('DATA-Match'!AA44,'DATA-Match'!AA$79,'DATA-Match'!AA$80) -> 1.4563859 | AB44: =STANDARDIZE('DATA-Match'!AB44,'DATA-Match'!AB$79,'DATA-Match'!AB$80) -> -1.642993 | AC44: =STANDARDIZE('DATA-Match'!AC44,'DATA-Match'!AC$79,'DATA-Match'!AC$80) -> 0.028317294
K45: 1973 | L45: =STANDARDIZE('DATA-Match'!L45,'DATA-Match'!L$79,'DATA-Match'!L$80) -> 2.9553402 | M45: =STANDARDIZE('DATA-Match'!M45,'DATA-Match'!M$79,'DATA-Match'!M$80) -> -0.25971265 | N45: =STANDARDIZE('DATA-Match'!N45,'DATA-Match'!N$79,'DATA-Match'!N$80) -> 1.8477536 | P45: 1973 | Q45: =STANDARDIZE('DATA-Match'!Q45,'DATA-Match'!Q$79,'DATA-Match'!Q$80) -> -0.65044085 | R45: =STANDARDIZE('DATA-Match'!R45,'DATA-Match'!R$79,'DATA-Match'!R$80) -> 0.18984566 | S45: =STANDARDIZE('DATA-Match'!S45,'DATA-Match'!S$79,'DATA-Match'!S$80) -> -0.2535946 | U45: 1973 | V45: =STANDARDIZE('DATA-Match'!V45,'DATA-Match'!V$79,'DATA-Match'!V$80) -> 1.2497877 | W45: =STANDARDIZE('DATA-Match'!W45,'DATA-Match'!W$79,'DATA-Match'!W$80) -> -1.1685569 | X45: =STANDARDIZE('DATA-Match'!X45,'DATA-Match'!X$79,'DATA-Match'!X$80) -> -0.021135791 | Z45: 1973 | AA45: =STANDARDIZE('DATA-Match'!AA45,'DATA-Match'!AA$79,'DATA-Match'!AA$80) -> 2.2998697 | AB45: =STANDARDIZE('DATA-Match'!AB45,'DATA-Match'!AB$79,'DATA-Match'!AB$80) -> -0.98063351 | AC45: =STANDARDIZE('DATA-Match'!AC45,'DATA-Match'!AC$79,'DATA-Match'!AC$80) -> 0.87240292
K46: 1972 | L46: =STANDARDIZE('DATA-Match'!L46,'DATA-Match'!L$79,'DATA-Match'!L$80) -> 0.86294911 | M46: =STANDARDIZE('DATA-Match'!M46,'DATA-Match'!M$79,'DATA-Match'!M$80) -> -0.74391069 | N46: =STANDARDIZE('DATA-Match'!N46,'DATA-Match'!N$79,'DATA-Match'!N$80) -> 0.039171305 | P46: 1972 | Q46: =STANDARDIZE('DATA-Match'!Q46,'DATA-Match'!Q$79,'DATA-Match'!Q$80) -> -0.2624265 | R46: =STANDARDIZE('DATA-Match'!R46,'DATA-Match'!R$79,'DATA-Match'!R$80) -> -0.43716721 | S46: =STANDARDIZE('DATA-Match'!S46,'DATA-Match'!S$79,'DATA-Match'!S$80) -> -0.48391022 | U46: 1972 | V46: =STANDARDIZE('DATA-Match'!V46,'DATA-Match'!V$79,'DATA-Match'!V$80) -> -0.94994363 | W46: =STANDARDIZE('DATA-Match'!W46,'DATA-Match'!W$79,'DATA-Match'!W$80) -> -0.30165093 | X46: =STANDARDIZE('DATA-Match'!X46,'DATA-Match'!X$79,'DATA-Match'!X$80) -> -1.009844 | Z46: 1972 | AA46: =STANDARDIZE('DATA-Match'!AA46,'DATA-Match'!AA$79,'DATA-Match'!AA$80) -> -0.14535199 | AB46: =STANDARDIZE('DATA-Match'!AB46,'DATA-Match'!AB$79,'DATA-Match'!AB$80) -> -1.1172378 | AC46: =STANDARDIZE('DATA-Match'!AC46,'DATA-Match'!AC$79,'DATA-Match'!AC$80) -> -1.0918895
K47: 1971 | L47: =STANDARDIZE('DATA-Match'!L47,'DATA-Match'!L$79,'DATA-Match'!L$80) -> 0.87790583 | M47: =STANDARDIZE('DATA-Match'!M47,'DATA-Match'!M$79,'DATA-Match'!M$80) -> -0.098313299 | N47: =STANDARDIZE('DATA-Match'!N47,'DATA-Match'!N$79,'DATA-Match'!N$80) -> 0.58285595 | P47: 1971 | Q47: =STANDARDIZE('DATA-Match'!Q47,'DATA-Match'!Q$79,'DATA-Match'!Q$80) -> -0.32312923 | R47: =STANDARDIZE('DATA-Match'!R47,'DATA-Match'!R$79,'DATA-Match'!R$80) -> -0.43724365 | S47: =STANDARDIZE('DATA-Match'!S47,'DATA-Match'!S$79,'DATA-Match'!S$80) -> -0.43157898 | U47: 1971 | V47: =STANDARDIZE('DATA-Match'!V47,'DATA-Match'!V$79,'DATA-Match'!V$80) -> -0.72575767 | W47: =STANDARDIZE('DATA-Match'!W47,'DATA-Match'!W$79,'DATA-Match'!W$80) -> -0.065222041 | X47: =STANDARDIZE('DATA-Match'!X47,'DATA-Match'!X$79,'DATA-Match'!X$80) -> -0.69243389 | Z47: 1971 | AA47: =STANDARDIZE('DATA-Match'!AA47,'DATA-Match'!AA$79,'DATA-Match'!AA$80) -> -0.036901801 | AB47: =STANDARDIZE('DATA-Match'!AB47,'DATA-Match'!AB$79,'DATA-Match'!AB$80) -> -0.66084425 | AC47: =STANDARDIZE('DATA-Match'!AC47,'DATA-Match'!AC$79,'DATA-Match'!AC$80) -> -0.50231441
K48: 1970 | L48: =STANDARDIZE('DATA-Match'!L48,'DATA-Match'!L$79,'DATA-Match'!L$80) -> 0.94417369 | M48: =STANDARDIZE('DATA-Match'!M48,'DATA-Match'!M$79,'DATA-Match'!M$80) -> 0.87008279 | N48: =STANDARDIZE('DATA-Match'!N48,'DATA-Match'!N$79,'DATA-Match'!N$80) -> 1.213048 | P48: 1970 | Q48: =STANDARDIZE('DATA-Match'!Q48,'DATA-Match'!Q$79,'DATA-Match'!Q$80) -> 1.7135394 | R48: =STANDARDIZE('DATA-Match'!R48,'DATA-Match'!R$79,'DATA-Match'!R$80) -> 0.34640776 | S48: =STANDARDIZE('DATA-Match'!S48,'DATA-Match'!S$79,'DATA-Match'!S$80) -> 1.4827613 | U48: 1970 | V48: =STANDARDIZE('DATA-Match'!V48,'DATA-Match'!V$79,'DATA-Match'!V$80) -> -0.16768632 | W48: =STANDARDIZE('DATA-Match'!W48,'DATA-Match'!W$79,'DATA-Match'!W$80) -> -1.1527949 | X48: =STANDARDIZE('DATA-Match'!X48,'DATA-Match'!X$79,'DATA-Match'!X$80) -> -1.0713861 | Z48: 1970 | AA48: =STANDARDIZE('DATA-Match'!AA48,'DATA-Match'!AA$79,'DATA-Match'!AA$80) -> 1.4807924 | AB48: =STANDARDIZE('DATA-Match'!AB48,'DATA-Match'!AB$79,'DATA-Match'!AB$80) -> -0.30421423 | AC48: =STANDARDIZE('DATA-Match'!AC48,'DATA-Match'!AC$79,'DATA-Match'!AC$80) -> 1.01504
... K67: 1951 | L67: =STANDARDIZE('DATA-Match'!L67,'DATA-Match'!L$79,'DATA-Match'!L$80) -> 1.0507234 | M67: =STANDARDIZE('DATA-Match'!M67,'DATA-Match'!M$79,'DATA-Match'!M$80) -> -0.90531004 | N67: =STANDARDIZE('DATA-Match'!N67,'DATA-Match'!N$79,'DATA-Match'!N$80) -> 0.019505138 | P67: 1951 | Q67: =STANDARDIZE('DATA-Match'!Q67,'DATA-Match'!Q$79,'DATA-Match'!Q$80) -> 0.28133382 | R67: =STANDARDIZE('DATA-Match'!R67,'DATA-Match'!R$79,'DATA-Match'!R$80) -> 1.9143222 | S67: =STANDARDIZE('DATA-Match'!S67,'DATA-Match'!S$79,'DATA-Match'!S$80) -> 1.8429007 | U67: 1951 | V67: =STANDARDIZE('DATA-Match'!V67,'DATA-Match'!V$79,'DATA-Match'!V$80) -> -1.2206412 | W67: =STANDARDIZE('DATA-Match'!W67,'DATA-Match'!W$79,'DATA-Match'!W$80) -> 1.3848751 | X67: =STANDARDIZE('DATA-Match'!X67,'DATA-Match'!X$79,'DATA-Match'!X$80) -> -0.13420437 | Z67: 1951 | AA67: =STANDARDIZE('DATA-Match'!AA67,'DATA-Match'!AA$79,'DATA-Match'!AA$80) -> 0.12172703 | AB67: =STANDARDIZE('DATA-Match'!AB67,'DATA-Match'!AB$79,'DATA-Match'!AB$80) -> 0.92489806 | AC67: =STANDARDIZE('DATA-Match'!AC67,'DATA-Match'!AC$79,'DATA-Match'!AC$80) -> 0.84680259
P68: 1950 | Q68: =STANDARDIZE('DATA-Match'!Q68,'DATA-Match'!Q$79,'DATA-Match'!Q$80) -> 1.0553863 | R68: =STANDARDIZE('DATA-Match'!R68,'DATA-Match'!R$79,'DATA-Match'!R$80) -> 0.18976921 | S68: =STANDARDIZE('DATA-Match'!S68,'DATA-Match'!S$79,'DATA-Match'!S$80) -> 0.79877268 | Z68: 1950 | AA68: =STANDARDIZE('DATA-Match'!AA68,'DATA-Match'!AA$79,'DATA-Match'!AA$80) -> 2.5965106 | AB68: =STANDARDIZE('DATA-Match'!AB68,'DATA-Match'!AB$79,'DATA-Match'!AB$80) -> -0.67388523 | AC68: =STANDARDIZE('DATA-Match'!AC68,'DATA-Match'!AC$79,'DATA-Match'!AC$80) -> 1.2482246
P69: 1949 | Q69: =STANDARDIZE('DATA-Match'!Q69,'DATA-Match'!Q$79,'DATA-Match'!Q$80) -> 1.8920462 | R69: =STANDARDIZE('DATA-Match'!R69,'DATA-Match'!R$79,'DATA-Match'!R$80) -> 0.97387931 | S69: =STANDARDIZE('DATA-Match'!S69,'DATA-Match'!S$79,'DATA-Match'!S$80) -> 2.0646162 | Z69: 1949 | AA69: =STANDARDIZE('DATA-Match'!AA69,'DATA-Match'!AA$79,'DATA-Match'!AA$80) -> 4.0063448 | AB69: =STANDARDIZE('DATA-Match'!AB69,'DATA-Match'!AB$79,'DATA-Match'!AB$80) -> 0.58012717 | AC69: =STANDARDIZE('DATA-Match'!AC69,'DATA-Match'!AC$79,'DATA-Match'!AC$80) -> 3.7214656
P70: 1948 | Q70: =STANDARDIZE('DATA-Match'!Q70,'DATA-Match'!Q$79,'DATA-Match'!Q$80) -> 0.70181802 | R70: =STANDARDIZE('DATA-Match'!R70,'DATA-Match'!R$79,'DATA-Match'!R$80) -> 1.2876151 | S70: =STANDARDIZE('DATA-Match'!S70,'DATA-Match'!S$79,'DATA-Match'!S$80) -> 1.0930655 | Z70: 1948 | AA70: =STANDARDIZE('DATA-Match'!AA70,'DATA-Match'!AA$79,'DATA-Match'!AA$80) -> 2.0007217 | AB70: =STANDARDIZE('DATA-Match'!AB70,'DATA-Match'!AB$79,'DATA-Match'!AB$80) -> 1.0818788 | AC70: =STANDARDIZE('DATA-Match'!AC70,'DATA-Match'!AC$79,'DATA-Match'!AC$80) -> 1.8232223
P71: 1947 | Q71: =STANDARDIZE('DATA-Match'!Q71,'DATA-Match'!Q$79,'DATA-Match'!Q$80) -> 1.1400862 | R71: =STANDARDIZE('DATA-Match'!R71,'DATA-Match'!R$79,'DATA-Match'!R$80) -> 2.8546121 | S71: =STANDARDIZE('DATA-Match'!S71,'DATA-Match'!S$79,'DATA-Match'!S$80) -> 3.540105 | Z71: 1947 | AA71: =STANDARDIZE('DATA-Match'!AA71,'DATA-Match'!AA$79,'DATA-Match'!AA$80) -> 2.7392362 | AB71: =STANDARDIZE('DATA-Match'!AB71,'DATA-Match'!AB$79,'DATA-Match'!AB$80) -> 3.5879475 | AC71: =STANDARDIZE('DATA-Match'!AC71,'DATA-Match'!AC$79,'DATA-Match'!AC$80) -> 6.6043173
P72: 1946 | Q72: =STANDARDIZE('DATA-Match'!Q72,'DATA-Match'!Q$79,'DATA-Match'!Q$80) -> 0.92687891 | R72: =STANDARDIZE('DATA-Match'!R72,'DATA-Match'!R$79,'DATA-Match'!R$80) -> 0.97372642 | S72: =STANDARDIZE('DATA-Match'!S72,'DATA-Match'!S$79,'DATA-Match'!S$80) -> 1.4642325 | Z72: 1946 | AA72: =STANDARDIZE('DATA-Match'!AA72,'DATA-Match'!AA$79,'DATA-Match'!AA$80) -> 2.379966 | AB72: =STANDARDIZE('DATA-Match'!AB72,'DATA-Match'!AB$79,'DATA-Match'!AB$80) -> 0.57988266 | AC72: =STANDARDIZE('DATA-Match'!AC72,'DATA-Match'!AC$79,'DATA-Match'!AC$80) -> 2.5484189
P73: 1945 | Q73: =STANDARDIZE('DATA-Match'!Q73,'DATA-Match'!Q$79,'DATA-Match'!Q$80) -> 2.8205585 | R73: =STANDARDIZE('DATA-Match'!R73,'DATA-Match'!R$79,'DATA-Match'!R$80) -> 0.65999064 | S73: =STANDARDIZE('DATA-Match'!S73,'DATA-Match'!S$79,'DATA-Match'!S$80) -> 2.7577293 | Z73: 1945 | AA73: =STANDARDIZE('DATA-Match'!AA73,'DATA-Match'!AA$79,'DATA-Match'!AA$80) -> 5.5709572 | AB73: =STANDARDIZE('DATA-Match'!AB73,'DATA-Match'!AB$79,'DATA-Match'!AB$80) -> 0.078130983 | AC73: =STANDARDIZE('DATA-Match'!AC73,'DATA-Match'!AC$79,'DATA-Match'!AC$80) -> 5.0756895
P74: 1944 | Q74: =STANDARDIZE('DATA-Match'!Q74,'DATA-Match'!Q$79,'DATA-Match'!Q$80) -> 0.63957941 | R74: =STANDARDIZE('DATA-Match'!R74,'DATA-Match'!R$79,'DATA-Match'!R$80) -> 2.6998083 | S74: =STANDARDIZE('DATA-Match'!S74,'DATA-Match'!S$79,'DATA-Match'!S$80) -> 2.8489703 | Z74: 1944 | AA74: =STANDARDIZE('DATA-Match'!AA74,'DATA-Match'!AA$79,'DATA-Match'!AA$80) -> 1.895845 | AB74: =STANDARDIZE('DATA-Match'!AB74,'DATA-Match'!AB$79,'DATA-Match'!AB$80) -> 3.3403727 | AC74: =STANDARDIZE('DATA-Match'!AC74,'DATA-Match'!AC$79,'DATA-Match'!AC$80) -> 5.2539589
P75: 1943 | Q75: =STANDARDIZE('DATA-Match'!Q75,'DATA-Match'!Q$79,'DATA-Match'!Q$80) -> -0.11657503 | R75: =STANDARDIZE('DATA-Match'!R75,'DATA-Match'!R$79,'DATA-Match'!R$80) -> 0.81831101 | S75: =STANDARDIZE('DATA-Match'!S75,'DATA-Match'!S$79,'DATA-Match'!S$80) -> 0.61231054 | Z75: 1943 | AA75: =STANDARDIZE('DATA-Match'!AA75,'DATA-Match'!AA$79,'DATA-Match'!AA$80) -> 0.62166838 | AB75: =STANDARDIZE('DATA-Match'!AB75,'DATA-Match'!AB$79,'DATA-Match'!AB$80) -> 0.33132974 | AC75: =STANDARDIZE('DATA-Match'!AC75,'DATA-Match'!AC$79,'DATA-Match'!AC$80) -> 0.88390962
P76: 1942 | Q76: =STANDARDIZE('DATA-Match'!Q76,'DATA-Match'!Q$79,'DATA-Match'!Q$80) -> 1.3991566 | R76: =STANDARDIZE('DATA-Match'!R76,'DATA-Match'!R$79,'DATA-Match'!R$80) -> -0.12243763 | S76: =STANDARDIZE('DATA-Match'!S76,'DATA-Match'!S$79,'DATA-Match'!S$80) -> 0.74329649 | Z76: 1942 | AA76: =STANDARDIZE('DATA-Match'!AA76,'DATA-Match'!AA$79,'DATA-Match'!AA$80) -> 3.1757891 | AB76: =STANDARDIZE('DATA-Match'!AB76,'DATA-Match'!AB$79,'DATA-Match'!AB$80) -> -1.1731917 | AC76: =STANDARDIZE('DATA-Match'!AC76,'DATA-Match'!AC$79,'DATA-Match'!AC$80) -> 1.1398337
F79: PROMEDIO | G79: =AVERAGE(G3:G36) -> 3.2653618e-16 | H79: =AVERAGE(H3:H36) -> -1.1755303e-16 | I79: =AVERAGE(I3:I36) -> -2.5469822e-16 | K79: PROMEDIO | L79: =AVERAGE(L3:L68) -> -5.738999e-16 | M79: =AVERAGE(M3:M68) -> -9.9749269e-16 | N79: =AVERAGE(N3:N68) -> 1.0435029e-15 | P79: PROMEDIO | Q79: =AVERAGE(Q3:Q67) -> 8.4547753e-17 | R79: =AVERAGE(R3:R67) -> -6.9346238e-16 | S79: =AVERAGE(S3:S67) -> 8.8134628e-16 | U79: PROMEDIO | V79: =AVERAGE(V3:V68) -> -2.6474549e-15 | W79: =AVERAGE(W3:W68) -> -2.7089442e-15 | X79: =AVERAGE(X3:X68) -> 3.4886624e-16 | Z79: PROMEDIO | AA79: =AVERAGE(AA3:AA67) -> 2.4217807e-15 | AB79: =AVERAGE(AB3:AB67) -> 1.0794784e-15 | AC79: =AVERAGE(AC3:AC67) -> 4.8166599e-15
F80: DE | G80: =_xlfn.STDEV.S(G3:G36) -> 1 | H80: =_xlfn.STDEV.S(H3:H36) -> 1 | I80: =_xlfn.STDEV.S(I3:I36) -> 1 | K80: DE | L80: =_xlfn.STDEV.S(L3:L68) -> 1 | M80: =_xlfn.STDEV.S(M3:M68) -> 1 | N80: =_xlfn.STDEV.S(N3:N68) -> 1 | P80: DE | Q80: =_xlfn.STDEV.S(Q3:Q67) -> 1 | R80: =_xlfn.STDEV.S(R3:R67) -> 1 | S80: =_xlfn.STDEV.S(S3:S67) -> 1 | U80: DE | V80: =_xlfn.STDEV.S(V3:V68) -> 1 | W80: =_xlfn.STDEV.S(W3:W68) -> 1 | X80: =_xlfn.STDEV.S(X3:X68) -> 1 | Z80: DE | AA80: =_xlfn.STDEV.S(AA3:AA67) -> 1 | AB80: =_xlfn.STDEV.S(AB3:AB67) -> 1 | AC80: =_xlfn.STDEV.S(AC3:AC67) -> 1

Sheet MonthlyRates
A3: VAR1 | F3: VAR2_Mensual | K3: VAR3_Mensual | P3: VAR4_Mensual | U3: Promedio_mensual | Y3: VAR2_Mensual_stda | AD3: VAR3_Mensual_stda | AI3: VAR4_Mensual_stda | AN3: stda | AR3: VAR2_Mensual_stda_clim | AW3: VAR3_Mensual_stda_clim | BB3: VAR4_Mensual_stda_clim | BG3: stda_clim
A4: Año.m | B4: Densidad | C4: Extension | D4: Calcificacion | F4: año-m | G4: Densidad | H4: Extension | I4: Calcificacion | K4: año-m | L4: Densidad | M4: Extension | N4: Calcificacion | P4: año-m | Q4: Densidad | R4: Extension | S4: Calcificacion | U4: Densidad | V4: Extension | W4: Calcificacion | Y4: año-m | Z4: Densidad | AA4: Extension | AB4: Calcificacion | AD4: año-m | AE4: Densidad | AF4: Extension | AG4: Calcificacion | AI4: año-m | AJ4: Densidad | AK4: Extension | AL4: Calcificacion | AN4: Densidad | AO4: Extension | AP4: Calcificacion | AR4: año-m | AS4: Densidad | AT4: Extension | AU4: Calcificacion | AW4: año-m | AX4: Densidad | AY4: Extension | AZ4: Calcificacion | BB4: año-m | BC4: Densidad | BD4: Extension | BE4: Calcificacion | BG4: Densidad | BH4: Extension | BI4: Calcificacion
A5: 2015.9167 | B5: 0.68516075 | C5: 0.076 | D5: 0.052072217 | F5: 2015.9167 | G5: 0.57151088 | H5: 0.09225 | I5: 0.052053756 | K5: 2015.9167 | L5: 0.76043938 | M5: 0.061515 | N5: 0.046778428 | P5: 2015.9167 | Q5: 0.56952502 | R5: 0.0719 | S5: 0.034491262 | U5: =AVERAGE(Q5,L5,G5) -> 0.63382509 | V5: =AVERAGE(R5,M5,H5) -> 0.075221667 | W5: =AVERAGE(S5,N5,I5) -> 0.044441149 | Y5: 2015.9167 | Z5: -0.94024598 | AA5: -0.18830137 | AB5: -0.53220859 | AD5: 2015.9167 | AE5: -0.2905331 | AF5: -0.68622224 | AG5: -0.50601336 | AI5: 2015.9167 | AJ5: -1.1525977 | AK5: -0.61478206 | AL5: -0.84120111 | AN5: =AVERAGE(AJ5,AE5,Z5) -> -0.79445892 | AO5: =AVERAGE(AK5,AF5,AA5) -> -0.49643522 | AP5: =AVERAGE(AL5,AG5,AB5) -> -0.62647435 | AR5: 2015.9167 | AS5: -0.69302679 | AT5: 0.68444756 | AU5: -0.029604165 | AW5: 2015.9167 | AX5: -0.057235027 | AY5: -0.51751295 | AZ5: -0.17783884 | BB5: 2015.9167 | BC5: -0.92137914 | BD5: -0.44318112 | BE5: -0.6356734 | BG5: =AVERAGE(BC5,AX5,AS5) -> -0.55721365 | BH5: =AVERAGE(BD5,AY5,AT5) -> -0.092082172 | BI5: =AVERAGE(BE5,AZ5,AU5) -> -0.2810388
A6: 2015.8333 | B6: 0.64420237 | C6: 0.076 | D6: 0.04895938 | F6: 2015.8333 | G6: 0.56439942 | H6: 0.0615 | I6: 0.034710564 | K6: 2015.8333 | L6: 0.81150974 | M6: 0.061515 | N6: 0.049920022 | P6: 2015.8333 | Q6: 0.6530477 | R6: 0.0958 | S6: 0.028742225 | U6: =AVERAGE(Q6,L6,G6) -> 0.67631896 | V6: =AVERAGE(R6,M6,H6) -> 0.072938333 | W6: =AVERAGE(S6,N6,I6) -> 0.037790937 | Y6: 2015.8333 | Z6: -0.98147875 | AA6: -0.78876453 | AB6: -0.93134895 | AD6: 2015.8333 | AE6: 0.013374221 | AF6: -0.68622224 | AG6: -0.38655486 | AI6: 2015.8333 | AJ6: -0.4401306 | AK6: -0.045244348 | AL6: -1.305826 | AN6: =AVERAGE(AJ6,AE6,Z6) -> -0.46941171 | AO6: =AVERAGE(AK6,AF6,AA6) -> -0.50674371 | AP6: =AVERAGE(AL6,AG6,AB6) -> -0.87457661 | AR6: 2015.8333 | AS6: -0.54306755 | AT6: -0.28549293 | AU6: -0.69294043 | AW6: 2015.8333 | AX6: 0.15280226 | AY6: -0.19138401 | AZ6: 0.10207275 | BB6: 2015.8333 | BC6: -0.21343236 | BD6: 0.77503763 | BE6: -0.69034268 | BG6: =AVERAGE(BC6,AX6,AS6) -> -0.20123255 | BH6: =AVERAGE(BD6,AY6,AT6) -> 0.099386896 | BI6: =AVERAGE(BE6,AZ6,AU6) -> -0.42707012
A7: 2015.75 | B7: 0.61752516 | C7: 0.0608 | D7: 0.03754553 | F7: 2015.75 | G7: 0.60291224 | H7: 0.09225 | I7: 0.054637506 | K7: 2015.75 | L7: 0.86613492 | M7: 0.061515 | N7: 0.05328029 | P7: 2015.75 | Q7: 0.69733836 | R7: 0.09585 | S7: 0.038574587 | U7: =AVERAGE(Q7,L7,G7) -> 0.72212851 | V7: =AVERAGE(R7,M7,H7) -> 0.083205 | W7: =AVERAGE(S7,N7,I7) -> 0.048830794 | Y7: 2015.75 | Z7: -0.75817851 | AA7: -0.18830137 | AB7: -0.47274556 | AD7: 2015.75 | AE7: 0.33843536 | AF7: -0.68622224 | AG7: -0.25878131 | AI7: 2015.75 | AJ7: -0.74203281 | AK7: -0.044052847 | AL7: -0.51119551 | AN7: =AVERAGE(AJ7,AE7,Z7) -> -0.38725866 | AO7: =AVERAGE(AK7,AF7,AA7) -> -0.30619215 | AP7: =AVERAGE(AL7,AG7,AB7) -> -0.41424079 | AR7: 2015.75 | AS7: -0.99981621 | AT7: 0.89414149 | AU7: -0.080285224 | AW7: 2015.75 | AX7: 0.44952977 | AY7: -0.656467 | AZ7: -0.071894194 | BB7: 2015.75 | BC7: -0.78953218 | BD7: 0.36965282 | BE7: -0.69793613 | BG7: =AVERAGE(BC7,AX7,AS7) -> -0.44660621 | BH7: =AVERAGE(BD7,AY7,AT7) -> 0.20244244 | BI7: =AVERAGE(BE7,AZ7,AU7) -> -0.28337185
A8: 2015.6667 | B8: 0.61419012 | C8: 0.076 | D8: 0.046678449 | F8: 2015.6667 | G8: 0.5777621 | H8: 0.0615 | I8: 0.035532369 | K8: 2015.6667 | L8: 0.97659653 | M8: 0.061515 | N8: 0.060075335 | P8: 2015.6667 | Q8: 0.66466493 | R8: 0.0719 | S8: 0.041685377 | U8: =AVERAGE(Q8,L8,G8) -> 0.73967452 | V8: =AVERAGE(R8,M8,H8) -> 0.064971667 | W8: =AVERAGE(S8,N8,I8) -> 0.04576436 | Y8: 2015.6667 | Z8: -0.90400091 | AA8: -0.78876453 | AB8: -0.91243574 | AD8: 2015.6667 | AE8: 0.99576549 | AF8: -0.68622224 | AG8: -0.00040099282 | AI8: 2015.6667 | AJ8: -0.54765267 | AK8: -0.61478206 | AL8: -0.25978815 | AN8: =AVERAGE(AJ8,AE8,Z8) -> -0.1519627 | AO8: =AVERAGE(AK8,AF8,AA8) -> -0.69658961 | AP8: =AVERAGE(AL8,AG8,AB8) -> -0.39087496 | AR8: 2015.6667 | AS8: -0.63544634 | AT8: -0.32631335 | AU8: -0.76512433 | AW8: 2015.6667 | AX8: 0.53312346 | AY8: -0.23837245 | AZ8: 0.51776974 | BB8: 2015.6667 | BC8: -0.75065072 | BD8: 0.00077097787 | BE8: -0.18716555 | BG8: =AVERAGE(BC8,AX8,AS8) -> -0.28432453 | BH8: =AVERAGE(BD8,AY8,AT8) -> -0.18797161 | BI8: =AVERAGE(BE8,AZ8,AU8) -> -0.14484005
A9: 2015.5833 | B9: 0.49883694 | C9: 0.076 | D9: 0.037911608 | F9: 2015.5833 | G9: 0.62929662 | H9: 0.09225 | I9: 0.05652964 | K9: 2015.5833 | L9: 1.1112119 | M9: 0.061515 | N9: 0.0683562 | P9: 2015.5833 | Q9: 0.606223 | R9: 0.09585 | S9: 0.047057817 | U9: =AVERAGE(Q9,L9,G9) -> 0.78224384 | V9: =AVERAGE(R9,M9,H9) -> 0.083205 | W9: =AVERAGE(S9,N9,I9) -> 0.057314552 | Y9: 2015.5833 | Z9: -0.60519985 | AA9: -0.18830137 | AB9: -0.42919953 | AD9: 2015.5833 | AE9: 1.7968288 | AF9: -0.68622224 | AG9: 0.3144773 | AI9: 2015.5833 | AJ9: -0.14158529 | AK9: -0.044052847 | AL9: 0.17440098 | AN9: =AVERAGE(AJ9,AE9,Z9) -> 0.35001455 | AO9: =AVERAGE(AK9,AF9,AA9) -> -0.30619215 | AP9: =AVERAGE(AL9,AG9,AB9) -> 0.019892918 | AR9: 2015.5833 | AS9: -1.1081506 | AT9: 0.98806436 | AU9: -0.19968377 | AW9: 2015.5833 | AX9: 1.7673256 | AY9: -0.53553373 | AZ9: 1.3861066 | BB9: 2015.5833 | BC9: -0.66865317 | BD9: 0.77441335 | BE9: -0.4898066 | BG9: =AVERAGE(BC9,AX9,AS9) -> -0.0031593783 | BH9: =AVERAGE(BD9,AY9,AT9) -> 0.40898133 | BI9: =AVERAGE(BE9,AZ9,AU9) -> 0.23220541
A10: 2015.5 | B10: 0.63175884 | C10: 0.0608 | D10: 0.038410937 | F10: 2015.5 | G10: 0.5812781 | H10: 0.0615 | I10: 0.035748603 | K10: 2015.5 | L10: 1.264018 | M10: 0.061515 | N10: 0.077756066 | P10: 2015.5 | Q10: 0.56815753 | R10: 0.0479 | S10: 0.031766619 | U10: =AVERAGE(Q10,L10,G10) -> 0.80448453 | V10: =AVERAGE(R10,M10,H10) -> 0.056971667 | W10: =AVERAGE(S10,N10,I10) -> 0.048423763 | Y10: 2015.5 | Z10: -0.8836149 | AA10: -0.78876453 | AB10: -0.90745928 | AD10: 2015.5 | AE10: 2.7061406 | AF10: -0.68622224 | AG10: 0.67190543 | AI10: 2015.5 | AJ10: -0.028438887 | AK10: -1.1867028 | AL10: -1.0614009 | AN10: =AVERAGE(AJ10,AE10,Z10) -> 0.59802893 | AO10: =AVERAGE(AK10,AF10,AA10) -> -0.88722985 | AP10: =AVERAGE(AL10,AG10,AB10) -> -0.43231827 | AR10: 2015.5 | AS10: -0.60784888 | AT10: -0.023130098 | AU10: -0.6131537 | AW10: 2015.5 | AX10: 0.86354084 | AY10: -0.10780242 | AZ10: 0.86388755 | BB10: 2015.5 | BC10: -0.4042994 | BD10: -0.38248369 | BE10: -0.56436259 | BG10: =AVERAGE(BC10,AX10,AS10) -> -0.049535814 | BH10: =AVERAGE(BD10,AY10,AT10) -> -0.17113873 | BI10: =AVERAGE(BE10,AZ10,AU10) -> -0.10454291
A11: 2015.4167 | B11: 0.56872467 | C11: 0.2128 | D11: 0.12102461 | F11: 2015.4167 | G11: 0.65330891 | H11: 0.09225 | I11: 0.062454276 | K11: 2015.4167 | L11: 1.4316065 | M11: 0.09228 | N11: 0.13192326 | P11: 2015.4167 | Q11: 0.51481286 | R11: 0.1438 | S11: 0.049395597 | U11: =AVERAGE(Q11,L11,G11) -> 0.86657608 | V11: =AVERAGE(R11,M11,H11) -> 0.10944333 | W11: =AVERAGE(S11,N11,I11) -> 0.081257711 | Y11: 2015.4167 | Z11: -0.46597478 | AA11: -0.18830137 | AB11: -0.29284853 | AD11: 2015.4167 | AE11: 3.7034189 | AF11: 0.067241855 | AG11: 2.7316027 | AI11: 2015.4167 | AJ11: 0.087723561 | AK11: 1.0985971 | AL11: 0.3633354 | AN11: =AVERAGE(AJ11,AE11,Z11) -> 1.1083892 | AO11: =AVERAGE(AK11,AF11,AA11) -> 0.32584585 | AP11: =AVERAGE(AL11,AG11,AB11) -> 0.93402984 | AR11: 2015.4167 | AS11: -1.0461352 | AT11: -1.6914044 | AU11: -1.6121258 | AW11: 2015.4167 | AX11: 3.2950191 | AY11: -1.0193183 | AZ11: 1.224456 | BB11: 2015.4167 | BC11: -0.65430474 | BD11: -0.34899241 | BE11: -0.56613582 | BG11: =AVERAGE(BC11,AX11,AS11) -> 0.5315264 | BH11: =AVERAGE(BD11,AY11,AT11) -> -1.019905 | BI11: =AVERAGE(BE11,AZ11,AU11) -> -0.31793519
A12: 2015.3333 | B12: 0.66884489 | C12: 0.2128 | D12: 0.14233019 | F12: 2015.3333 | G12: 0.63596286 | H12: 0.09225 | I12: 0.060830498 | K12: 2015.3333 | L12: 1.3849358 | M12: 0.061515 | N12: 0.085193895 | P12: 2015.3333 | Q12: 0.47438404 | R12: 0.09585 | S12: 0.041787872 | U12: =AVERAGE(Q12,L12,G12) -> 0.83176089 | V12: =AVERAGE(R12,M12,H12) -> 0.083205 | W12: =AVERAGE(S12,N12,I12) -> 0.062604088 | Y12: 2015.3333 | Z12: -0.5665485 | AA12: -0.18830137 | AB12: -0.33021856 | AD12: 2015.3333 | AE12: 3.425693 | AF12: -0.68622224 | AG12: 0.95472748 | AI12: 2015.3333 | AJ12: -0.56418894 | AK12: -0.044052847 | AL12: -0.25150471 | AN12: =AVERAGE(AJ12,AE12,Z12) -> 0.76498519 | AO12: =AVERAGE(AK12,AF12,AA12) -> -0.30619215 | AP12: =AVERAGE(AL12,AG12,AB12) -> 0.12433474 | AR12: 2015.3333 | AS12: -0.78054264 | AT12: -1.2318356 | AU12: -1.2889777 | AW12: 2015.3333 | AX12: 3.1069018 | AY12: -1.2698574 | AZ12: 0.32375599 | BB12: 2015.3333 | BC12: -0.91016541 | BD12: -0.73634584 | BE12: -0.70479164 | BG12: =AVERAGE(BC12,AX12,AS12) -> 0.47206459 | BH12: =AVERAGE(BD12,AY12,AT12) -> -1.0793463 | BI12: =AVERAGE(BE12,AZ12,AU12) -> -0.5566711
A13: 2015.25 | B13: 0.64346527 | C13: 0.2128 | D13: 0.13692941 | F13: 2015.25 | G13: 0.61664108 | H13: 0.09225 | I13: 0.059029549 | K13: 2015.25 | L13: 1.3159036 | M13: 0.09228 | N13: 0.12018714 | P13: 2015.25 | Q13: 0.46963224 | R13: 0.09585 | S13: 0.036676698 | U13: =AVERAGE(Q13,L13,G13) -> 0.80072563 | V13: =AVERAGE(R13,M13,H13) -> 0.09346 | W13: =AVERAGE(S13,N13,I13) -> 0.071964461 | Y13: 2015.25 | Z13: -0.67857765 | AA13: -0.18830137 | AB13: -0.37166602 | AD13: 2015.25 | AE13: 3.0148991 | AF13: 0.067241855 | AG13: 2.2853388 | AI13: 2015.25 | AJ13: -1.0551777 | AK13: -0.044052847 | AL13: -0.66457888 | AN13: =AVERAGE(AJ13,AE13,Z13) -> 0.42704792 | AO13: =AVERAGE(AK13,AF13,AA13) -> -0.055037453 | AP13: =AVERAGE(AL13,AG13,AB13) -> 0.41636463 | AR13: 2015.25 | AS13: -0.64183446 | AT13: -1.4277404 | AU13: -1.3121304 | AW13: 2015.25 | AX13: 3.1197263 | AY13: -0.82026029 | AZ13: 1.1069267 | BB13: 2015.25 | BC13: -0.89885069 | BD13: -1.0548255 | BE13: -0.78252583 | BG13: =AVERAGE(BC13,AX13,AS13) -> 0.52634703 | BH13: =AVERAGE(BD13,AY13,AT13) -> -1.1009421 | BI13: =AVERAGE(BE13,AZ13,AU13) -> -0.32924317
A14: 2015.1667 | B14: 0.70462819 | C14: 0.2128 | D14: 0.14994488 | F14: 2015.1667 | G14: 0.60012378 | H14: 0.09225 | I14: 0.057556848 | K14: 2015.1667 | L14: 1.2360328 | M14: 0.06153 | N14: 0.0760531 | P14: 2015.1667 | Q14: 0.41816697 | R14: 0.09585 | S14: 0.034076982 | U14: =AVERAGE(Q14,L14,G14) -> 0.75144119 | V14: =AVERAGE(R14,M14,H14) -> 0.08321 | W14: =AVERAGE(S14,N14,I14) -> 0.055895643 | Y14: 2015.1667 | Z14: -0.77434617 | AA14: -0.18830137 | AB14: -0.40555911 | AD14: 2015.1667 | AE14: 2.5396078 | AF14: -0.68585488 | AG14: 0.60715047 | AI14: 2015.1667 | AJ14: -1.3323751 | AK14: -0.044052847 | AL14: -0.87468236 | AN14: =AVERAGE(AJ14,AE14,Z14) -> 0.14429549 | AO14: =AVERAGE(AK14,AF14,AA14) -> -0.3060697 | AP14: =AVERAGE(AL14,AG14,AB14) -> -0.22436367 | AR14: 2015.1667 | AS14: -0.45614124 | AT14: -1.1019061 | AU14: -1.0461528 | AW14: 2015.1667 | AX14: 2.6687881 | AY14: -1.1551089 | AZ14: 0.31413615 | BB14: 2015.1667 | BC14: -0.83125514 | BD14: -0.34847074 | BE14: -0.50388092 | BG14: =AVERAGE(BC14,AX14,AS14) -> 0.46046392 | BH14: =AVERAGE(BD14,AY14,AT14) -> -0.86849526 | BI14: =AVERAGE(BE14,AZ14,AU14) -> -0.41196587
A15: 2015.0833 | B15: 0.64314227 | C15: 0.0912 | D15: 0.058654575 | F15: 2015.0833 | G15: 0.58610327 | H15: 0.0615 | I15: 0.036045351 | K15: 2015.0833 | L15: 1.2654493 | M15: 0.061515 | N15: 0.077843571 | P15: 2015.0833 | Q15: 0.44839411 | R15: 0.09585 | S15: 0.032798425 | U15: =AVERAGE(Q15,L15,G15) -> 0.76664889 | V15: =AVERAGE(R15,M15,H15) -> 0.072955 | W15: =AVERAGE(S15,N15,I15) -> 0.048895783 | Y15: 2015.0833 | Z15: -0.85563816 | AA15: -0.78876453 | AB15: -0.90062984 | AD15: 2015.0833 | AE15: 2.7146581 | AF15: -0.68622224 | AG15: 0.67523281 | AI15: 2015.0833 | AJ15: -1.4645385 | AK15: -0.044052847 | AL15: -0.97801259 | AN15: =AVERAGE(AJ15,AE15,Z15) -> 0.13149381 | AO15: =AVERAGE(AK15,AF15,AA15) -> -0.50634654 | AP15: =AVERAGE(AL15,AG15,AB15) -> -0.40113654 | AR15: 2015.0833 | AS15: -0.42461595 | AT15: -0.93050162 | AU15: -0.93879027 | AW15: 2015.0833 | AX15: 3.2262894 | AY15: -0.87038485 | AZ15: 1.8155584 | BB15: 2015.0833 | BC15: -0.86777513 | BD15: -0.014615836 | BE15: -0.73743107 | BG15: =AVERAGE(BC15,AX15,AS15) -> 0.64463277 | BH15: =AVERAGE(BD15,AY15,AT15) -> -0.60516744 | BI15: =AVERAGE(BE15,AZ15,AU15) -> 0.046445692
A16: 2015 | B16: 0.61592095 | C16: 0.0912 | D16: 0.056171991 | F16: 2015 | G16: 0.59387747 | H16: 0.0615 | I16: 0.036523464 | K16: 2015 | L16: 1.2493151 | M16: 0.0615 | N16: 0.076832881 | P16: 2015 | Q16: 0.50111489 | R16: 0.0719 | S16: 0.033736399 | U16: =AVERAGE(Q16,L16,G16) -> 0.78143583 | V16: =AVERAGE(R16,M16,H16) -> 0.064966667 | W16: =AVERAGE(S16,N16,I16) -> 0.049030915 | Y16: 2015 | Z16: -0.81056277 | AA16: -0.78876453 | AB16: -0.88962643 | AD16: 2015 | AE16: 2.6186476 | AF16: -0.68658961 | AG16: 0.63680152 | AI16: 2015 | AJ16: -1.3786202 | AK16: -0.61478206 | AL16: -0.90220759 | AN16: =AVERAGE(AJ16,AE16,Z16) -> 0.14315488 | AO16: =AVERAGE(AK16,AF16,AA16) -> -0.69671206 | AP16: =AVERAGE(AL16,AG16,AB16) -> -0.38501083 | AR16: 2015 | AS16: -0.28641656 | AT16: -0.29853294 | AU16: -0.4910046 | AW16: 2015 | AX16: 2.2300327 | AY16: -0.22064426 | AZ16: 2.0748232 | BB16: 2015 | BC16: -0.6864825 | BD16: -0.093919209 | BE16: -0.25674837 | BG16: =AVERAGE(BC16,AX16,AS16) -> 0.41904456 | BH16: =AVERAGE(BD16,AY16,AT16) -> -0.20436547 | BI16: =AVERAGE(BE16,AZ16,AU16) -> 0.44235674
A17: 2014.9167 | B17: 0.63199034 | C17: 0.0912 | D17: 0.057637519 | F17: 2014.9167 | G17: 0.60531463 | H17: 0.0615 | I17: 0.03722685 | K17: 2014.9167 | L17: 1.2290205 | M17: 0.061515 | N17: 0.075603089 | P17: 2014.9167 | Q17: 0.6142998 | R17: 0.09585 | S17: 0.036445312 | U17: =AVERAGE(Q17,L17,G17) -> 0.81621164 | V17: =AVERAGE(R17,M17,H17) -> 0.072955 | W17: =AVERAGE(S17,N17,I17) -> 0.049758417 | Y17: 2014.9167 | Z17: -0.74424924 | AA17: -0.78876453 | AB17: -0.87343855 | AD17: 2014.9167 | AE17: 2.497879 | AF17: -0.68622224 | AG17: 0.59003892 | AI17: 2014.9167 | AJ17: -1.1388819 | AK17: -0.044052847 | AL17: -0.68327897 | AN17: =AVERAGE(AJ17,AE17,Z17) -> 0.20491597 | AO17: =AVERAGE(AK17,AF17,AA17) -> -0.50634654 | AP17: =AVERAGE(AL17,AG17,AB17) -> -0.3222262 | AR17: 2014.9167 | AS17: -0.48247346 | AT17: -0.68444756 | AU17: -0.78819663 | AW17: 2014.9167 | AX17: 2.4889758 | AY17: -0.51751295 | AZ17: 2.2295517 | BB17: 2014.9167 | BC17: -0.90452 | BD17: 0.88737235 | BE17: -0.44813409 | BG17: =AVERAGE(BC17,AX17,AS17) -> 0.36732746 | BH17: =AVERAGE(BD17,AY17,AT17) -> -0.10486272 | BI17: =AVERAGE(BE17,AZ17,AU17) -> 0.33107367
A18: 2014.8333 | B18: 0.67841986 | C18: 0.0912 | D18: 0.061871891 | F18: 2014.8333 | G18: 0.61704477 | H18: 0.0615 | I18: 0.037948253 | K18: 2014.8333 | P18: 2014.8333 | Q18: 0.72651466 | R18: 0.0479 | S18: 0.023965244 | U18: =AVERAGE(Q18,L18,G18) -> 0.67177971 | V18: =AVERAGE(R18,M18,H18) -> 0.0547 | W18: =AVERAGE(S18,N18,I18) -> 0.030956749 | Y18: 2014.8333 | Z18: -0.67623702 | AA18: -0.78876453 | AB18: -0.85683601 | AD18: 2014.8333 | AI18: 2014.8333 | AJ18: -1.0903909 | AK18: -1.1867028 | AL18: -1.6918914 | AN18: =AVERAGE(AJ18,AE18,Z18) -> -0.88331395 | AO18: =AVERAGE(AK18,AF18,AA18) -> -0.98773365 | AP18: =AVERAGE(AL18,AG18,AB18) -> -1.2743637 | AR18: 2014.8333 | AS18: -0.33430725 | AT18: -0.28549293 | AU18: -0.51837217 | AW18: 2014.8333 | BB18: 2014.8333 | BC18: -0.64558326 | BD18: -0.8603942 | BE18: -0.95645685 | BG18: =AVERAGE(BC18,AX18,AS18) -> -0.48994525 | BH18: =AVERAGE(BD18,AY18,AT18) -> -0.57294357 | BI18: =AVERAGE(BE18,AZ18,AU18) -> -0.73741451
A19: 2014.75 | B19: 0.68850186 | C19: 0.1064 | D19: 0.073256597 | F19: 2014.75 | G19: 0.6289336 | H19: 0.0615 | I19: 0.038679416 | K19: 2014.75 | L19: 1.2225573 | M19: 0.061515 | N19: 0.075205509 | P19: 2014.75 | Q19: 0.77373022 | R19: 0.09585 | S19: 0.04236914 | U19: =AVERAGE(Q19,L19,G19) -> 0.87507369 | V19: =AVERAGE(R19,M19,H19) -> 0.072955 | W19: =AVERAGE(S19,N19,I19) -> 0.052084688 | Y19: 2014.75 | Z19: -0.60730468 | AA19: -0.78876453 | AB19: -0.84000884 | AD19: 2014.75 | AE19: 2.459418 | AF19: -0.68622224 | AG19: 0.574921 | AI19: 2014.75 | AJ19: -0.53722364 | AK19: -0.044052847 | AL19: -0.20452788 | AN19: =AVERAGE(AJ19,AE19,Z19) -> 0.43829655 | AO19: =AVERAGE(AK19,AF19,AA19) -> -0.50634654 | AP19: =AVERAGE(AL19,AG19,AB19) -> -0.15653857 | AR19: 2014.75 | AS19: -0.81669741 | AT19: -0.67664761 | AU19: -0.88063 | AW19: 2014.75 | AX19: 2.8571712 | AY19: -0.656467 | AZ19: 1.6473599 | BB19: 2014.75 | BC19: -0.58548289 | BD19: 0.36965282 | BE19: -0.40934628 | BG19: =AVERAGE(BC19,AX19,AS19) -> 0.48499697 | BH19: =AVERAGE(BD19,AY19,AT19) -> -0.32115393 | BI19: =AVERAGE(BE19,AZ19,AU19) -> 0.11912786
A20: 2014.6667 | B20: 0.62470719 | C20: 0.0912 | D20: 0.056973296 | F20: 2014.6667 | G20: 0.65754291 | H20: 0.0615 | I20: 0.040438889 | K20: 2014.6667 | L20: 1.2220081 | M20: 0.0615 | N20: 0.0751535 | P20: 2014.6667 | Q20: 0.75123036 | R20: 0.0719 | S20: 0.047321065 | U20: =AVERAGE(Q20,L20,G20) -> 0.87692713 | V20: =AVERAGE(R20,M20,H20) -> 0.064966667 | W20: =AVERAGE(S20,N20,I20) -> 0.054304485 | Y20: 2014.6667 | Z20: -0.44142573 | AA20: -0.78876453 | AB20: -0.79951592 | AD20: 2014.6667 | AE20: 2.4561502 | AF20: -0.68658961 | AG20: 0.57294337 | AI20: 2014.6667 | AJ20: -0.070688764 | AK20: -0.61478206 | AL20: 0.19567616 | AN20: =AVERAGE(AJ20,AE20,Z20) -> 0.64801192 | AO20: =AVERAGE(AK20,AF20,AA20) -> -0.69671206 | AP20: =AVERAGE(AL20,AG20,AB20) -> -0.010298799 | AR20: 2014.6667 | AS20: -0.38336172 | AT20: -0.32631335 | AU20: -0.57457683 | AW20: 2014.6667 | AX20: 1.4372084 | AY20: -0.23903137 | AZ20: 1.4215693 | BB20: 2014.6667 | BC20: -0.3288878 | BD20: 0.00077097787 | BE20: 0.267212 | BG20: =AVERAGE(BC20,AX20,AS20) -> 0.24165295 | BH20: =AVERAGE(BD20,AY20,AT20) -> -0.18819125 | BI20: =AVERAGE(BE20,AZ20,AU20) -> 0.37140149
A21: 2014.5833 | B21: 0.70055476 | C21: 0.0912 | D21: 0.063890594 | F21: 2014.5833 | G21: 0.69042811 | H21: 0.0615 | I21: 0.042461329 | K21: 2014.5833 | L21: 1.2111238 | M21: 0.061515 | N21: 0.074502212 | P21: 2014.5833 | Q21: 0.71873146 | R21: 0.09585 | S21: 0.05100762 | U21: =AVERAGE(Q21,L21,G21) -> 0.8734278 | V21: =AVERAGE(R21,M21,H21) -> 0.072955 | W21: =AVERAGE(S21,N21,I21) -> 0.055990387 | Y21: 2014.5833 | Z21: -0.25075478 | AA21: -0.78876453 | AB21: -0.752971 | AD21: 2014.5833 | AE21: 2.3913805 | AF21: -0.68622224 | AG21: 0.54817826 | AI21: 2014.5833 | AJ21: 0.30500029 | AK21: -0.044052847 | AL21: 0.49361566 | AN21: =AVERAGE(AJ21,AE21,Z21) -> 0.81520866 | AO21: =AVERAGE(AK21,AF21,AA21) -> -0.50634654 | AP21: =AVERAGE(AL21,AG21,AB21) -> 0.096274307 | AR21: 2014.5833 | AS21: -0.74757754 | AT21: -0.65870958 | AU21: -0.818671 | AW21: 2014.5833 | AX21: 2.4319797 | AY21: -0.53553373 | AZ21: 1.9805103 | BB21: 2014.5833 | BC21: -0.26020006 | BD21: 0.77441335 | BE21: -0.20592303 | BG21: =AVERAGE(BC21,AX21,AS21) -> 0.47473405 | BH21: =AVERAGE(BD21,AY21,AT21) -> -0.13994332 | BI21: =AVERAGE(BE21,AZ21,AU21) -> 0.31863876
A22: 2014.5 | B22: 0.66004582 | C22: 0.0912 | D22: 0.060196179 | F22: 2014.5 | G22: 0.72515499 | H22: 0.0615 | I22: 0.044597032 | K22: 2014.5 | P22: 2014.5 | Q22: 0.68665355 | R22: 0.0479 | S22: 0.038422736 | U22: =AVERAGE(Q22,L22,G22) -> 0.70590427 | V22: =AVERAGE(R22,M22,H22) -> 0.0547 | W22: =AVERAGE(S22,N22,I22) -> 0.041509884 | Y22: 2014.5 | Z22: -0.049405739 | AA22: -0.78876453 | AB22: -0.70381943 | AD22: 2014.5 | AI22: 2014.5 | AJ22: 0.87761631 | AK22: -1.1867028 | AL22: -0.52346781 | AN22: =AVERAGE(AJ22,AE22,Z22) -> 0.41410528 | AO22: =AVERAGE(AK22,AF22,AA22) -> -0.98773365 | AP22: =AVERAGE(AL22,AG22,AB22) -> -0.61364362 | AR22: 2014.5 | AS22: -0.26287427 | AT22: -0.023130098 | AU22: -0.28070862 | AW22: 2014.5 | BB22: 2014.5 | BC22: 0.0059157411 | BD22: -0.38248369 | BE22: -0.22320447 | BG22: =AVERAGE(BC22,AX22,AS22) -> -0.12847927 | BH22: =AVERAGE(BD22,AY22,AT22) -> -0.20280689 | BI22: =AVERAGE(BE22,AZ22,AU22) -> -0.25195654
A23: 2014.4167 | B23: 0.65863837 | C23: 0.228 | D23: 0.15016955 | F23: 2014.4167 | G23: 0.7475141 | H23: 0.27675 | I23: 0.2101588 | K23: 2014.4167 | L23: 1.1917507 | M23: 0.18453 | N23: 0.10997282 | P23: 2014.4167 | Q23: 0.66014233 | R23: 0.16775 | S23: 0.05363447 | U23: =AVERAGE(Q23,L23,G23) -> 0.86646904 | V23: =AVERAGE(R23,M23,H23) -> 0.20967667 | W23: =AVERAGE(S23,N23,I23) -> 0.1245887 | Y23: 2014.4167 | Z23: 0.080234101 | AA23: 3.4144776 | AB23: 3.1064587 | AD23: 2014.4167 | AE23: 2.2760956 | AF23: 2.3265321 | AG23: 1.8969416 | AI23: 2014.4167 | AJ23: 0.63546891 | AK23: 1.6693263 | AL23: 0.70591201 | AN23: =AVERAGE(AJ23,AE23,Z23) -> 0.99726619 | AO23: =AVERAGE(AK23,AF23,AA23) -> 2.470112 | AP23: =AVERAGE(AL23,AG23,AB23) -> 1.9031041 | AR23: 2014.4167 | AS23: -0.51324338 | AT23: 2.3064606 | AU23: 1.3018781 | AW23: 2014.4167 | AX23: 1.8629062 | AY23: 0.88205666 | AZ23: 0.61595716 | BB23: 2014.4167 | BC23: -0.081953521 | BD23: 0.21308645 | BE23: -0.19493156 | BG23: =AVERAGE(BC23,AX23,AS23) -> 0.42256976 | BH23: =AVERAGE(BD23,AY23,AT23) -> 1.1338679 | BI23: =AVERAGE(BE23,AZ23,AU23) -> 0.57430122
A24: 2014.3333 | B24: 0.62495722 | C24: 0.228 | D24: 0.14249025 | F24: 2014.3333 | G24: 0.68560179 | H24: 0.27675 | I24: 0.19792142 | K24: 2014.3333 | L24: 1.1142249 | M24: 0.153765 | N24: 0.068542494 | P24: 2014.3333 | Q24: 0.64070323 | R24: 0.1438 | S24: 0.049424614 | U24: =AVERAGE(Q24,L24,G24) -> 0.81350998 | V24: =AVERAGE(R24,M24,H24) -> 0.19143833 | W24: =AVERAGE(S24,N24,I24) -> 0.10529618 | Y24: 2014.3333 | Z24: -0.27873816 | AA24: 3.4144776 | AB24: 2.8248247 | AD24: 2014.3333 | AE24: 1.8147585 | AF24: 1.573068 | AG24: 0.32156113 | AI24: 2014.3333 | AJ24: 0.22915501 | AK24: 1.0985971 | AL24: 0.36568044 | AN24: =AVERAGE(AJ24,AE24,Z24) -> 0.5883918 | AO24: =AVERAGE(AK24,AF24,AA24) -> 2.0287142 | AP24: =AVERAGE(AL24,AG24,AB24) -> 1.1706888 | AR24: 2014.3333 | AS24: -0.45587771 | AT24: 2.4076787 | AU24: 1.9708022 | AW24: 2014.3333 | AX24: 1.575706 | AY24: 0.72904994 | AZ24: -0.13113995 | BB24: 2014.3333 | BC24: -0.0072007535 | BD24: 0.38139101 | BE24: -0.01527507 | BG24: =AVERAGE(BC24,AX24,AS24) -> 0.37087586 | BH24: =AVERAGE(BD24,AY24,AT24) -> 1.1727065 | BI24: =AVERAGE(BE24,AZ24,AU24) -> 0.60812906
A25: 2014.25 | B25: 0.76493761 | C25: 0.228 | D25: 0.17440577 | F25: 2014.25 | G25: 0.62698742 | H25: 0.246 | I25: 0.15934473 | K25: 2014.25 | L25: 0.93299183 | M25: 0.153765 | N25: 0.057395926 | P25: 2014.25 | Q25: 0.62601608 | R25: 0.1438 | S25: 0.045369992 | U25: =AVERAGE(Q25,L25,G25) -> 0.72866511 | V25: =AVERAGE(R25,M25,H25) -> 0.18118833 | W25: =AVERAGE(S25,N25,I25) -> 0.087370216 | Y25: 2014.25 | Z25: -0.61858874 | AA25: 2.8140144 | AB25: 1.9370116 | AD25: 2014.25 | AE25: 0.73628458 | AF25: 1.573068 | AG25: -0.10228504 | AI25: 2014.25 | AJ25: -0.1116606 | AK25: 1.0985971 | AL25: 0.037994565 | AN25: =AVERAGE(AJ25,AE25,Z25) -> 0.0020117456 | AO25: =AVERAGE(AK25,AF25,AA25) -> 1.8285598 | AP25: =AVERAGE(AL25,AG25,AB25) -> 0.62424036 | AR25: 2014.25 | AS25: -0.56878822 | AT25: 1.9841392 | AU25: 1.218155 | AW25: 2014.25 | AX25: 0.80410657 | AY25: 0.55886311 | AZ25: -0.53339772 | BB25: 2014.25 | BC25: 0.17121931 | BD25: 0.033388825 | BE25: 0.060845454 | BG25: =AVERAGE(BC25,AX25,AS25) -> 0.13551255 | BH25: =AVERAGE(BD25,AY25,AT25) -> 0.85879705 | BI25: =AVERAGE(BE25,AZ25,AU25) -> 0.24853423
A26: 2014.1667 | B26: 0.76138876 | C26: 0.228 | D26: 0.17359664 | F26: 2014.1667 | G26: 0.5668042 | H26: 0.246 | I26: 0.14349446 | K26: 2014.1667 | L26: 0.8156532 | M26: 0.123015 | N26: 0.050178798 | P26: 2014.1667 | Q26: 0.69083256 | R26: 0.09585 | S26: 0.043272103 | U26: =AVERAGE(Q26,L26,G26) -> 0.69109665 | V26: =AVERAGE(R26,M26,H26) -> 0.154955 | W26: =AVERAGE(S26,N26,I26) -> 0.078981788 | Y26: 2014.1667 | Z26: -0.96753564 | AA26: 2.8140144 | AB26: 1.5722297 | AD26: 2014.1667 | AE26: 0.038030932 | AF26: 0.81997122 | AG26: -0.37671495 | AI26: 2014.1667 | AJ26: -0.27908575 | AK26: -0.044052847 | AL26: -0.13155229 | AN26: =AVERAGE(AJ26,AE26,Z26) -> -0.40286348 | AO26: =AVERAGE(AK26,AF26,AA26) -> 1.1966443 | AP26: =AVERAGE(AL26,AG26,AB26) -> 0.35465415 | AR26: 2014.1667 | AS26: -0.67188086 | AT26: 2.0747602 | AU26: 1.1675388 | AW26: 2014.1667 | AX26: 0.21678447 | AY26: 0.19080318 | AZ26: -0.46363947 | BB26: 2014.1667 | BC26: 0.32845276 | BD26: -0.34847074 | BE26: 0.34693559 | BG26: =AVERAGE(BC26,AX26,AS26) -> -0.042214542 | BH26: =AVERAGE(BD26,AY26,AT26) -> 0.63903088 | BI26: =AVERAGE(BE26,AZ26,AU26) -> 0.35027831
A27: 2014.0833 | B27: 0.7006854 | C27: 0.076 | D27: 0.05325209 | F27: 2014.0833 | G27: 0.53626683 | H27: 0.09225 | I27: 0.047925723 | K27: 2014.0833 | L27: 0.75687748 | M27: 0.09228 | N27: 0.077332799 | P27: 2014.0833 | Q27: 0.6218824 | R27: 0.09585 | S27: 0.043021478 | U27: =AVERAGE(Q27,L27,G27) -> 0.63834224 | V27: =AVERAGE(R27,M27,H27) -> 0.09346 | W27: =AVERAGE(S27,N27,I27) -> 0.056093333 | Y27: 2014.0833 | Z27: -1.1445937 | AA27: -0.18830137 | AB27: -0.62721213 | AD27: 2014.0833 | AE27: -0.31172909 | AF27: 0.067241855 | AG27: 0.65581079 | AI27: 2014.0833 | AJ27: -0.30208253 | AK27: -0.044052847 | AL27: -0.15180733 | AN27: =AVERAGE(AJ27,AE27,Z27) -> -0.58613509 | AO27: =AVERAGE(AK27,AF27,AA27) -> -0.055037453 | AP27: =AVERAGE(AL27,AG27,AB27) -> -0.041069558 | AR27: 2014.0833 | AS27: -0.82678886 | AT27: 0.50956041 | AU27: -0.23147379 | AW27: 2014.0833 | AX27: -0.0079248894 | AY27: 0.56120939 | AZ27: 1.7776525 | BB27: 2014.0833 | BC27: 0.41890723 | BD27: -0.014615836 | BE27: 0.25871893 | BG27: =AVERAGE(BC27,AX27,AS27) -> -0.13860217 | BH27: =AVERAGE(BD27,AY27,AT27) -> 0.35205132 | BI27: =AVERAGE(BE27,AZ27,AU27) -> 0.60163254
A28: 2014 | B28: 0.728454 | C28: 0.0912 | D28: 0.066435005 | F28: 2014 | G28: 0.53824494 | H28: 0.09225 | I28: 0.048077619 | K28: 2014 | L28: 0.69888438 | M28: 0.061515 | N28: 0.042994523 | P28: 2014 | Q28: 0.64366164 | R28: 0.0479 | S28: 0.033228594 | U28: =AVERAGE(Q28,L28,G28) -> 0.62693032 | V28: =AVERAGE(R28,M28,H28) -> 0.067221667 | W28: =AVERAGE(S28,N28,I28) -> 0.041433578 | Y28: 2014 | Z28: -1.1331245 | AA28: -0.18830137 | AB28: -0.62371636 | AD28: 2014 | AE28: -0.65683194 | AF28: -0.68622224 | AG28: -0.64989566 | AI28: 2014 | AJ28: 0.17057049 | AK28: -1.1867028 | AL28: -0.94324728 | AN28: =AVERAGE(AJ28,AE28,Z28) -> -0.5397953 | AO28: =AVERAGE(AK28,AF28,AA28) -> -0.68707546 | AP28: =AVERAGE(AL28,AG28,AB28) -> -0.7389531 | AR28: 2014 | AS28: -0.53310474 | AT28: 1.1022755 | AU28: 0.24558164 | AW28: 2014 | AX28: -0.26011836 | AY28: -0.21981065 | AZ28: -0.31639953 | BB28: 2014 | BC28: 0.61515503 | BD28: -0.94501806 | BE28: -0.29631198 | BG28: =AVERAGE(BC28,AX28,AS28) -> -0.059356023 | BH28: =AVERAGE(BD28,AY28,AT28) -> -0.020851085 | BI28: =AVERAGE(BE28,AZ28,AU28) -> -0.12237662
A29: 2013.9167 | B29: 0.781272 | C29: 0.076 | D29: 0.059376672 | F29: 2013.9167 | G29: 0.55573349 | H29: 0.09225 | I29: 0.050136837 | K29: 2013.9167 | L29: 0.65671786 | M29: 0.061515 | N29: 0.04039979 | P29: 2013.9167 | Q29: 0.70832792 | R29: 0.09585 | S29: 0.044180769 | U29: =AVERAGE(Q29,L29,G29) -> 0.64025976 | V29: =AVERAGE(R29,M29,H29) -> 0.083205 | W29: =AVERAGE(S29,N29,I29) -> 0.044905799 | Y29: 2013.9167 | Z29: -1.0317245 | AA29: -0.18830137 | AB29: -0.57632503 | AD29: 2013.9167 | AE29: -0.9077546 | AF29: -0.68622224 | AG29: -0.74855988 | AI29: 2013.9167 | AJ29: -0.190367 | AK29: -0.044052847 | AL29: -0.05811588 | AN29: =AVERAGE(AJ29,AE29,Z29) -> -0.70994869 | AO29: =AVERAGE(AK29,AF29,AA29) -> -0.30619215 | AP29: =AVERAGE(AL29,AG29,AB29) -> -0.46100026 | AR29: 2013.9167 | AS29: -0.79129936 | AT29: 0.68444756 | AU29: -0.12767996 | AW29: 2013.9167 | AX29: -0.62084471 | AY29: -0.51751295 | AZ29: -0.71057274 | BB29: 2013.9167 | BC29: 0.26137225 | BD29: 0.88737235 | BE29: 0.29427388 | BG29: =AVERAGE(BC29,AX29,AS29) -> -0.3835906 | BH29: =AVERAGE(BD29,AY29,AT29) -> 0.35143565 | BI29: =AVERAGE(BE29,AZ29,AU29) -> -0.18132627
A30: 2013.8333 | B30: 0.75557288 | C30: 0.0912 | D30: 0.068908247 | F30: 2013.8333 | G30: 0.58287976 | H30: 0.09225 | I30: 0.053386154 | K30: 2013.8333 | L30: 0.62056286 | M30: 0.061515 | N30: 0.038174937 | P30: 2013.8333 | Q30: 0.8018932 | R30: 0.0479 | S30: 0.035529393 | U30: =AVERAGE(Q30,L30,G30) -> 0.66844527 | V30: =AVERAGE(R30,M30,H30) -> 0.067221667 | W30: =AVERAGE(S30,N30,I30) -> 0.042363495 | Y30: 2013.8333 | Z30: -0.87432834 | AA30: -0.18830137 | AB30: -0.50154447 | AD30: 2013.8333 | AE30: -1.1229042 | AF30: -0.68622224 | AG30: -0.83315947 | AI30: 2013.8333 | AJ30: 0.4837638 | AK30: -1.1867028 | AL30: -0.75730159 | AN30: =AVERAGE(AJ30,AE30,Z30) -> -0.50448959 | AO30: =AVERAGE(AK30,AF30,AA30) -> -0.68707546 | AP30: =AVERAGE(AL30,AG30,AB30) -> -0.69733518 | AR30: 2013.8333 | AS30: -0.46978546 | AT30: 1.0321668 | AU30: 0.31400169 | AW30: 2013.8333 | AX30: -0.59152689 | AY30: -0.19138401 | AZ30: -0.61044313 | BB30: 2013.8333 | BC30: 0.40057069 | BD30: -0.8603942 | BE30: -0.31224578 | BG30: =AVERAGE(BC30,AX30,AS30) -> -0.22024722 | BH30: =AVERAGE(BD30,AY30,AT30) -> -0.0065371534 | BI30: =AVERAGE(BE30,AZ30,AU30) -> -0.20289574
A31: 2013.75 | B31: 0.60147414 | C31: 0.076 | D31: 0.045712034 | F31: 2013.75 | G31: 0.58543301 | H31: 0.09225 | I31: 0.053519481 | K31: 2013.75 | L31: 0.58958147 | M31: 0.061515 | N31: 0.036268412 | P31: 2013.75 | Q31: 0.85862967 | R31: 0.09585 | S31: 0.048296383 | U31: =AVERAGE(Q31,L31,G31) -> 0.67788138 | V31: =AVERAGE(R31,M31,H31) -> 0.083205 | W31: =AVERAGE(S31,N31,I31) -> 0.046028092 | Y31: 2013.75 | Z31: -0.85952441 | AA31: -0.18830137 | AB31: -0.49847604 | AD31: 2013.75 | AE31: -1.3072669 | AF31: -0.68622224 | AG31: -0.90565474 | AI31: 2013.75 | AJ31: 0.21196597 | AK31: -0.044052847 | AL31: 0.27449925 | AN31: =AVERAGE(AJ31,AE31,Z31) -> -0.65160845 | AO31: =AVERAGE(AK31,AF31,AA31) -> -0.30619215 | AP31: =AVERAGE(AL31,AG31,AB31) -> -0.37654384 | AR31: 2013.75 | AS31: -1.1228219 | AT31: 0.89414149 | AU31: -0.13635743 | AW31: 2013.75 | AX31: -1.4185954 | AY31: -0.656467 | AZ31: -1.4058713 | BB31: 2013.75 | BC31: 0.1609271 | BD31: 0.36965282 | BE31: 0.041442613 | BG31: =AVERAGE(BC31,AX31,AS31) -> -0.79349673 | BH31: =AVERAGE(BD31,AY31,AT31) -> 0.20244244 | BI31: =AVERAGE(BE31,AZ31,AU31) -> -0.50026202
A32: 2013.6667 | B32: 0.76226638 | C32: 0.076 | D32: 0.057932245 | F32: 2013.6667 | G32: 0.5745888 | H32: 0.09225 | I32: 0.051984267 | K32: 2013.6667 | L32: 0.59691896 | M32: 0.061515 | N32: 0.036719192 | P32: 2013.6667 | Q32: 0.85804405 | R32: 0.0479 | S32: 0.039976803 | U32: =AVERAGE(Q32,L32,G32) -> 0.67651727 | V32: =AVERAGE(R32,M32,H32) -> 0.067221667 | W32: =AVERAGE(S32,N32,I32) -> 0.042893421 | Y32: 2013.6667 | Z32: -0.92239996 | AA32: -0.18830137 | AB32: -0.53380782 | AD32: 2013.6667 | AE32: -1.2636033 | AF32: -0.68622224 | AG32: -0.8885139 | AI32: 2013.6667 | AJ32: 1.0891617 | AK32: -1.1867028 | AL32: -0.39787141 | AN32: =AVERAGE(AJ32,AE32,Z32) -> -0.36561387 | AO32: =AVERAGE(AK32,AF32,AA32) -> -0.68707546 | AP32: =AVERAGE(AL32,AG32,AB32) -> -0.60673104 | AR32: 2013.6667 | AS32: -0.64547307 | AT32: 0.70701226 | AU32: -0.12620543 | AW32: 2013.6667 | AX32: -0.86559099 | AY32: -0.23837245 | AZ32: -0.88221972 | BB32: 2013.6667 | BC32: 1.0348683 | BD32: -1.5545483 | BE32: -0.59129239 | BG32: =AVERAGE(BC32,AX32,AS32) -> -0.15873193 | BH32: =AVERAGE(BD32,AY32,AT32) -> -0.36196951 | BI32: =AVERAGE(BE32,AZ32,AU32) -> -0.53323918
A33: 2013.5833 | B33: 0.79306361 | C33: 0.0912 | D33: 0.072327401 | F33: 2013.5833 | G33: 0.58513032 | H33: 0.09225 | I33: 0.053074554 | K33: 2013.5833 | L33: 0.61452442 | M33: 0.061515 | N33: 0.037801592 | P33: 2013.5833 | Q33: 0.81556264 | R33: 0.09585 | S33: 0.054602371 | U33: =AVERAGE(Q33,L33,G33) -> 0.67173913 | V33: =AVERAGE(R33,M33,H33) -> 0.083205 | W33: =AVERAGE(S33,N33,I33) -> 0.048492839 | Y33: 2013.5833 | Z33: -0.86127944 | AA33: -0.18830137 | AB33: -0.50871571 | AD33: 2013.5833 | AE33: -1.1588375 | AF33: -0.68622224 | AG33: -0.84735588 | AI33: 2013.5833 | AJ33: 0.81798028 | AK33: -0.044052847 | AL33: 0.78413572 | AN33: =AVERAGE(AJ33,AE33,Z33) -> -0.40071222 | AO33: =AVERAGE(AK33,AF33,AA33) -> -0.30619215 | AP33: =AVERAGE(AL33,AG33,AB33) -> -0.19064529 | AR33: 2013.5833 | AS33: -1.3686575 | AT33: 0.98806436 | AU33: -0.35170303 | AW33: 2013.5833 | AX33: -1.5368378 | AY33: -0.53553373 | AZ33: -1.5689431 | BB33: 2013.5833 | BC33: 0.76469299 | BD33: 0.36965282 | BE33: 0.52103646 | BG33: =AVERAGE(BC33,AX33,AS33) -> -0.71360075 | BH33: =AVERAGE(BD33,AY33,AT33) -> 0.27406115 | BI33: =AVERAGE(BE33,AZ33,AU33) -> -0.46653656
A34: 2013.5 | B34: 0.74093722 | C34: 0.076 | D34: 0.056311229 | F34: 2013.5 | G34: 0.58397069 | H34: 0.0615 | I34: 0.035914197 | K34: 2013.5 | L34: 0.53433228 | M34: 0.06153 | N34: 0.032877465 | P34: 2013.5 | Q34: 0.75874604 | R34: 0.0479 | S34: 0.045359337 | U34: =AVERAGE(Q34,L34,G34) -> 0.625683 | V34: =AVERAGE(R34,M34,H34) -> 0.056976667 | W34: =AVERAGE(S34,N34,I34) -> 0.038050333 | Y34: 2013.5 | Z34: -0.86800304 | AA34: -0.78876453 | AB34: -0.90364825 | AD34: 2013.5 | AE34: -1.6360414 | AF34: -0.68585488 | AG34: -1.0345948 | AI34: 2013.5 | AJ34: 1.821852 | AK34: -1.1867028 | AL34: 0.037133435 | AN34: =AVERAGE(AJ34,AE34,Z34) -> -0.22739748 | AO34: =AVERAGE(AK34,AF34,AA34) -> -0.88710739 | AP34: =AVERAGE(AL34,AG34,AB34) -> -0.63370322 | AR34: 2013.5 | AS34: -0.60139283 | AT34: -0.023130098 | AU34: -0.60693213 | AW34: 2013.5 | AX34: -0.85978662 | AY34: -0.10730219 | AZ34: -0.85940672 | BB34: 2013.5 | BC34: 1.7648402 | BD34: -1.5545483 | BE34: -0.1819307 | BG34: =AVERAGE(BC34,AX34,AS34) -> 0.10122024 | BH34: =AVERAGE(BD34,AY34,AT34) -> -0.56166021 | BI34: =AVERAGE(BE34,AZ34,AU34) -> -0.54942318
... A39: 2013.0833 | B39: 0.51580957 | C39: 0.1216 | D39: 0.062722444 | F39: 2013.0833 | G39: 0.52968543 | H39: 0.0615 | I39: 0.032575654 | K39: 2013.0833 | L39: 0.71910398 | M39: 0.061515 | N39: 0.044233431 | P39: 2013.0833 | Q39: 0.48945999 | R39: 0.09585 | S39: 0.032245855 | U39: =AVERAGE(Q39,L39,G39) -> 0.57941647 | V39: =AVERAGE(R39,M39,H39) -> 0.072955 | W39: =AVERAGE(S39,N39,I39) -> 0.036351647 | Y39: 2013.0833 | Z39: -1.1827531 | AA39: -0.78876453 | AB39: -0.98048228 | AD39: 2013.0833 | AE39: -0.53650998 | AF39: -0.68622224 | AG39: -0.6027864 | AI39: 2013.0833 | AJ39: -1.1757384 | AK39: -0.044052847 | AL39: -1.0226701 | AN39: =AVERAGE(AJ39,AE39,Z39) -> -0.9650005 | AO39: =AVERAGE(AK39,AF39,AA39) -> -0.50634654 | AP39: =AVERAGE(AL39,AG39,AB39) -> -0.86864628 | AR39: 2013.0833 | AS39: -0.8798998 | AT39: -0.93050162 | AU39: -1.1453641 | AW39: 2013.0833 | AX39: -0.24814187 | AY39: -0.87038485 | AZ39: -0.67874951 | BB39: 2013.0833 | BC39: -1.2216287 | BD39: 0.36965282 | BE39: -1.1792598 | BG39: =AVERAGE(BC39,AX39,AS39) -> -0.78322344 | BH39: =AVERAGE(BD39,AY39,AT39) -> -0.47707788 | BI39: =AVERAGE(BE39,AZ39,AU39) -> -1.0011245
A40: 2013 | B40: 0.58724205 | C40: 0.1216 | D40: 0.071408633 | F40: 2013 | K40: 2013 | P40: 2013 | Q40: 0.53528066 | R40: 0.0719 | S40: 0.032603701 | U40: =AVERAGE(Q40,L40,G40) -> 0.53528066 | V40: =AVERAGE(R40,M40,H40) -> 0.0719 | W40: =AVERAGE(S40,N40,I40) -> 0.032603701 | Y40: 2013 | AD40: 2013 | AI40: 2013 | AJ40: -1.1371399 | AK40: -0.61478206 | AL40: -0.99374976 | AN40: =AVERAGE(AJ40,AE40,Z40) -> -1.1371399 | AO40: =AVERAGE(AK40,AF40,AA40) -> -0.61478206 | AP40: =AVERAGE(AL40,AG40,AB40) -> -0.99374976 | AR40: 2013 | AW40: 2013 | BB40: 2013 | BC40: -0.48358961 | BD40: -0.093919209 | BE40: -0.34499801 | BG40: =AVERAGE(BC40,AX40,AS40) -> -0.48358961 | BH40: =AVERAGE(BD40,AY40,AT40) -> -0.093919209 | BI40: =AVERAGE(BE40,AZ40,AU40) -> -0.34499801
A41: 2012.9167 | B41: 0.52838852 | C41: 0.1368 | D41: 0.07228355 | F41: 2012.9167 | G41: 0.53503621 | H41: 0.0615 | I41: 0.032904727 | K41: 2012.9167 | L41: 0.61540771 | M41: 0.06153 | N41: 0.037866036 | P41: 2012.9167 | Q41: 0.6891565 | R41: 0.09585 | S41: 0.035735255 | U41: =AVERAGE(Q41,L41,G41) -> 0.61320014 | V41: =AVERAGE(R41,M41,H41) -> 0.07296 | W41: =AVERAGE(S41,N41,I41) -> 0.035502006 | Y41: 2012.9167 | Z41: -1.1517289 | AA41: -0.78876453 | AB41: -0.97290892 | AD41: 2012.9167 | AE41: -1.1535813 | AF41: -0.68585488 | AG41: -0.84490537 | AI41: 2012.9167 | AJ41: -0.89353076 | AK41: -0.044052847 | AL41: -0.74066426 | AN41: =AVERAGE(AJ41,AE41,Z41) -> -1.0662803 | AO41: =AVERAGE(AK41,AF41,AA41) -> -0.50622408 | AP41: =AVERAGE(AL41,AG41,AB41) -> -0.85282618 | AR41: 2012.9167 | AS41: -0.92021643 | AT41: -0.68444756 | AU41: -1.0093304 | AW41: 2012.9167 | AX41: -0.84531889 | AY41: -0.51674513 | AZ41: -0.92218785 | BB41: 2012.9167 | BC41: -0.60294016 | BD41: 0.88737235 | BE41: -0.51628159 | BG41: =AVERAGE(BC41,AX41,AS41) -> -0.78949183 | BH41: =AVERAGE(BD41,AY41,AT41) -> -0.10460678 | BI41: =AVERAGE(BE41,AZ41,AU41) -> -0.81593328
A42: 2012.8333 | B42: 0.56256768 | C42: 0.1216 | D42: 0.06840823 | F42: 2012.8333 | K42: 2012.8333 | L42: 0.93518156 | M42: 0.0615 | N42: 0.057513666 | P42: 2012.8333 | Q42: 0.88900093 | R42: 0.0479 | S42: 0.031589307 | U42: =AVERAGE(Q42,L42,G42) -> 0.91209124 | V42: =AVERAGE(R42,M42,H42) -> 0.0547 | W42: =AVERAGE(S42,N42,I42) -> 0.044551486 | Y42: 2012.8333 | AD42: 2012.8333 | AE42: 0.74931512 | AF42: -0.68658961 | AG42: -0.09780798 | AI42: 2012.8333 | AJ42: -0.052575349 | AK42: -1.1867028 | AL42: -1.075731 | AN42: =AVERAGE(AJ42,AE42,Z42) -> 0.34836988 | AO42: =AVERAGE(AK42,AF42,AA42) -> -0.93664619 | AP42: =AVERAGE(AL42,AG42,AB42) -> -0.58676948 | AR42: 2012.8333 | AW42: 2012.8333 | AX42: 0.63488678 | AY42: -0.19208961 | AZ42: 0.56274139 | BB42: 2012.8333 | BC42: 0.044129659 | BD42: -0.8603942 | BE42: -0.53173858 | BG42: =AVERAGE(BC42,AX42,AS42) -> 0.33950822 | BH42: =AVERAGE(BD42,AY42,AT42) -> -0.52624191 | BI42: =AVERAGE(BE42,AZ42,AU42) -> 0.015501405
A43: 2012.75 | B43: 0.5778012 | C43: 0.1368 | D43: 0.079043205 | F43: 2012.75 | G43: 0.544852 | H43: 0.0615 | I43: 0.033508398 | K43: 2012.75 | L43: 0.67306418 | M43: 0.06153 | N43: 0.041413639 | P43: 2012.75 | Q43: 0.95705604 | R43: 0.09585 | S43: 0.043763523 | U43: =AVERAGE(Q43,L43,G43) -> 0.72499074 | V43: =AVERAGE(R43,M43,H43) -> 0.07296 | W43: =AVERAGE(S43,N43,I43) -> 0.039561853 | Y43: 2012.75 | Z43: -1.0948162 | AA43: -0.78876453 | AB43: -0.95901589 | AD43: 2012.75 | AE43: -0.81048162 | AF43: -0.68585488 | AG43: -0.71000845 | AI43: 2012.75 | AJ43: -0.2404894 | AK43: -0.044052847 | AL43: -0.091836819 | AN43: =AVERAGE(AJ43,AE43,Z43) -> -0.7152624 | AO43: =AVERAGE(AK43,AF43,AA43) -> -0.50622408 | AP43: =AVERAGE(AL43,AG43,AB43) -> -0.58695372 | AR43: 2012.75 | AS43: -1.4084005 | AT43: -0.67664761 | AU43: -1.1399717 | AW43: 2012.75 | AX43: -0.85466769 | AY43: -0.65567735 | AZ43: -1.0024111 | BB43: 2012.75 | BC43: -0.28984958 | BD43: 0.36965282 | BE43: -0.30329827 | BG43: =AVERAGE(BC43,AX43,AS43) -> -0.85097261 | BH43: =AVERAGE(BD43,AY43,AT43) -> -0.32089071 | BI43: =AVERAGE(BE43,AZ43,AU43) -> -0.815227
A44: 2012.6667 | B44: 0.64903827 | C44: 0.1216 | D44: 0.078923053 | F44: 2012.6667 | K44: 2012.6667 | L44: 1.0060925 | M44: 0.0615 | N44: 0.061874689 | P44: 2012.6667 | Q44: 0.92409451 | R44: 0.0719 | S44: 0.054596731 | U44: =AVERAGE(Q44,L44,G44) -> 0.9650935 | V44: =AVERAGE(R44,M44,H44) -> 0.0667 | W44: =AVERAGE(S44,N44,I44) -> 0.05823571 | Y44: 2012.6667 | AD44: 2012.6667 | AE44: 1.1712889 | AF44: -0.68658961 | AG44: 0.06801908 | AI44: 2012.6667 | AJ44: 0.57454006 | AK44: -0.61478206 | AL44: 0.78367991 | AN44: =AVERAGE(AJ44,AE44,Z44) -> 0.87291446 | AO44: =AVERAGE(AK44,AF44,AA44) -> -0.65068583 | AP44: =AVERAGE(AL44,AG44,AB44) -> 0.42584949 | AR44: 2012.6667 | AS44: -2.4610099 | AT44: -2.3929646 | AU44: -2.1450443 | AW44: 2012.6667 | AX44: 0.64178525 | AY44: -0.23903137 | AZ44: 0.6256247 | BB44: 2012.6667 | BC44: 0.52215597 | BD44: -0.59144452 | BE44: 0.52060751 | BG44: =AVERAGE(BC44,AX44,AS44) -> -0.43235624 | BH44: =AVERAGE(BD44,AY44,AT44) -> -1.0744801 | BI44: =AVERAGE(BE44,AZ44,AU44) -> -0.33293735
A45: 2012.5833 | B45: 0.67722868 | C45: 0.1368 | D45: 0.092644884 | F45: 2012.5833 | G45: 0.55497353 | H45: 0.0615 | I45: 0.034130872 | K45: 2012.5833 | L45: 0.73622862 | M45: 0.06153 | N45: 0.045300147 | P45: 2012.5833 | Q45: 0.85601569 | R45: 0.09585 | S45: 0.064827283 | U45: =AVERAGE(Q45,L45,G45) -> 0.71573928 | V45: =AVERAGE(R45,M45,H45) -> 0.07296 | W45: =AVERAGE(S45,N45,I45) -> 0.048086101 | Y45: 2012.5833 | Z45: -1.0361308 | AA45: -0.78876453 | AB45: -0.94469013 | AD45: 2012.5833 | AE45: -0.43460544 | AF45: -0.68585488 | AG45: -0.56222473 | AI45: 2012.5833 | AJ45: 1.3784393 | AK45: -0.044052847 | AL45: 1.6104913 | AN45: =AVERAGE(AJ45,AE45,Z45) -> -0.030765649 | AO45: =AVERAGE(AK45,AF45,AA45) -> -0.50622408 | AP45: =AVERAGE(AL45,AG45,AB45) -> 0.034525481 | AR45: 2012.5833 | AS45: -1.5465318 | AT45: -0.65870958 | AU45: -1.1852002 | AW45: 2012.5833 | AX45: -0.72721286 | AY45: -0.53456736 | AZ45: -0.84372995 | BB45: 2012.5833 | BC45: 1.3230726 | BD45: 0.36965282 | BE45: 1.2986791 | BG45: =AVERAGE(BC45,AX45,AS45) -> -0.31689069 | BH45: =AVERAGE(BD45,AY45,AT45) -> -0.27454137 | BI45: =AVERAGE(BE45,AZ45,AU45) -> -0.24341701
A46: 2012.5 | B46: 0.73384059 | C46: 0.1216 | D46: 0.089235016 | F46: 2012.5 | K46: 2012.5 | P46: 2012.5 | Q46: 0.8595781 | R46: 0.0479 | S46: 0.041735167 | U46: =AVERAGE(Q46,L46,G46) -> 0.8595781 | V46: =AVERAGE(R46,M46,H46) -> 0.0479 | W46: =AVERAGE(S46,N46,I46) -> 0.041735167 | Y46: 2012.5 | AD46: 2012.5 | AI46: 2012.5 | AJ46: 1.3285166 | AK46: -1.1867028 | AL46: -0.25576423 | AN46: =AVERAGE(AJ46,AE46,Z46) -> 1.3285166 | AO46: =AVERAGE(AK46,AF46,AA46) -> -1.1867028 | AP46: =AVERAGE(AL46,AG46,AB46) -> -0.25576423 | AR46: 2012.5 | AW46: 2012.5 | BB46: 2012.5 | BC46: 1.2733351 | BD46: -1.5545483 | BE46: -0.4575623 | BG46: =AVERAGE(BC46,AX46,AS46) -> 1.2733351 | BH46: =AVERAGE(BD46,AY46,AT46) -> -1.5545483 | BI46: =AVERAGE(BE46,AZ46,AU46) -> -0.4575623
A47: 2012.4167 | B47: 0.71304367 | C47: 0.2584 | D47: 0.18425048 | F47: 2012.4167 | G47: 0.53478385 | H47: 0.1845 | I47: 0.10531747 | K47: 2012.4167 | L47: 0.94408489 | M47: 0.061515 | N47: 0.0580733 | P47: 2012.4167 | Q47: 0.80618605 | R47: 0.1438 | S47: 0.069072677 | U47: =AVERAGE(Q47,L47,G47) -> 0.76168493 | V47: =AVERAGE(R47,M47,H47) -> 0.12993833 | W47: =AVERAGE(S47,N47,I47) -> 0.077487817 | Y47: 2012.4167 | Z47: -1.1531921 | AA47: 1.6130881 | AB47: 0.69361531 | AD47: 2012.4167 | AE47: 0.80229664 | AF47: -0.68622224 | AG47: -0.076527993 | AI47: 2012.4167 | AJ47: 1.780228 | AK47: 1.0985971 | AL47: 1.953595 | AN47: =AVERAGE(AJ47,AE47,Z47) -> 0.47644418 | AO47: =AVERAGE(AK47,AF47,AA47) -> 0.67515432 | AP47: =AVERAGE(AL47,AG47,AB47) -> 0.85689411 | AR47: 2012.4167 | AS47: -1.7165975 | AT47: 0.30752807 | AU47: -0.76649482 | AW47: 2012.4167 | AX47: 0.38416176 | AY47: -1.6534191 | AZ47: -0.82277531 | BB47: 2012.4167 | BC47: 1.7233706 | BD47: 2.293854 | BE47: 1.6215571 | BG47: =AVERAGE(BC47,AX47,AS47) -> 0.13031162 | BH47: =AVERAGE(BD47,AY47,AT47) -> 0.31598764 | BI47: =AVERAGE(BE47,AZ47,AU47) -> 0.010762335
A48: 2012.3333 | B48: 0.70731867 | C48: 0.2736 | D48: 0.19352239 | F48: 2012.3333 | G48: 0.50197316 | H48: 0.1845 | I48: 0.095424333 | K48: 2012.3333 | L48: 0.93783505 | M48: 0.061515 | N48: 0.057689893 | P48: 2012.3333 | Q48: 0.78068352 | R48: 0.09585 | S48: 0.062670844 | U48: =AVERAGE(Q48,L48,G48) -> 0.74016391 | V48: =AVERAGE(R48,M48,H48) -> 0.113955 | W48: =AVERAGE(S48,N48,I48) -> 0.071928357 | Y48: 2012.3333 | Z48: -1.343431 | AA48: 1.6130881 | AB48: 0.46593223 | AD48: 2012.3333 | AE48: 0.76510541 | AF48: -0.68622224 | AG48: -0.091106983 | AI48: 2012.3333 | AJ48: 1.2875192 | AK48: -0.044052847 | AL48: 1.4362125 | AN48: =AVERAGE(AJ48,AE48,Z48) -> 0.2363979 | AO48: =AVERAGE(AK48,AF48,AA48) -> 0.29427101 | AP48: =AVERAGE(AL48,AG48,AB48) -> 0.60367926 | AR48: 2012.3333 | AS48: -1.6569062 | AT48: 0.58792153 | AU48: -0.4663974 | AW48: 2012.3333 | AX48: 0.57800903 | AY48: -1.2698574 | AZ48: -0.42761977 | BB48: 2012.3333 | BC48: 1.2324899 | BD48: 0.36965282 | BE48: 1.1346739 | BG48: =AVERAGE(BC48,AX48,AS48) -> 0.051197567 | BH48: =AVERAGE(BD48,AY48,AT48) -> -0.10409433 | BI48: =AVERAGE(BE48,AZ48,AU48) -> 0.080218913
A49: 2012.25 | B49: 0.5287964 | C49: 0.2584 | D49: 0.13664099 | F49: 2012.25 | G49: 0.48609107 | H49: 0.1845 | I49: 0.091023782 | K49: 2012.25 | L49: 0.91911897 | M49: 0.061515 | N49: 0.056539845 | P49: 2012.25 | Q49: 0.74610137 | R49: 0.09585 | S49: 0.057559892 | U49: =AVERAGE(Q49,L49,G49) -> 0.7171038 | V49: =AVERAGE(R49,M49,H49) -> 0.113955 | W49: =AVERAGE(S49,N49,I49) -> 0.068374506 | Y49: 2012.25 | Z49: -1.4355165 | AA49: 1.6130881 | AB49: 0.36465691 | AD49: 2012.25 | AE49: 0.65373056 | AF49: -0.68622224 | AG49: -0.13483736 | AI49: 2012.25 | AJ49: 0.8578872 | AK49: -0.044052847 | AL49: 1.0231562 | AN49: =AVERAGE(AJ49,AE49,Z49) -> 0.025367073 | AO49: =AVERAGE(AK49,AF49,AA49) -> 0.29427101 | AP49: =AVERAGE(AL49,AG49,AB49) -> 0.4176586 | AR49: 2012.25 | AS49: -1.5635305 | AT49: 0.61938737 | AU49: -0.50512851 | AW49: 2012.25 | AX49: 0.72021186 | AY49: -1.5103267 | AZ49: -0.55576153 | BB49: 2012.25 | BC49: 0.80445184 | BD49: 0.36965282 | BE49: 0.74596692 | BG49: =AVERAGE(BC49,AX49,AS49) -> -0.012955583 | BH49: =AVERAGE(BD49,AY49,AT49) -> -0.17376216 | BI49: =AVERAGE(BE49,AZ49,AU49) -> -0.10497437
A50: 2012.1667 | B50: 0.53379264 | C50: 0.2736 | D50: 0.14604567 | F50: 2012.1667 | G50: 0.53524395 | H50: 0.1845 | I50: 0.10661752 | K50: 2012.1667 | L50: 0.90821499 | M50: 0.061515 | N50: 0.055870313 | P50: 2012.1667 | R50: 0.0719 | S50: 0.053440038 | U50: =AVERAGE(Q50,L50,G50) -> 0.72172947 | V50: =AVERAGE(R50,M50,H50) -> 0.10597167 | W50: =AVERAGE(S50,N50,I50) -> 0.071975958 | Y50: 2012.1667 | Z50: -1.1505244 | AA50: 1.6130881 | AB50: 0.72353501 | AD50: 2012.1667 | AE50: 0.58884359 | AF50: -0.68622224 | AG50: -0.16029617 | AI50: 2012.1667 | AJ50: 0.5121949 | AK50: -0.61478206 | AL50: 0.69019845 | AN50: =AVERAGE(AJ50,AE50,Z50) -> -0.016495302 | AO50: =AVERAGE(AK50,AF50,AA50) -> 0.10402794 | AP50: =AVERAGE(AL50,AG50,AB50) -> 0.41781243 | AR50: 2012.1667 | AS50: -0.87622908 | AT50: 0.80409367 | AU50: 0.21761517 | AW50: 2012.1667 | AX50: 0.75668179 | AY50: -1.1554373 | AZ50: -0.29255382 | BB50: 2012.1667 | BC50: 0.46004213 | BD50: -0.59144452 | BE50: 0.4326367 | BG50: =AVERAGE(BC50,AX50,AS50) -> 0.11349828 | BH50: =AVERAGE(BD50,AY50,AT50) -> -0.31426271 | BI50: =AVERAGE(BE50,AZ50,AU50) -> 0.11923268
A51: 2012.0833 | B51: 0.48642984 | C51: 0.0608 | D51: 0.029574934 | F51: 2012.0833 | G51: 0.52312573 | H51: 0.0615 | I51: 0.032172233 | K51: 2012.0833 | L51: 0.91116384 | M51: 0.092265 | N51: 0.056052819 | P51: 2012.0833 | Q51: 0.74285687 | R51: 0.0719 | S51: 0.052598767 | U51: =AVERAGE(Q51,L51,G51) -> 0.72571548 | V51: =AVERAGE(R51,M51,H51) -> 0.075221667 | W51: =AVERAGE(S51,N51,I51) -> 0.046941273 | Y51: 2012.0833 | Z51: -1.2207867 | AA51: -0.78876453 | AB51: -0.98976672 | AD51: 2012.0833 | AE51: 0.60639148 | AF51: 0.066874491 | AG51: -0.15335642 | AI51: 2012.0833 | AJ51: 0.44472259 | AK51: -0.61478206 | AL51: 0.62220872 | AN51: =AVERAGE(AJ51,AE51,Z51) -> -0.056557554 | AO51: =AVERAGE(AK51,AF51,AA51) -> -0.44555736 | AP51: =AVERAGE(AL51,AG51,AB51) -> -0.17363814 | AR51: 2012.0833 | AS51: -0.93283562 | AT51: -0.93050162 | AU51: -1.1693824 | AW51: 2012.0833 | AX51: 0.97324457 | AY51: 0.56051139 | AZ51: 0.19840222 | BB51: 2012.0833 | BC51: 0.39282015 | BD51: -0.59144452 | BE51: 0.36865491 | BG51: =AVERAGE(BC51,AX51,AS51) -> 0.1444097 | BH51: =AVERAGE(BD51,AY51,AT51) -> -0.32047825 | BI51: =AVERAGE(BE51,AZ51,AU51) -> -0.2007751
A52: 2012 | B52: 0.55479591 | C52: 0.0608 | D52: 0.033731591 | F52: 2012 | G52: 0.54130721 | H52: 0.0615 | I52: 0.033290393 | K52: 2012 | L52: 0.92080246 | M52: 0.092265 | N52: 0.056644449 | P52: 2012 | Q52: 0.79934648 | R52: 0.0479 | S52: 0.037206161 | U52: =AVERAGE(Q52,L52,G52) -> 0.75381872 | V52: =AVERAGE(R52,M52,H52) -> 0.067221667 | W52: =AVERAGE(S52,N52,I52) -> 0.042380335 | Y52: 2012 | Z52: -1.1153692 | AA52: -0.78876453 | AB52: -0.96403311 | AD52: 2012 | AE52: 0.66374859 | AF52: 0.066874491 | AG52: -0.13085978 | AI52: 2012 | AJ52: 0.71201163 | AK52: -1.1867028 | AL52: -0.6217888 | AN52: =AVERAGE(AJ52,AE52,Z52) -> 0.08679702 | AO52: =AVERAGE(AK52,AF52,AA52) -> -0.6361976 | AP52: =AVERAGE(AL52,AG52,AB52) -> -0.57222723 | AR52: 2012 | AS52: -0.51952589 | AT52: -0.29853294 | AU52: -0.69711537 | AW52: 2012 | AX52: 0.74384 | AY52: 1.4890868 | AZ52: 0.64818671 | BB52: 2012 | BC52: 0.6591175 | BD52: -1.5545483 | BE52: -0.80201004 | BG52: =AVERAGE(BC52,AX52,AS52) -> 0.2944772 | BH52: =AVERAGE(BD52,AY52,AT52) -> -0.1213315 | BI52: =AVERAGE(BE52,AZ52,AU52) -> -0.28364623
A53: 2011.9167 | B53: 0.59014968 | C53: 0.0608 | D53: 0.035881101 | F53: 2011.9167 | G53: 0.62797885 | H53: 0.0615 | I53: 0.0386207 | K53: 2011.9167 | L53: 0.93340137 | M53: 0.092265 | N53: 0.05741773 | P53: 2011.9167 | Q53: 0.88499137 | R53: 0.0959 | S53: 0.072712006 | U53: =AVERAGE(Q53,L53,G53) -> 0.8154572 | V53: =AVERAGE(R53,M53,H53) -> 0.083221667 | W53: =AVERAGE(S53,N53,I53) -> 0.056250145 | Y53: 2011.9167 | Z53: -0.61284035 | AA53: -0.78876453 | AB53: -0.84136016 | AD53: 2011.9167 | AE53: 0.73872161 | AF53: 0.066874491 | AG53: -0.10145593 | AI53: 2011.9167 | AJ53: 0.59112446 | AK53: -0.042861345 | AL53: 2.2477177 | AN53: =AVERAGE(AJ53,AE53,Z53) -> 0.23900191 | AO53: =AVERAGE(AK53,AF53,AA53) -> -0.25491713 | AP53: =AVERAGE(AL53,AG53,AB53) -> 0.43496721 | AR53: 2011.9167 | AS53: -0.3413049 | AT53: -0.68444756 | AU53: -0.71688277 | AW53: 2011.9167 | AX53: 0.88261871 | AY53: 1.056525 | AZ53: 0.71073897 | BB53: 2011.9167 | BC53: 1.2219633 | BD53: 0.89015012 | BE53: 3.0325502 | BG53: =AVERAGE(BC53,AX53,AS53) -> 0.58775902 | BH53: =AVERAGE(BD53,AY53,AT53) -> 0.42074251 | BI53: =AVERAGE(BE53,AZ53,AU53) -> 1.0088021
A54: 2011.8333 | B54: 0.60620423 | C54: 0.0608 | D54: 0.036857217 | F54: 2011.8333 | G54: 0.58477811 | H54: 0.0615 | I54: 0.035963854 | K54: 2011.8333 | L54: 0.9706607 | M54: 0.092265 | N54: 0.059707788 | P54: 2011.8333 | Q54: 0.97304785 | R54: 0.0479 | S54: 0.0402593 | U54: =AVERAGE(Q54,L54,G54) -> 0.84282889 | V54: =AVERAGE(R54,M54,H54) -> 0.067221667 | W54: =AVERAGE(S54,N54,I54) -> 0.045310314 | Y54: 2011.8333 | Z54: -0.86332156 | AA54: -0.78876453 | AB54: -0.90250545 | AD54: 2011.8333 | AE54: 0.96044284 | AF54: 0.066874491 | AG54: -0.014376903 | AI54: 2011.8333 | AJ54: 1.1276162 | AK54: -1.1867028 | AL54: -0.37504063 | AN54: =AVERAGE(AJ54,AE54,Z54) -> 0.40824583 | AO54: =AVERAGE(AK54,AF54,AA54) -> -0.6361976 | AP54: =AVERAGE(AL54,AG54,AB54) -> -0.43064099 | AR54: 2011.8333 | AS54: -0.46225772 | AT54: -0.28549293 | AU54: -0.62536613 | AW54: 2011.8333 | AX54: 0.77318784 | AY54: 1.2550989 | AZ54: 0.69584787 | BB54: 2011.8333 | BC54: 0.82846303 | BD54: -0.8603942 | BE54: -0.048753989 | BG54: =AVERAGE(BC54,AX54,AS54) -> 0.37979772 | BH54: =AVERAGE(BD54,AY54,AT54) -> 0.036403931 | BI54: =AVERAGE(BE54,AZ54,AU54) -> 0.0072425839
A55: 2011.75 | B55: 0.53856607 | C55: 0.0608 | D55: 0.032744817 | F55: 2011.75 | G55: 0.6144848 | H55: 0.0615 | I55: 0.037790815 | K55: 2011.75 | L55: 1.010459 | M55: 0.092265 | N55: 0.062154131 | P55: 2011.75 | Q55: 1.027547 | R55: 0.0719 | S55: 0.062678913 | U55: =AVERAGE(Q55,L55,G55) -> 0.88416359 | V55: =AVERAGE(R55,M55,H55) -> 0.075221667 | W55: =AVERAGE(S55,N55,I55) -> 0.054207953 | Y55: 2011.75 | Z55: -0.6910799 | AA55: -0.78876453 | AB55: -0.86045932 | AD55: 2011.75 | AE55: 1.1972727 | AF55: 0.066874491 | AG55: 0.078644815 | AI55: 2011.75 | AJ55: 1.4178029 | AK55: -0.61478206 | AL55: 1.4368646 | AN55: =AVERAGE(AJ55,AE55,Z55) -> 0.64133189 | AO55: =AVERAGE(AK55,AF55,AA55) -> -0.44555736 | AP55: =AVERAGE(AL55,AG55,AB55) -> 0.21835005 | AR55: 2011.75 | AS55: -0.9183772 | AT55: -0.67664761 | AU55: -0.92519594 | AW55: 2011.75 | AX55: 1.4244422 | AY55: 0.96231815 | AZ55: 0.6239432 | BB55: 2011.75 | BC55: 1.3622902 | BD55: -0.59144452 | BE55: 1.1352876 | BG55: =AVERAGE(BC55,AX55,AS55) -> 0.62278506 | BH55: =AVERAGE(BD55,AY55,AT55) -> -0.10192466 | BI55: =AVERAGE(BE55,AZ55,AU55) -> 0.27801161
A56: 2011.6667 | B56: 0.49525388 | C56: 0.0456 | D56: 0.022583577 | F56: 2011.6667 | G56: 0.71217089 | H56: 0.0615 | I56: 0.04379851 | K56: 2011.6667 | L56: 1.0479111 | M56: 0.092265 | N56: 0.064457812 | P56: 2011.6667 | Q56: 1.0235179 | U56: =AVERAGE(Q56,L56,G56) -> 0.92786662 | V56: =AVERAGE(R56,M56,H56) -> 0.0768825 | W56: =AVERAGE(S56,N56,I56) -> 0.054128161 | Y56: 2011.6667 | Z56: -0.12468853 | AA56: -0.78876453 | AB56: -0.72219681 | AD56: 2011.6667 | AE56: 1.4201411 | AF56: 0.066874491 | AG56: 0.16624186 | AI56: 2011.6667 | AN56: =AVERAGE(AJ56,AE56,Z56) -> 0.64772628 | AO56: =AVERAGE(AK56,AF56,AA56) -> -0.36094502 | AP56: =AVERAGE(AL56,AG56,AB56) -> -0.27797747 | AR56: 2011.6667 | AS56: -0.21075287 | AT56: -0.32631335 | AU56: -0.44410403 | AW56: 2011.6667 | AX56: 0.79584297 | AY56: 1.1124048 | AZ56: 0.78045958 | BB56: 2011.6667 | BG56: =AVERAGE(BC56,AX56,AS56) -> 0.29254505 | BH56: =AVERAGE(BD56,AY56,AT56) -> 0.39304572 | BI56: =AVERAGE(BE56,AZ56,AU56) -> 0.16817778
A57: 2011.5833 | B57: 0.50207242 | C57: 0.0608 | D57: 0.030526003 | F57: 2011.5833 | G57: 0.64480266 | H57: 0.0615 | I57: 0.039655364 | K57: 2011.5833 | L57: 1.0960526 | M57: 0.092265 | N57: 0.067419326 | P57: 2011.5833 | Q57: 0.95980203 | R57: 0.0719 | S57: 0.069414932 | U57: =AVERAGE(Q57,L57,G57) -> 0.9002191 | V57: =AVERAGE(R57,M57,H57) -> 0.075221667 | W57: =AVERAGE(S57,N57,I57) -> 0.058829874 | Y57: 2011.5833 | Z57: -0.51529465 | AA57: -0.78876453 | AB57: -0.81754816 | AD57: 2011.5833 | AE57: 1.7066196 | AF57: 0.066874491 | AG57: 0.27885285 | AI57: 2011.5833 | AJ57: 1.9919597 | AK57: -0.61478206 | AL57: 1.9812553 | AN57: =AVERAGE(AJ57,AE57,Z57) -> 1.0610949 | AO57: =AVERAGE(AK57,AF57,AA57) -> -0.44555736 | AP57: =AVERAGE(AL57,AG57,AB57) -> 0.48085333 | AR57: 2011.5833 | AS57: -1.016691 | AT57: -0.65870958 | AU57: -0.9421298 | AW57: 2011.5833 | AX57: 1.66648 | AY57: 1.4455062 | AZ57: 1.2954981 | BB57: 2011.5833 | BC57: 1.2827155 | BD57: -0.5161374 | BE57: 1.1170626 | BG57: =AVERAGE(BC57,AX57,AS57) -> 0.64416816 | BH57: =AVERAGE(BD57,AY57,AT57) -> 0.090219741 | BI57: =AVERAGE(BE57,AZ57,AU57) -> 0.49014363
A58: 2011.5 | B58: 0.53707087 | C58: 0.0608 | D58: 0.032653909 | F58: 2011.5 | G58: 0.74070801 | H58: 0.0615 | I58: 0.045553542 | K58: 2011.5 | L58: 1.432288 | M58: 0.123 | N58: 0.088085713 | P58: 2011.5 | Q58: 0.88694544 | U58: =AVERAGE(Q58,L58,G58) -> 1.0199805 | V58: =AVERAGE(R58,M58,H58) -> 0.09225 | W58: =AVERAGE(S58,N58,I58) -> 0.066819628 | Y58: 2011.5 | Z58: 0.040771859 | AA58: -0.78876453 | AB58: -0.68180606 | AD58: 2011.5 | AE58: 3.7074747 | AF58: 0.81960386 | AG58: 1.0646883 | AI58: 2011.5 | AN58: =AVERAGE(AJ58,AE58,Z58) -> 1.8741233 | AO58: =AVERAGE(AK58,AF58,AA58) -> 0.015419665 | AP58: =AVERAGE(AL58,AG58,AB58) -> 0.19144113 | AR58: 2011.5 | AS58: -0.22558269 | AT58: -0.023130098 | AU58: -0.24477147 | AW58: 2011.5 | AX58: 1.2609509 | AY58: 1.9426111 | AZ58: 1.2605359 | BB58: 2011.5 | BG58: =AVERAGE(BC58,AX58,AS58) -> 0.51768408 | BH58: =AVERAGE(BD58,AY58,AT58) -> 0.95974051 | BI58: =AVERAGE(BE58,AZ58,AU58) -> 0.50788222
A59: 2011.4167 | B59: 0.51944515 | C59: 0.2128 | D59: 0.11053793 | F59: 2011.4167 | G59: 0.65478735 | H59: 0.15375 | I59: 0.091391803 | K59: 2011.4167 | L59: 1.1659903 | M59: 0.061515 | N59: 0.071721363 | P59: 2011.4167 | Q59: 0.82859987 | R59: 0.1917 | S59: 0.073899089 | U59: =AVERAGE(Q59,L59,G59) -> 0.88312582 | V59: =AVERAGE(R59,M59,H59) -> 0.135655 | W59: =AVERAGE(S59,N59,I59) -> 0.079004085 | Y59: 2011.4167 | Z59: -0.45740265 | AA59: 1.012625 | AB59: 0.37312662 | AD59: 2011.4167 | AE59: 2.1228015 | AF59: -0.68622224 | AG59: 0.44243699 | AI59: 2011.4167 | AJ59: 2.3341763 | AK59: 2.2400555 | AL59: 2.3436553 | AN59: =AVERAGE(AJ59,AE59,Z59) -> 1.3331917 | AO59: =AVERAGE(AK59,AF59,AA59) -> 0.85548607 | AP59: =AVERAGE(AL59,AG59,AB59) -> 1.053073 | AR59: 2011.4167 | AS59: -1.037772 | AT59: -0.35878275 | AU59: -1.0412288 | AW59: 2011.4167 | AX59: 1.7090977 | AY59: -1.6534191 | AZ59: -0.4444306 | BB59: 2011.4167 | BC59: 1.6930634 | BD59: 0.77516532 | BE59: 1.5796708 | BG59: =AVERAGE(BC59,AX59,AS59) -> 0.78812969 | BH59: =AVERAGE(BD59,AY59,AT59) -> -0.41234552 | BI59: =AVERAGE(BE59,AZ59,AU59) -> 0.031337133
A60: 2011.3333 | B60: 0.50889832 | C60: 0.228 | D60: 0.11602882 | F60: 2011.3333 | G60: 0.63101088 | H60: 0.15375 | I60: 0.087507576 | K60: 2011.3333 | L60: 1.4297605 | M60: 0.0615 | N60: 0.087930268 | P60: 2011.3333 | Q60: 0.78594316 | R60: 0.16775 | S60: 0.068161823 | U60: =AVERAGE(Q60,L60,G60) -> 0.94890483 | V60: =AVERAGE(R60,M60,H60) -> 0.12766667 | W60: =AVERAGE(S60,N60,I60) -> 0.081199889 | Y60: 2011.3333 | Z60: -0.59526045 | AA60: 1.012625 | AB60: 0.2837341 | AD60: 2011.3333 | AE60: 3.6924338 | AF60: -0.68658961 | AG60: 1.0587775 | AI60: 2011.3333 | AJ60: 1.7194808 | AK60: 1.6693263 | AL60: 1.8799817 | AN60: =AVERAGE(AJ60,AE60,Z60) -> 1.6055514 | AO60: =AVERAGE(AK60,AF60,AA60) -> 0.66512054 | AP60: =AVERAGE(AL60,AG60,AB60) -> 1.0741644 | AR60: 2011.3333 | AS60: -0.8129312 | AT60: -0.018664176 | AU60: -0.65464388 | AW60: 2011.3333 | AX60: 3.3604394 | AY60: -1.2701824 | AZ60: 0.39851036 | BB60: 2011.3333 | BC60: 1.6890515 | BD60: 0.93967668 | BE60: 1.6764957 | BG60: =AVERAGE(BC60,AX60,AS60) -> 1.4121866 | BH60: =AVERAGE(BD60,AY60,AT60) -> -0.11638996 | BI60: =AVERAGE(BE60,AZ60,AU60) -> 0.47345405
A61: 2011.25 | B61: 0.49902856 | C61: 0.2128 | D61: 0.10619328 | F61: 2011.25 | G61: 0.62589344 | H61: 0.15375 | I61: 0.089260947 | K61: 2011.25 | L61: 1.1503584 | M61: 0.061515 | N61: 0.070760931 | P61: 2011.25 | Q61: 0.76497271 | R61: 0.1917 | S61: 0.060146123 | U61: =AVERAGE(Q61,L61,G61) -> 0.84707484 | V61: =AVERAGE(R61,M61,H61) -> 0.135655 | W61: =AVERAGE(S61,N61,I61) -> 0.073389334 | Y61: 2011.25 | Z61: -0.62493176 | AA61: 1.012625 | AB61: 0.3240866 | AD61: 2011.25 | AE61: 2.02978 | AF61: -0.68622224 | AG61: 0.40591677 | AI61: 2011.25 | AJ61: 0.91104415 | AK61: 2.2400555 | AL61: 1.23217 | AN61: =AVERAGE(AJ61,AE61,Z61) -> 0.77196414 | AO61: =AVERAGE(AK61,AF61,AA61) -> 0.85548607 | AP61: =AVERAGE(AL61,AG61,AB61) -> 0.65405778 | AR61: 2011.25 | AS61: -0.57651188 | AT61: -0.062988546 | AU61: -0.54959313 | AW61: 2011.25 | AX61: 2.1186086 | AY61: -1.5103267 | AZ61: -0.18425736 | BB61: 2011.25 | BC61: 1.3310983 | BD61: 1.1204684 | BE61: 1.4943372 | BG61: =AVERAGE(BC61,AX61,AS61) -> 0.95773167 | BH61: =AVERAGE(BD61,AY61,AT61) -> -0.15094893 | BI61: =AVERAGE(BE61,AZ61,AU61) -> 0.25349557
A62: 2011.1667 | B62: 0.42775806 | C62: 0.2128 | D62: 0.091026915 | F62: 2011.1667 | G62: 0.59559023 | H62: 0.123 | I62: 0.06865407 | K62: 2011.1667 | L62: 1.3228593 | M62: 0.0615 | N62: 0.081355846 | P62: 2011.1667 | Q62: 0.65167226 | R62: 0.1198 | S62: 0.057341112 | U62: =AVERAGE(Q62,L62,G62) -> 0.85670726 | V62: =AVERAGE(R62,M62,H62) -> 0.10143333 | W62: =AVERAGE(S62,N62,I62) -> 0.069117009 | Y62: 2011.1667 | Z62: -0.80063208 | AA62: 0.41216179 | AB62: -0.150165 | AD62: 2011.1667 | AE62: 3.0562909 | AF62: -0.68658961 | AG62: 0.80878638 | AI62: 2011.1667 | AJ62: 0.62234299 | AK62: 0.52667636 | AL62: 1.0054749 | AN62: =AVERAGE(AJ62,AE62,Z62) -> 0.95933394 | AO62: =AVERAGE(AK62,AF62,AA62) -> 0.08408285 | AP62: =AVERAGE(AL62,AG62,AB62) -> 0.55469877 | AR62: 2011.1667 | AS62: -0.48549538 | AT62: -0.46657287 | AU62: -0.76029633 | AW62: 2011.1667 | AX62: 3.1752322 | AY62: -1.1557656 | AZ62: 0.47353549 | BB62: 2011.1667 | BC62: 1.3209569 | BD62: 0.30860632 | BE62: 1.6487286 | BG62: =AVERAGE(BC62,AX62,AS62) -> 1.3368979 | BH62: =AVERAGE(BD62,AY62,AT62) -> -0.43791072 | BI62: =AVERAGE(BE62,AZ62,AU62) -> 0.45398925
A63: 2011.0833 | B63: 0.40692756 | C63: 0.076 | D63: 0.030926494 | F63: 2011.0833 | G63: 0.55122886 | H63: 0.0615 | I63: 0.033900575 | K63: 2011.0833 | L63: 1.137041 | M63: 0.061515 | N63: 0.069943043 | P63: 2011.0833 | Q63: 0.76999173 | R63: 0.09585 | S63: 0.056996266 | U63: =AVERAGE(Q63,L63,G63) -> 0.81942053 | V63: =AVERAGE(R63,M63,H63) -> 0.072955 | W63: =AVERAGE(S63,N63,I63) -> 0.053613295 | Y63: 2011.0833 | Z63: -1.0578427 | AA63: -0.78876453 | AB63: -0.94999024 | AD63: 2011.0833 | AE63: 1.9505315 | AF63: -0.68622224 | AG63: 0.37481673 | AI63: 2011.0833 | AJ63: 0.58050769 | AK63: -0.044052847 | AL63: 0.9776052 | AN63: =AVERAGE(AJ63,AE63,Z63) -> 0.49106551 | AO63: =AVERAGE(AK63,AF63,AA63) -> -0.50634654 | AP63: =AVERAGE(AL63,AG63,AB63) -> 0.1341439 | AR63: 2011.0833 | AS63: -0.70604745 | AT63: -0.93050162 | AU63: -1.0664829 | AW63: 2011.0833 | AX63: 2.409689 | AY63: -0.87038485 | AZ63: 1.2292369 | BB63: 2011.0833 | BC63: 1.3958159 | BD63: -0.014615836 | BE63: 1.6204438 | BG63: =AVERAGE(BC63,AX63,AS63) -> 1.0331525 | BH63: =AVERAGE(BD63,AY63,AT63) -> -0.60516744 | BI63: =AVERAGE(BE63,AZ63,AU63) -> 0.59439927
A64: 2011 | B64: 0.48279826 | C64: 0.0912 | D64: 0.044031202 | F64: 2011 | G64: 0.58454533 | H64: 0.0615 | I64: 0.035949538 | K64: 2011 | P64: 2011 | Q64: 0.8550249 | R64: 0.0719 | S64: 0.05946701 | U64: =AVERAGE(Q64,L64,G64) -> 0.71978511 | V64: =AVERAGE(R64,M64,H64) -> 0.0667 | W64: =AVERAGE(S64,N64,I64) -> 0.047708274 | Y64: 2011 | Z64: -0.86467125 | AA64: -0.78876453 | AB64: -0.90283492 | AD64: 2011 | AI64: 2011 | AJ64: 0.76924895 | AK64: -0.61478206 | AL64: 1.1772855 | AN64: =AVERAGE(AJ64,AE64,Z64) -> -0.047711151 | AO64: =AVERAGE(AK64,AF64,AA64) -> -0.70177329 | AP64: =AVERAGE(AL64,AG64,AB64) -> 0.1372253 | AR64: 2011 | AS64: -0.32779755 | AT64: -0.29853294 | AU64: -0.52759288 | AW64: 2011 | BB64: 2011 | BC64: 1.1181676 | BD64: -0.093919209 | BE64: 1.7479506 | BG64: =AVERAGE(BC64,AX64,AS64) -> 0.39518502 | BH64: =AVERAGE(BD64,AY64,AT64) -> -0.19622607 | BI64: =AVERAGE(BE64,AZ64,AU64) -> 0.61017888
A65: 2010.9167 | B65: 0.56916215 | C65: 0.076 | D65: 0.043256323 | F65: 2010.9167 | K65: 2010.9167 | L65: 1.1230514 | M65: 0.061515 | N65: 0.069083944 | P65: 2010.9167 | Q65: 0.98838552 | R65: 0.0479 | S65: 0.032723693 | U65: =AVERAGE(Q65,L65,G65) -> 1.0557185 | V65: =AVERAGE(R65,M65,H65) -> 0.0547075 | W65: =AVERAGE(S65,N65,I65) -> 0.050903819 | Y65: 2010.9167 | AD65: 2010.9167 | AE65: 1.8672829 | AF65: -0.68622224 | AG65: 0.34214966 | AI65: 2010.9167 | AJ65: 0.10184149 | AK65: -1.1867028 | AL65: -0.98405231 | AN65: =AVERAGE(AJ65,AE65,Z65) -> 0.98456218 | AO65: =AVERAGE(AK65,AF65,AA65) -> -0.9364625 | AP65: =AVERAGE(AL65,AG65,AB65) -> -0.32095133 | AR65: 2010.9167 | AW65: 2010.9167 | AX65: 1.9131532 | AY65: -0.51751295 | AZ65: 1.6850829 | BB65: 2010.9167 | BC65: 0.62054809 | BD65: -1.7765124 | BE65: -0.80531533 | BG65: =AVERAGE(BC65,AX65,AS65) -> 1.2668507 | BH65: =AVERAGE(BD65,AY65,AT65) -> -1.1470127 | BI65: =AVERAGE(BE65,AZ65,AU65) -> 0.4398838
A66: 2010.8333 | B66: 0.5882763 | C66: 0.076 | D66: 0.044708999 | F66: 2010.8333 | G66: 0.64466166 | H66: 0.0615 | I66: 0.039646692 | K66: 2010.8333 | L66: 1.0414308 | M66: 0.0615 | N66: 0.064047993 | P66: 2010.8333 | Q66: 1.1595627 | R66: 0.0719 | S66: 0.065600154 | U66: =AVERAGE(Q66,L66,G66) -> 0.9485517 | V66: =AVERAGE(R66,M66,H66) -> 0.064966667 | W66: =AVERAGE(S66,N66,I66) -> 0.056431613 | Y66: 2010.8333 | Z66: -0.51611216 | AA66: -0.78876453 | AB66: -0.81774772 | AD66: 2010.8333 | AE66: 1.3815783 | AF66: -0.68658961 | AG66: 0.15065856 | AI66: 2010.8333 | AJ66: 1.2699251 | AK66: -0.61478206 | AL66: 1.6729531 | AN66: =AVERAGE(AJ66,AE66,Z66) -> 0.7117971 | AO66: =AVERAGE(AK66,AF66,AA66) -> -0.69671206 | AP66: =AVERAGE(AL66,AG66,AB66) -> 0.33528798 | AR66: 2010.8333 | AS66: -0.22479498 | AT66: -0.28549293 | AU66: -0.42679649 | AW66: 2010.8333 | AX66: 1.0490563 | AY66: -0.19208961 | AZ66: 0.95914651 | BB66: 2010.8333 | BC66: 0.92303889 | BD66: -0.040971152 | BE66: 1.3629244 | BG66: =AVERAGE(BC66,AX66,AS66) -> 0.58243341 | BH66: =AVERAGE(BD66,AY66,AT66) -> -0.17285123 | BI66: =AVERAGE(BE66,AZ66,AU66) -> 0.63175814
A67: 2010.75 | B67: 0.6432635 | C67: 0.076 | D67: 0.048888026 | F67: 2010.75 | G67: 0.7112983 | H67: 0.0615 | I67: 0.043744845 | K67: 2010.75 | L67: 1.055616 | M67: 0.061515 | N67: 0.064938032 | P67: 2010.75 | Q67: 1.1963274 | R67: 0.09585 | S67: 0.074505499 | U67: =AVERAGE(Q67,L67,G67) -> 0.98774725 | V67: =AVERAGE(R67,M67,H67) -> 0.072955 | W67: =AVERAGE(S67,N67,I67) -> 0.061062792 | Y67: 2010.75 | Z67: -0.12974787 | AA67: -0.78876453 | AB67: -0.72343185 | AD67: 2010.75 | AE67: 1.4659913 | AF67: -0.68622224 | AG67: 0.18450214 | AI67: 2010.75 | AJ67: 1.9817238 | AK67: -0.044052847 | AL67: 2.3926641 | AN67: =AVERAGE(AJ67,AE67,Z67) -> 1.1059891 | AO67: =AVERAGE(AK67,AF67,AA67) -> -0.50634654 | AP67: =AVERAGE(AL67,AG67,AB67) -> 0.61791145 | AR67: 2010.75 | AS67: -0.23707648 | AT67: -0.67664761 | AU67: -0.62658394 | AW67: 2010.75 | AX67: 1.7294792 | AY67: -0.656467 | AZ67: 0.8422413 | BB67: 2010.75 | BC67: 1.9241188 | BD67: 0.36965282 | BE67: 2.0347435 | BG67: =AVERAGE(BC67,AX67,AS67) -> 1.1388405 | BH67: =AVERAGE(BD67,AY67,AT67) -> -0.32115393 | BI67: =AVERAGE(BE67,AZ67,AU67) -> 0.7501336
A68: 2010.6667 | B68: 0.65355049 | C68: 0.0912 | D68: 0.059603805 | F68: 2010.6667 | K68: 2010.6667 | L68: 0.83916428 | M68: 0.0615 | N68: 0.051608603 | P68: 2010.6667 | Q68: 1.124289 | R68: 0.0479 | S68: 0.042099958 | U68: =AVERAGE(Q68,L68,G68) -> 0.98172664 | V68: =AVERAGE(R68,M68,H68) -> 0.0547 | W68: =AVERAGE(S68,N68,I68) -> 0.04685428 | Y68: 2010.6667 | AD68: 2010.6667 | AE68: 0.17793965 | AF68: -0.68658961 | AG68: -0.32234687 | AI68: 2010.6667 | AJ68: 1.3781733 | AK68: -1.1867028 | AL68: -0.22628261 | AN68: =AVERAGE(AJ68,AE68,Z68) -> 0.77805648 | AO68: =AVERAGE(AK68,AF68,AA68) -> -0.93664619 | AP68: =AVERAGE(AL68,AG68,AB68) -> -0.27431474 | AR68: 2010.6667 | AW68: 2010.6667 | AX68: 0.02682948 | AY68: -0.23903137 | AZ68: 0.010265757 | BB68: 2010.6667 | BC68: 0.95229153 | BD68: -1.0289873 | BE68: -0.15373996 | BG68: =AVERAGE(BC68,AX68,AS68) -> 0.48956051 | BH68: =AVERAGE(BD68,AY68,AT68) -> -0.63400933 | BI68: =AVERAGE(BE68,AZ68,AU68) -> -0.071737102
A69: 2010.5833 | B69: 0.62764429 | C69: 0.076 | D69: 0.047700966 | F69: 2010.5833 | G69: 0.78487607 | H69: 0.0615 | I69: 0.048269878 | K69: 2010.5833 | L69: 1.0430642 | M69: 0.061515 | N69: 0.064167575 | P69: 2010.5833 | Q69: 0.9292426 | R69: 0.0719 | S69: 0.086564527 | U69: =AVERAGE(Q69,L69,G69) -> 0.91906095 | V69: =AVERAGE(R69,M69,H69) -> 0.064971667 | W69: =AVERAGE(S69,N69,I69) -> 0.066333993 | Y69: 2010.5833 | Z69: 0.29686166 | AA69: -0.78876453 | AB69: -0.61929166 | AD69: 2010.5833 | AE69: 1.3912983 | AF69: -0.68622224 | AG69: 0.15520564 | AI69: 2010.5833 | AJ69: 3.1058982 | AK69: -0.61478206 | AL69: 3.3672489 | AN69: =AVERAGE(AJ69,AE69,Z69) -> 1.5980194 | AO69: =AVERAGE(AK69,AF69,AA69) -> -0.69658961 | AP69: =AVERAGE(AL69,AG69,AB69) -> 0.96772097 | AR69: 2010.5833 | AS69: -0.19049343 | AT69: -0.65870958 | AU69: -0.56310245 | AW69: 2010.5833 | AX69: 1.3139798 | AY69: -0.53553373 | AZ69: 0.98100915 | BB69: 2010.5833 | BC69: 2.3015384 | BD69: -0.5161374 | BE69: 2.3496526 | BG69: =AVERAGE(BC69,AX69,AS69) -> 1.1416749 | BH69: =AVERAGE(BD69,AY69,AT69) -> -0.5701269 | BI69: =AVERAGE(BE69,AZ69,AU69) -> 0.92251977
A70: 2010.5 | B70: 0.66862173 | C70: 0.076 | D70: 0.050815251 | F70: 2010.5 | K70: 2010.5 | P70: 2010.5 | Q70: 0.96331021 | R70: 0.0479 | S70: 0.049175538 | U70: =AVERAGE(Q70,L70,G70) -> 0.96331021 | V70: =AVERAGE(R70,M70,H70) -> 0.0479 | W70: =AVERAGE(S70,N70,I70) -> 0.049175538 | Y70: 2010.5 | AD70: 2010.5 | AI70: 2010.5 | AJ70: 2.3413274 | AK70: -1.1867028 | AL70: 0.34555067 | AN70: =AVERAGE(AJ70,AE70,Z70) -> 2.3413274 | AO70: =AVERAGE(AK70,AF70,AA70) -> -1.1867028 | AP70: =AVERAGE(AL70,AG70,AB70) -> 0.34555067 | AR70: 2010.5 | AW70: 2010.5 | BB70: 2010.5 | BC70: 0.66860878 | BD70: -0.38248369 | BE70: 0.32792854 | BG70: =AVERAGE(BC70,AX70,AS70) -> 0.66860878 | BH70: =AVERAGE(BD70,AY70,AT70) -> -0.38248369 | BI70: =AVERAGE(BE70,AZ70,AU70) -> 0.32792854
A71: 2010.4167 | B71: 0.67694661 | C71: 0.228 | D71: 0.15434383 | F71: 2010.4167 | G71: 0.79752372 | H71: 0.15375 | I71: 0.12040876 | K71: 2010.4167 | L71: 1.0598654 | M71: 0.12303 | N71: 0.10590946 | P71: 2010.4167 | Q71: 0.84503519 | R71: 0.1438 | S71: 0.086937315 | U71: =AVERAGE(Q71,L71,G71) -> 0.9008081 | V71: =AVERAGE(R71,M71,H71) -> 0.14019333 | W71: =AVERAGE(S71,N71,I71) -> 0.10441851 | Y71: 2010.4167 | Z71: 0.37019369 | AA71: 1.012625 | AB71: 1.0409299 | AD71: 2010.4167 | AE71: 1.4912782 | AF71: 0.82033859 | AG71: 1.7424329 | AI71: 2010.4167 | AJ71: 3.2129581 | AK71: 1.0985971 | AL71: 3.3973769 | AN71: =AVERAGE(AJ71,AE71,Z71) -> 1.6914767 | AO71: =AVERAGE(AK71,AF71,AA71) -> 0.97718687 | AP71: =AVERAGE(AL71,AG71,AB71) -> 2.0602466 | AR71: 2010.4167 | AS71: -0.23035328 | AT71: -0.35878275 | AU71: -0.46876474 | AW71: 2010.4167 | AX71: 1.0754553 | AY71: -0.38552665 | AZ71: 0.5033146 | BB71: 2010.4167 | BC71: 2.6113219 | BD71: -0.34899241 | BE71: 2.7214474 | BG71: =AVERAGE(BC71,AX71,AS71) -> 1.1521413 | BH71: =AVERAGE(BD71,AY71,AT71) -> -0.36443394 | BI71: =AVERAGE(BE71,AZ71,AU71) -> 0.91866576
A72: 2010.3333 | B72: 0.65965331 | C72: 0.2432 | D72: 0.16042768 | F72: 2010.3333 | G72: 0.78831088 | H72: 0.15375 | I72: 0.11936127 | K72: 2010.3333 | L72: 1.0733522 | M72: 0.09228 | N72: 0.10800829 | P72: 2010.3333 | Q72: 0.7689878 | R72: 0.09585 | S72: 0.072166458 | U72: =AVERAGE(Q72,L72,G72) -> 0.87688363 | V72: =AVERAGE(R72,M72,H72) -> 0.11396 | W72: =AVERAGE(S72,N72,I72) -> 0.09984534 | Y72: 2010.3333 | Z72: 0.31677697 | AA72: 1.012625 | AB72: 1.0168226 | AD72: 2010.3333 | AE72: 1.5715349 | AF72: 0.067241855 | AG72: 1.8222406 | AI72: 2010.3333 | AJ72: 2.0230246 | AK72: -0.044052847 | AL72: 2.2036277 | AN72: =AVERAGE(AJ72,AE72,Z72) -> 1.3037788 | AO72: =AVERAGE(AK72,AF72,AA72) -> 0.34527132 | AP72: =AVERAGE(AL72,AG72,AB72) -> 1.680897 | AR72: 2010.3333 | AS72: 0.21589413 | AT72: -0.018664176 | AU72: 0.10278063 | AW72: 2010.3333 | AX72: 1.3445216 | AY72: -0.6032299 | AZ72: 0.94701748 | BB72: 2010.3333 | BC72: 2.0345377 | BD72: -0.73634584 | BE72: 2.0380716 | BG72: =AVERAGE(BC72,AX72,AS72) -> 1.1983178 | BH72: =AVERAGE(BD72,AY72,AT72) -> -0.45274664 | BI72: =AVERAGE(BE72,AZ72,AU72) -> 1.0292899
A73: 2010.25 | B73: 0.67883578 | C73: 0.228 | D73: 0.15477456 | F73: 2010.25 | G73: 0.76520154 | H73: 0.15375 | I73: 0.11710076 | K73: 2010.25 | L73: 1.0699834 | M73: 0.12303 | N73: 0.10917302 | P73: 2010.25 | Q73: 0.73772473 | R73: 0.09585 | S73: 0.060812542 | U73: =AVERAGE(Q73,L73,G73) -> 0.85763656 | V73: =AVERAGE(R73,M73,H73) -> 0.12421 | W73: =AVERAGE(S73,N73,I73) -> 0.09569544 | Y73: 2010.25 | Z73: 0.18278724 | AA73: 1.012625 | AB73: 0.96479872 | AD73: 2010.25 | AE73: 1.5514881 | AF73: 0.82033859 | AG73: 1.8665291 | AI73: 2010.25 | AJ73: 1.0770459 | AK73: -0.044052847 | AL73: 1.2860285 | AN73: =AVERAGE(AJ73,AE73,Z73) -> 0.93710708 | AO73: =AVERAGE(AK73,AF73,AA73) -> 0.59630356 | AP73: =AVERAGE(AL73,AG73,AB73) -> 1.3724521 | AR73: 2010.25 | AS73: 0.40701714 | AT73: -0.062988546 | AU73: 0.15262034 | AW73: 2010.25 | AX73: 1.6325491 | AY73: -0.13053037 | AZ73: 0.81919972 | BB73: 2010.25 | BC73: 1.5193657 | BD73: -1.0548255 | BE73: 1.5589892 | BG73: =AVERAGE(BC73,AX73,AS73) -> 1.1863106 | BH73: =AVERAGE(BD73,AY73,AT73) -> -0.41611481 | BI73: =AVERAGE(BE73,AZ73,AU73) -> 0.84360308
A74: 2010.1667 | B74: 0.56189669 | C74: 0.2432 | D74: 0.13665327 | F74: 2010.1667 | G74: 0.71450424 | H74: 0.123 | I74: 0.087690928 | K74: 2010.1667 | L74: 1.0658744 | M74: 0.09228 | N74: 0.11036264 | P74: 2010.1667 | Q74: 0.69200615 | R74: 0.09585 | S74: 0.052980771 | U74: =AVERAGE(Q74,L74,G74) -> 0.82412828 | V74: =AVERAGE(R74,M74,H74) -> 0.10371 | W74: =AVERAGE(S74,N74,I74) -> 0.083678112 | Y74: 2010.1667 | Z74: -0.11115955 | AA74: 0.41216179 | AB74: 0.28795381 | AD74: 2010.1667 | AE74: 1.5270366 | AF74: 0.067241855 | AG74: 1.9117641 | AI74: 2010.1667 | AJ74: 0.40506576 | AK74: -0.044052847 | AL74: 0.65308146 | AN74: =AVERAGE(AJ74,AE74,Z74) -> 0.60698094 | AO74: =AVERAGE(AK74,AF74,AA74) -> 0.14511693 | AP74: =AVERAGE(AL74,AG74,AB74) -> 0.95093312 | AR74: 2010.1667 | AS74: 0.28445622 | AT74: -0.46657287 | AU74: -0.26992044 | AW74: 2010.1667 | AX74: 1.6762829 | AY74: -0.48198869 | AZ74: 1.345473 | BB74: 2010.1667 | BC74: 1.0817271 | BD74: -0.34847074 | BE74: 1.24527 | BG74: =AVERAGE(BC74,AX74,AS74) -> 1.0141554 | BH74: =AVERAGE(BD74,AY74,AT74) -> -0.4323441 | BI74: =AVERAGE(BE74,AZ74,AU74) -> 0.77360754
A75: 2010.0833 | B75: 0.52332246 | C75: 0.0456 | D75: 0.023863504 | F75: 2010.0833 | G75: 0.68472517 | H75: 0.0615 | I75: 0.042110598 | K75: 2010.0833 | L75: 1.0357471 | M75: 0.061515 | N75: 0.063719895 | P75: 2010.0833 | Q75: 0.68528965 | R75: 0.0719 | S75: 0.048926759 | U75: =AVERAGE(Q75,L75,G75) -> 0.80192065 | V75: =AVERAGE(R75,M75,H75) -> 0.064971667 | W75: =AVERAGE(S75,N75,I75) -> 0.051585751 | Y75: 2010.0833 | Z75: -0.2838209 | AA75: -0.78876453 | AB75: -0.76104281 | AD75: 2010.0833 | AE75: 1.3477564 | AF75: -0.68622224 | AG75: 0.1381827 | AI75: 2010.0833 | AJ75: 0.083943563 | AK75: -0.61478206 | AL75: 0.32544489 | AN75: =AVERAGE(AJ75,AE75,Z75) -> 0.38262634 | AO75: =AVERAGE(AK75,AF75,AA75) -> -0.69658961 | AP75: =AVERAGE(AL75,AG75,AB75) -> -0.099138407 | AR75: 2010.0833 | AS75: 0.37124856 | AT75: -0.93050162 | AU75: -0.57768634 | AW75: 2010.0833 | AX75: 1.7655202 | AY75: -0.87038485 | AZ75: 0.76739864 | BB75: 2010.0833 | BC75: 0.84618619 | BD75: -0.95760573 | BE75: 0.83413864 | BG75: =AVERAGE(BC75,AX75,AS75) -> 0.99431832 | BH75: =AVERAGE(BD75,AY75,AT75) -> -0.9194974 | BI75: =AVERAGE(BE75,AZ75,AU75) -> 0.34128364
A76: 2010 | B76: 0.56215974 | C76: 0.0456 | D76: 0.025634484 | F76: 2010 | G76: 0.67921702 | H76: 0.0615 | I76: 0.041771847 | K76: 2010 | L76: 1.0141455 | M76: 0.061515 | N76: 0.062390567 | P76: 2010 | Q76: 0.77448571 | R76: 0.0719 | S76: 0.049713531 | U76: =AVERAGE(Q76,L76,G76) -> 0.82261607 | V76: =AVERAGE(R76,M76,H76) -> 0.064971667 | W76: =AVERAGE(S76,N76,I76) -> 0.051291982 | Y76: 2010 | Z76: -0.31575756 | AA76: -0.78876453 | AB76: -0.76883891 | AD76: 2010 | AE76: 1.2192102 | AF76: -0.68622224 | AG76: 0.087635249 | AI76: 2010 | AJ76: 0.1474219 | AK76: -0.61478206 | AL76: 0.38903017 | AN76: =AVERAGE(AJ76,AE76,Z76) -> 0.3502915 | AO76: =AVERAGE(AK76,AF76,AA76) -> -0.69658961 | AP76: =AVERAGE(AL76,AG76,AB76) -> -0.097391163 | AR76: 2010 | AS76: 0.091999752 | AT76: -0.29853294 | AU76: -0.15641619 | AW76: 2010 | AX76: 1.1661242 | AY76: -0.21981065 | AZ76: 1.0542421 | BB76: 2010 | BC76: 0.59570548 | BD76: -0.093919209 | BE76: 0.98804684 | BG76: =AVERAGE(BC76,AX76,AS76) -> 0.61794314 | BH76: =AVERAGE(BD76,AY76,AT76) -> -0.2040876 | BI76: =AVERAGE(BE76,AZ76,AU76) -> 0.62862424
A77: 2009.9167 | B77: 0.6096838 | C77: 0.0456 | D77: 0.027801581 | F77: 2009.9167 | G77: 0.69585213 | H77: 0.0615 | I77: 0.042794906 | K77: 2009.9167 | L77: 1.0022664 | M77: 0.061515 | N77: 0.061659226 | P77: 2009.9167 | Q77: 0.86073813 | R77: 0.0719 | S77: 0.054215337 | U77: =AVERAGE(Q77,L77,G77) -> 0.85295221 | V77: =AVERAGE(R77,M77,H77) -> 0.064971667 | W77: =AVERAGE(S77,N77,I77) -> 0.052889823 | Y77: 2009.9167 | Z77: -0.21930591 | AA77: -0.78876453 | AB77: -0.74529398 | AD77: 2009.9167 | AE77: 1.1485206 | AF77: -0.68622224 | AG77: 0.059826139 | AI77: 2009.9167 | AJ77: 0.47956476 | AK77: -0.61478206 | AL77: 0.75285646 | AN77: =AVERAGE(AJ77,AE77,Z77) -> 0.46959314 | AO77: =AVERAGE(AK77,AF77,AA77) -> -0.69658961 | AP77: =AVERAGE(AL77,AG77,AB77) -> 0.022462875 | AR77: 2009.9167 | AS77: 0.08145715 | AT77: -0.68444756 | AU77: -0.50331687 | AW77: 2009.9167 | AX77: 1.2568226 | AY77: -0.51751295 | AZ77: 1.0649821 | BB77: 2009.9167 | BC77: 1.0848367 | BD77: -0.44318112 | BE77: 1.2573383 | BG77: =AVERAGE(BC77,AX77,AS77) -> 0.80770547 | BH77: =AVERAGE(BD77,AY77,AT77) -> -0.54838055 | BI77: =AVERAGE(BE77,AZ77,AU77) -> 0.6063345
A78: 2009.8333 | B78: 0.6478087 | C78: 0.0456 | D78: 0.029540076 | F78: 2009.8333 | G78: 0.7161938 | H78: 0.0615 | I78: 0.044045918 | K78: 2009.8333 | P78: 2009.8333 | Q78: 0.89129554 | R78: 0.0719 | S78: 0.060171544 | U78: =AVERAGE(Q78,L78,G78) -> 0.80374467 | V78: =AVERAGE(R78,M78,H78) -> 0.0667 | W78: =AVERAGE(S78,N78,I78) -> 0.052108731 | Y78: 2009.8333 | Z78: -0.1013634 | AA78: -0.78876453 | AB78: -0.71650288 | AD78: 2009.8333 | AI78: 2009.8333 | AJ78: 0.91497529 | AK78: -0.61478206 | AL78: 1.2342244 | AN78: =AVERAGE(AJ78,AE78,Z78) -> 0.40680594 | AO78: =AVERAGE(AK78,AF78,AA78) -> -0.70177329 | AP78: =AVERAGE(AL78,AG78,AB78) -> 0.25886076 | AR78: 2009.8333 | AS78: 0.058859137 | AT78: -0.28549293 | AU78: -0.18960097 | AW78: 2009.8333 | BB78: 2009.8333 | BC78: 0.68714583 | BD78: -0.040971152 | BE78: 1.0605095 | BG78: =AVERAGE(BC78,AX78,AS78) -> 0.37300249 | BH78: =AVERAGE(BD78,AY78,AT78) -> -0.16323204 | BI78: =AVERAGE(BE78,AZ78,AU78) -> 0.43545426
A79: 2009.75 | B79: 0.65694988 | C79: 0.0456 | D79: 0.029956914 | F79: 2009.75 | G79: 0.73559051 | H79: 0.0615 | I79: 0.045238816 | K79: 2009.75 | L79: 1.0068832 | M79: 0.061515 | N79: 0.061942405 | P79: 2009.75 | Q79: 0.89214886 | R79: 0.0719 | S79: 0.063936222 | U79: =AVERAGE(Q79,L79,G79) -> 0.87820752 | V79: =AVERAGE(R79,M79,H79) -> 0.064971667 | W79: =AVERAGE(S79,N79,I79) -> 0.057039148 | Y79: 2009.75 | Z79: 0.011100236 | AA79: -0.78876453 | AB79: -0.68904924 | AD79: 2009.75 | AE79: 1.175994 | AF79: -0.68622224 | AG79: 0.070593983 | AI79: 2009.75 | AJ79: 1.2091891 | AK79: -0.61478206 | AL79: 1.5384777 | AN79: =AVERAGE(AJ79,AE79,Z79) -> 0.79876112 | AO79: =AVERAGE(AK79,AF79,AA79) -> -0.69658961 | AP79: =AVERAGE(AL79,AG79,AB79) -> 0.30667414 | AR79: 2009.75 | AS79: -0.066126121 | AT79: -0.67664761 | AU79: -0.55165693 | AW79: 2009.75 | AX79: 1.4002876 | AY79: -0.656467 | AZ79: 0.60734084 | BB79: 2009.75 | BC79: 1.1544504 | BD79: -0.59144452 | BE79: 1.2309106 | BG79: =AVERAGE(BC79,AX79,AS79) -> 0.8295373 | BH79: =AVERAGE(BD79,AY79,AT79) -> -0.64151971 | BI79: =AVERAGE(BE79,AZ79,AU79) -> 0.42886484
A80: 2009.6667 | B80: 0.65437745 | C80: 0.0456 | D80: 0.029839612 | F80: 2009.6667 | G80: 0.73285649 | H80: 0.0615 | I80: 0.045070674 | K80: 2009.6667 | L80: 0.97058706 | M80: 0.061515 | N80: 0.059708513 | P80: 2009.6667 | Q80: 0.8202771 | R80: 0.0719 | S80: 0.064737903 | U80: =AVERAGE(Q80,L80,G80) -> 0.84124022 | V80: =AVERAGE(R80,M80,H80) -> 0.064971667 | W80: =AVERAGE(S80,N80,I80) -> 0.056505697 | Y80: 2009.6667 | Z80: -0.0047518264 | AA80: -0.78876453 | AB80: -0.69291891 | AD80: 2009.6667 | AE80: 0.96000461 | AF80: -0.68622224 | AG80: -0.014349343 | AI80: 2009.6667 | AJ80: 1.3101385 | AK80: -0.61478206 | AL80: 1.6032678 | AN80: =AVERAGE(AJ80,AE80,Z80) -> 0.75513044 | AO80: =AVERAGE(AK80,AF80,AA80) -> -0.69658961 | AP80: =AVERAGE(AL80,AG80,AB80) -> 0.29866651 | AR80: 2009.6667 | AS80: -0.14539226 | AT80: -0.32631335 | AU80: -0.39469879 | AW80: 2009.6667 | AX80: 0.51098486 | AY80: -0.23837245 | AZ80: 0.49578206 | BB80: 2009.6667 | BC80: 0.89213071 | BD80: 0.00077097787 | BE80: 1.671445 | BG80: =AVERAGE(BC80,AX80,AS80) -> 0.4192411 | BH80: =AVERAGE(BD80,AY80,AT80) -> -0.18797161 | BI80: =AVERAGE(BE80,AZ80,AU80) -> 0.59084277
A81: 2009.5833 | B81: 0.66115376 | C81: 0.0456 | D81: 0.030148611 | F81: 2009.5833 | G81: 0.81115746 | H81: 0.0615 | I81: 0.049886184 | K81: 2009.5833 | L81: 0.93344534 | M81: 0.061515 | N81: 0.05742251 | P81: 2009.5833 | Q81: 0.83171443 | R81: 0.0719 | S81: 0.065614972 | U81: =AVERAGE(Q81,L81,G81) -> 0.85877241 | V81: =AVERAGE(R81,M81,H81) -> 0.064971667 | W81: =AVERAGE(S81,N81,I81) -> 0.057641222 | Y81: 2009.5833 | Z81: 0.44924318 | AA81: -0.78876453 | AB81: -0.58209361 | AD81: 2009.5833 | AE81: 0.7389833 | AF81: -0.68622224 | AG81: -0.10127417 | AI81: 2009.5833 | AJ81: 1.4195029 | AK81: -0.61478206 | AL81: 1.6741506 | AN81: =AVERAGE(AJ81,AE81,Z81) -> 0.86924311 | AO81: =AVERAGE(AK81,AF81,AA81) -> -0.69658961 | AP81: =AVERAGE(AL81,AG81,AB81) -> 0.33026095 | AR81: 2009.5833 | AS81: -0.03547741 | AT81: -0.65870958 | AU81: -0.49198712 | AW81: 2009.5833 | AX81: 0.58475152 | AY81: -0.53553373 | AZ81: 0.32866884 | BB81: 2009.5833 | BC81: 0.75913881 | BD81: -0.5161374 | BE81: 0.84394872 | BG81: =AVERAGE(BC81,AX81,AS81) -> 0.43613764 | BH81: =AVERAGE(BD81,AY81,AT81) -> -0.5701269 | BI81: =AVERAGE(BE81,AZ81,AU81) -> 0.22687682
A82: 2009.5 | B82: 0.67073546 | C82: 0.0456 | D82: 0.030585537 | F82: 2009.5 | G82: 0.85507142 | H82: 0.0615 | I82: 0.052586892 | K82: 2009.5 | L82: 0.87279124 | M82: 0.0615 | N82: 0.053676661 | P82: 2009.5 | Q82: 0.69679537 | R82: 0.0479 | S82: 0.039638997 | U82: =AVERAGE(Q82,L82,G82) -> 0.80821934 | V82: =AVERAGE(R82,M82,H82) -> 0.056966667 | W82: =AVERAGE(S82,N82,I82) -> 0.048634183 | Y82: 2009.5 | Z82: 0.70385963 | AA82: -0.78876453 | AB82: -0.51993887 | AD82: 2009.5 | AE82: 0.37804547 | AF82: -0.68658961 | AG82: -0.24370937 | AI82: 2009.5 | AJ82: 1.0431782 | AK82: -1.1867028 | AL82: -0.42517221 | AN82: =AVERAGE(AJ82,AE82,Z82) -> 0.70836111 | AO82: =AVERAGE(AK82,AF82,AA82) -> -0.8873523 | AP82: =AVERAGE(AL82,AG82,AB82) -> -0.39627348 | AR82: 2009.5 | AS82: 0.048627246 | AT82: -0.023130098 | AU82: 0.019479126 | AW82: 2009.5 | AX82: -0.060434763 | AY82: -0.10830264 | AZ82: -0.060737989 | BB82: 2009.5 | BC82: 0.080873651 | BD82: -0.38248369 | BE82: -0.16086523 | BG82: =AVERAGE(BC82,AX82,AS82) -> 0.023022045 | BH82: =AVERAGE(BD82,AY82,AT82) -> -0.17130548 | BI82: =AVERAGE(BE82,AZ82,AU82) -> -0.067374699
A83: 2009.4167 | B83: 0.62641006 | C83: 0.1824 | D83: 0.11425719 | F83: 2009.4167 | G83: 0.79320682 | H83: 0.09225 | I83: 0.069847571 | K83: 2009.4167 | L83: 0.88982904 | M83: 0.12303 | N83: 0.082025421 | P83: 2009.4167 | Q83: 0.61225784 | R83: 0.1198 | S83: 0.065390431 | U83: =AVERAGE(Q83,L83,G83) -> 0.7650979 | V83: =AVERAGE(R83,M83,H83) -> 0.11169333 | W83: =AVERAGE(S83,N83,I83) -> 0.072421141 | Y83: 2009.4167 | Z83: 0.345164 | AA83: -0.18830137 | AB83: -0.12269749 | AD83: 2009.4167 | AE83: 0.4794333 | AF83: 0.82033859 | AG83: 0.83424684 | AI83: 2009.4167 | AJ83: 1.4481629 | AK83: 0.52667636 | AL83: 1.6560037 | AN83: =AVERAGE(AJ83,AE83,Z83) -> 0.75758674 | AO83: =AVERAGE(AK83,AF83,AA83) -> 0.38623786 | AP83: =AVERAGE(AL83,AG83,AB83) -> 0.78918435 | AR83: 2009.4167 | AS83: -0.25477272 | AT83: -1.6914044 | AU83: -1.4662664 | AW83: 2009.4167 | AX83: 0.060215019 | AY83: -0.38552665 | AZ83: -0.15878669 | BB83: 2009.4167 | BC83: 0.76724841 | BD83: -0.91224471 | BE83: 0.8345552 | BG83: =AVERAGE(BC83,AX83,AS83) -> 0.1908969 | BH83: =AVERAGE(BD83,AY83,AT83) -> -0.99639192 | BI83: =AVERAGE(BE83,AZ83,AU83) -> -0.2634993
A84: 2009.3333 | B84: 0.53817536 | C84: 0.1824 | D84: 0.098163186 | F84: 2009.3333 | G84: 0.72781111 | H84: 0.09225 | I84: 0.063839151 | K84: 2009.3333 | L84: 0.7709418 | M84: 0.092265 | N84: 0.047425084 | P84: 2009.3333 | Q84: 0.6880828 | R84: 0.1198 | S84: 0.060525602 | U84: =AVERAGE(Q84,L84,G84) -> 0.72894524 | V84: =AVERAGE(R84,M84,H84) -> 0.10143833 | W84: =AVERAGE(S84,N84,I84) -> 0.057263279 | Y84: 2009.3333 | Z84: -0.034005321 | AA84: -0.18830137 | AB84: -0.2609767 | AD84: 2009.3333 | AE84: -0.22803576 | AF84: 0.066874491 | AG84: -0.48142438 | AI84: 2009.3333 | AJ84: 0.98504331 | AK84: 0.52667636 | AL84: 1.2628386 | AN84: =AVERAGE(AJ84,AE84,Z84) -> 0.24100074 | AO84: =AVERAGE(AK84,AF84,AA84) -> 0.13508316 | AP84: =AVERAGE(AL84,AG84,AB84) -> 0.17347918 | AR84: 2009.3333 | AS84: -0.17980642 | AT84: -1.2318356 | AU84: -1.2174372 | AW84: 2009.3333 | AX84: -0.36597326 | AY84: -0.60355493 | AZ84: -0.70804181 | BB84: 2009.3333 | BC84: 0.8531328 | BD84: -0.17806018 | BE84: 0.98702613 | BG84: =AVERAGE(BC84,AX84,AS84) -> 0.10245104 | BH84: =AVERAGE(BD84,AY84,AT84) -> -0.67115023 | BI84: =AVERAGE(BE84,AZ84,AU84) -> -0.31281763
A85: 2009.25 | B85: 0.56368505 | C85: 0.1672 | D85: 0.094248141 | F85: 2009.25 | G85: 0.64794603 | H85: 0.09225 | I85: 0.057136688 | K85: 2009.25 | L85: 0.70483186 | M85: 0.092265 | N85: 0.043359178 | P85: 2009.25 | Q85: 0.52033572 | R85: 0.1198 | S85: 0.053672755 | U85: =AVERAGE(Q85,L85,G85) -> 0.6243712 | V85: =AVERAGE(R85,M85,H85) -> 0.10143833 | W85: =AVERAGE(S85,N85,I85) -> 0.05138954 | Y85: 2009.25 | Z85: -0.49706914 | AA85: -0.18830137 | AB85: -0.41522879 | AD85: 2009.25 | AE85: -0.62143993 | AF85: 0.066874491 | AG85: -0.6360297 | AI85: 2009.25 | AJ85: 0.26331189 | AK85: 0.52667636 | AL85: 0.70900617 | AN85: =AVERAGE(AJ85,AE85,Z85) -> -0.28506573 | AO85: =AVERAGE(AK85,AF85,AA85) -> 0.13508316 | AP85: =AVERAGE(AL85,AG85,AB85) -> -0.11408411 | AR85: 2009.25 | AS85: -0.42081838 | AT85: -1.4277404 | AU85: -1.3598747 | AW85: 2009.25 | AX85: -0.57566763 | AY85: -0.82059675 | AZ85: -0.90008631 | BB85: 2009.25 | BC85: 0.59648643 | BD85: -0.51128572 | BE85: 0.86632981 | BG85: =AVERAGE(BC85,AX85,AS85) -> -0.13333319 | BH85: =AVERAGE(BD85,AY85,AT85) -> -0.91987428 | BI85: =AVERAGE(BE85,AZ85,AU85) -> -0.46454373
A86: 2009.1667 | B86: 0.49126253 | C86: 0.1824 | D86: 0.089606285 | F86: 2009.1667 | G86: 0.58683395 | H86: 0.09225 | I86: 0.052364433 | K86: 2009.1667 | L86: 0.69543782 | M86: 0.092265 | N86: 0.042781303 | P86: 2009.1667 | Q86: 0.4995782 | R86: 0.1437 | S86: 0.024592653 | U86: =AVERAGE(Q86,L86,G86) -> 0.59394999 | V86: =AVERAGE(R86,M86,H86) -> 0.109405 | W86: =AVERAGE(S86,N86,I86) -> 0.039912796 | Y86: 2009.1667 | Z86: -0.85140164 | AA86: -0.18830137 | AB86: -0.5250586 | AD86: 2009.1667 | AE86: -0.67734157 | AF86: 0.066874491 | AG86: -0.65800329 | AI86: 2009.1667 | AJ86: -1.0049858 | AK86: 1.0962141 | AL86: -1.6411856 | AN86: =AVERAGE(AJ86,AE86,Z86) -> -0.84457633 | AO86: =AVERAGE(AK86,AF86,AA86) -> 0.32492906 | AP86: =AVERAGE(AL86,AG86,AB86) -> -0.94141583 | AR86: 2009.1667 | AS86: -0.54219105 | AT86: -1.1019061 | AU86: -1.1799057 | AW86: 2009.1667 | AX86: -0.48441166 | AY86: -0.48231704 | AZ86: -0.68600648 | BB86: 2009.1667 | BC86: -0.47078817 | BD86: 0.9643116 | BE86: -1.3814576 | BG86: =AVERAGE(BC86,AX86,AS86) -> -0.49913029 | BH86: =AVERAGE(BD86,AY86,AT86) -> -0.20663719 | BI86: =AVERAGE(BE86,AZ86,AU86) -> -1.0824566
A87: 2009.0833 | B87: 0.44922307 | C87: 0.0608 | D87: 0.027312763 | F87: 2009.0833 | G87: 0.53809667 | H87: 0.123 | I87: 0.06618589 | K87: 2009.0833 | L87: 0.69051153 | M87: 0.061515 | N87: 0.042478193 | P87: 2009.0833 | Q87: 0.661916 | R87: 0.09585 | S87: 0.0502071 | U87: =AVERAGE(Q87,L87,G87) -> 0.63017473 | V87: =AVERAGE(R87,M87,H87) -> 0.093455 | W87: =AVERAGE(S87,N87,I87) -> 0.052957061 | Y87: 2009.0833 | Z87: -1.1339841 | AA87: 0.41216179 | AB87: -0.20696828 | AD87: 2009.0833 | AE87: -0.70665673 | AF87: -0.68622224 | AG87: -0.66952899 | AI87: 2009.0833 | AJ87: -0.12204433 | AK87: -0.044052847 | AL87: 0.42891933 | AN87: =AVERAGE(AJ87,AE87,Z87) -> -0.6542284 | AO87: =AVERAGE(AK87,AF87,AA87) -> -0.10603777 | AP87: =AVERAGE(AL87,AG87,AB87) -> -0.14919265 | AR87: 2009.0833 | AS87: -0.81202235 | AT87: 1.9496224 | AU87: 0.85567378 | AW87: 2009.0833 | AX87: -0.42997289 | AY87: -0.87038485 | AZ87: -0.80901091 | BB87: 2009.0833 | BC87: 0.6181853 | BD87: -0.014615836 | BE87: 0.95889707 | BG87: =AVERAGE(BC87,AX87,AS87) -> -0.20793665 | BH87: =AVERAGE(BD87,AY87,AT87) -> 0.35487392 | BI87: =AVERAGE(BE87,AZ87,AU87) -> 0.33518665
A88: 2009 | B88: 0.48679273 | C88: 0.0608 | D88: 0.029596998 | F88: 2009 | G88: 0.57318981 | H88: 0.09225 | I88: 0.054419144 | K88: 2009 | L88: 0.74996707 | M88: 0.06153 | N88: 0.046145474 | P88: 2009 | Q88: 0.74657512 | R88: 0.09585 | S88: 0.052187005 | U88: =AVERAGE(Q88,L88,G88) -> 0.68991067 | V88: =AVERAGE(R88,M88,H88) -> 0.08321 | W88: =AVERAGE(S88,N88,I88) -> 0.050917208 | Y88: 2009 | Z88: -0.93051139 | AA88: -0.18830137 | AB88: -0.47777098 | AD88: 2009 | AE88: -0.35285128 | AF88: -0.68585488 | AG88: -0.53008134 | AI88: 2009 | AJ88: 0.048602197 | AK88: -0.044052847 | AL88: 0.58893099 | AN88: =AVERAGE(AJ88,AE88,Z88) -> -0.41158682 | AO88: =AVERAGE(AK88,AF88,AA88) -> -0.3060697 | AP88: =AVERAGE(AL88,AG88,AB88) -> -0.13964044 | AR88: 2009 | AS88: -0.37815066 | AT88: 1.1022755 | AU88: 0.64985877 | AW88: 2009 | AX88: -0.029020047 | AY88: -0.21897704 | AZ88: -0.093734307 | BB88: 2009 | BC88: 0.51267668 | BD88: 0.75540652 | BE88: 1.1807577 | BG88: =AVERAGE(BC88,AX88,AS88) -> 0.035168658 | BH88: =AVERAGE(BD88,AY88,AT88) -> 0.54623498 | BI88: =AVERAGE(BE88,AZ88,AU88) -> 0.57896073
A89: 2008.9167 | B89: 0.55372221 | C89: 0.076 | D89: 0.042082888 | F89: 2008.9167 | G89: 0.61243262 | H89: 0.09225 | I89: 0.054322278 | K89: 2008.9167 | L89: 0.62391023 | M89: 0.0615 | N89: 0.038370479 | P89: 2008.9167 | Q89: 0.81277013 | R89: 0.09585 | S89: 0.055837227 | U89: =AVERAGE(Q89,L89,G89) -> 0.68303766 | V89: =AVERAGE(R89,M89,H89) -> 0.0832 | W89: =AVERAGE(S89,N89,I89) -> 0.049509995 | Y89: 2008.9167 | Z89: -0.70297859 | AA89: -0.18830137 | AB89: -0.48000029 | AD89: 2008.9167 | AE89: -1.1029848 | AF89: -0.68658961 | AG89: -0.82572404 | AI89: 2008.9167 | AJ89: 0.35082326 | AK89: -0.044052847 | AL89: 0.88393415 | AN89: =AVERAGE(AJ89,AE89,Z89) -> -0.48504673 | AO89: =AVERAGE(AK89,AF89,AA89) -> -0.30631461 | AP89: =AVERAGE(AL89,AG89,AB89) -> -0.14059672 | AR89: 2008.9167 | AS89: -0.43813767 | AT89: 0.68444756 | AU89: 0.086460728 | AW89: 2008.9167 | AX89: -0.79911728 | AY89: -0.51828078 | AZ89: -0.88005759 | BB89: 2008.9167 | BC89: 0.92659065 | BD89: 0.88737235 | BE89: 1.4129987 | BG89: =AVERAGE(BC89,AX89,AS89) -> -0.10355476 | BH89: =AVERAGE(BD89,AY89,AT89) -> 0.35117971 | BI89: =AVERAGE(BE89,AZ89,AU89) -> 0.20646727
A90: 2008.8333 | B90: 0.5860993 | C90: 0.0608 | D90: 0.035634837 | F90: 2008.8333 | G90: 0.64061352 | H90: 0.09225 | I90: 0.060877214 | K90: 2008.8333 | L90: 0.71196539 | M90: 0.06153 | N90: 0.04380723 | P90: 2008.8333 | Q90: 0.87796371 | R90: 0.09585 | S90: 0.059679724 | U90: =AVERAGE(Q90,L90,G90) -> 0.74351421 | V90: =AVERAGE(R90,M90,H90) -> 0.08321 | W90: =AVERAGE(S90,N90,I90) -> 0.054788056 | Y90: 2008.8333 | Z90: -0.53958358 | AA90: -0.18830137 | AB90: -0.32914342 | AD90: 2008.8333 | AE90: -0.57899003 | AF90: -0.68585488 | AG90: -0.61899261 | AI90: 2008.8333 | AJ90: 0.67974456 | AK90: -0.044052847 | AL90: 1.1944765 | AN90: =AVERAGE(AJ90,AE90,Z90) -> -0.14627635 | AO90: =AVERAGE(AK90,AF90,AA90) -> -0.3060697 | AP90: =AVERAGE(AL90,AG90,AB90) -> 0.082113505 | AR90: 2008.8333 | AS90: -0.2408475 | AT90: 1.0321668 | AU90: 0.71790133 | AW90: 2008.8333 | AX90: -0.23523113 | AY90: -0.19067841 | AZ90: -0.26875993 | BB90: 2008.8333 | BC90: 0.53081586 | BD90: 0.77674476 | BE90: 1.0331114 | BG90: =AVERAGE(BC90,AX90,AS90) -> 0.018245741 | BH90: =AVERAGE(BD90,AY90,AT90) -> 0.53941104 | BI90: =AVERAGE(BE90,AZ90,AU90) -> 0.49408425
A91: 2008.75 | B91: 0.61311263 | C91: 0.0608 | D91: 0.037277248 | F91: 2008.75 | G91: 0.67914105 | H91: 0.123 | I91: 0.083534349 | K91: 2008.75 | L91: 0.66812083 | M91: 0.061515 | N91: 0.04109957 | P91: 2008.75 | Q91: 0.92002478 | R91: 0.09585 | S91: 0.062075366 | U91: =AVERAGE(Q91,L91,G91) -> 0.75576222 | V91: =AVERAGE(R91,M91,H91) -> 0.093455 | W91: =AVERAGE(S91,N91,I91) -> 0.062236428 | Y91: 2008.75 | Z91: -0.31619804 | AA91: 0.41216179 | AB91: 0.19229331 | AD91: 2008.75 | AE91: -0.83989829 | AF91: -0.68622224 | AG91: -0.72195088 | AI91: 2008.75 | AJ91: 0.89078369 | AK91: -0.044052847 | AL91: 1.3880873 | AN91: =AVERAGE(AJ91,AE91,Z91) -> -0.088437549 | AO91: =AVERAGE(AK91,AF91,AA91) -> -0.10603777 | AP91: =AVERAGE(AL91,AG91,AB91) -> 0.28614323 | AR91: 2008.75 | AS91: -0.46337505 | AT91: 2.4649306 | AU91: 1.3689758 | AW91: 2008.75 | AX91: -0.88806013 | AY91: -0.656467 | AZ91: -1.0270387 | BB91: 2008.75 | BC91: 0.83722628 | BD91: 0.36965282 | BE91: 1.0893856 | BG91: =AVERAGE(BC91,AX91,AS91) -> -0.17140297 | BH91: =AVERAGE(BD91,AY91,AT91) -> 0.72603881 | BI91: =AVERAGE(BE91,AZ91,AU91) -> 0.47710758
A92: 2008.6667 | B92: 0.67602299 | C92: 0.0608 | D92: 0.041102198 | F92: 2008.6667 | G92: 0.73660055 | H92: 0.0615 | I92: 0.045300934 | K92: 2008.6667 | P92: 2008.6667 | Q92: 0.86379936 | R92: 0.09585 | S92: 0.063235633 | U92: =AVERAGE(Q92,L92,G92) -> 0.80019996 | V92: =AVERAGE(R92,M92,H92) -> 0.078675 | W92: =AVERAGE(S92,N92,I92) -> 0.054268283 | Y92: 2008.6667 | Z92: 0.016956497 | AA92: -0.78876453 | AB92: -0.68761966 | AD92: 2008.6667 | AI92: 2008.6667 | AJ92: 1.0030102 | AK92: -0.044052847 | AL92: 1.4818575 | AN92: =AVERAGE(AJ92,AE92,Z92) -> 0.50998333 | AO92: =AVERAGE(AK92,AF92,AA92) -> -0.41640869 | AP92: =AVERAGE(AL92,AG92,AB92) -> 0.39711892 | AR92: 2008.6667 | AS92: -0.13356211 | AT92: -0.32631335 | AU92: -0.38575653 | AW92: 2008.6667 | BB92: 2008.6667 | BC92: 0.62054755 | BD92: 1.0283839 | BE92: 1.5503245 | BG92: =AVERAGE(BC92,AX92,AS92) -> 0.24349272 | BH92: =AVERAGE(BD92,AY92,AT92) -> 0.35103528 | BI92: =AVERAGE(BE92,AZ92,AU92) -> 0.58228396
A93: 2008.5833 | B93: 0.72038361 | C93: 0.0608 | D93: 0.043799323 | F93: 2008.5833 | G93: 0.7866916 | H93: 0.123 | I93: 0.096763066 | K93: 2008.5833 | L93: 0.67037888 | M93: 0.061515 | N93: 0.041237927 | P93: 2008.5833 | Q93: 0.76124891 | R93: 0.09585 | S93: 0.06574824 | U93: =AVERAGE(Q93,L93,G93) -> 0.73943979 | V93: =AVERAGE(R93,M93,H93) -> 0.093455 | W93: =AVERAGE(S93,N93,I93) -> 0.067916411 | Y93: 2008.5833 | Z93: 0.30738822 | AA93: 0.41216179 | AB93: 0.49674216 | AD93: 2008.5833 | AE93: -0.82646123 | AF93: -0.68622224 | AG93: -0.71668987 | AI93: 2008.5833 | AJ93: 1.2800361 | AK93: -0.044052847 | AL93: 1.6849211 | AN93: =AVERAGE(AJ93,AE93,Z93) -> 0.25365435 | AO93: =AVERAGE(AK93,AF93,AA93) -> -0.10603777 | AP93: =AVERAGE(AL93,AG93,AB93) -> 0.48832445 | AR93: 2008.5833 | AS93: -0.17978488 | AT93: 2.6348383 | AU93: 1.5705342 | AW93: 2008.5833 | AX93: -1.1652716 | AY93: -0.53553373 | AZ93: -1.2366023 | BB93: 2008.5833 | BC93: 0.63158063 | BD93: 0.77441335 | BE93: 0.85352709 | BG93: =AVERAGE(BC93,AX93,AS93) -> -0.23782529 | BH93: =AVERAGE(BD93,AY93,AT93) -> 0.95790597 | BI93: =AVERAGE(BE93,AZ93,AU93) -> 0.39581965
A94: 2008.5 | B94: 0.75769968 | C94: 0.0608 | D94: 0.046068141 | F94: 2008.5 | G94: 0.83178891 | H94: 0.0615 | I94: 0.051155018 | K94: 2008.5 | P94: 2008.5 | Q94: 0.66584548 | R94: 0.0479 | S94: 0.038173798 | U94: =AVERAGE(Q94,L94,G94) -> 0.74881719 | V94: =AVERAGE(R94,M94,H94) -> 0.0547 | W94: =AVERAGE(S94,N94,I94) -> 0.044664408 | Y94: 2008.5 | Z94: 0.56886586 | AA94: -0.78876453 | AB94: -0.55289237 | AD94: 2008.5 | AI94: 2008.5 | AJ94: 0.84372997 | AK94: -1.1867028 | AL94: -0.54358644 | AN94: =AVERAGE(AJ94,AE94,Z94) -> 0.70629791 | AO94: =AVERAGE(AK94,AF94,AA94) -> -0.98773365 | AP94: =AVERAGE(AL94,AG94,AB94) -> -0.5482394 | AR94: 2008.5 | AS94: -0.0071973893 | AT94: -0.023130098 | AU94: -0.034317951 | AW94: 2008.5 | BB94: 2008.5 | BC94: -0.0094262497 | BD94: -0.38248369 | BE94: -0.23596374 | BG94: =AVERAGE(BC94,AX94,AS94) -> -0.0083118195 | BH94: =AVERAGE(BD94,AY94,AT94) -> -0.20280689 | BI94: =AVERAGE(BE94,AZ94,AU94) -> -0.13514085
A95: 2008.4167 | B95: 0.74686777 | C95: 0.1824 | D95: 0.13622868 | F95: 2008.4167 | G95: 0.80849418 | H95: 0.1845 | I95: 0.15318318 | K95: 2008.4167 | L95: 0.70364151 | M95: 0.09228 | N95: 0.063824037 | P95: 2008.4167 | Q95: 0.58065732 | R95: 0.16775 | S95: 0.066365059 | U95: =AVERAGE(Q95,L95,G95) -> 0.69759767 | V95: =AVERAGE(R95,M95,H95) -> 0.14817667 | W95: =AVERAGE(S95,N95,I95) -> 0.094457424 | Y95: 2008.4167 | Z95: 0.43380124 | AA95: 1.6130881 | AB95: 1.7952081 | AD95: 2008.4167 | AE95: -0.62852338 | AF95: 0.067241855 | AG95: 0.14214268 | AI95: 2008.4167 | AJ95: 1.4917037 | AK95: 1.6693263 | AL95: 1.7347711 | AN95: =AVERAGE(AJ95,AE95,Z95) -> 0.43232718 | AO95: =AVERAGE(AK95,AF95,AA95) -> 1.1165521 | AP95: =AVERAGE(AL95,AG95,AB95) -> 1.2240406 | AR95: 2008.4167 | AS95: -0.16829654 | AT95: 0.30752807 | AU95: 0.17782866 | AW95: 2008.4167 | AX95: -1.0514595 | AY95: -1.0193183 | AZ95: -0.66335628 | BB95: 2008.4167 | BC95: 0.8127451 | BD95: 0.21308645 | BE95: 0.9199048 | BG95: =AVERAGE(BC95,AX95,AS95) -> -0.13567033 | BH95: =AVERAGE(BD95,AY95,AT95) -> -0.16623459 | BI95: =AVERAGE(BE95,AZ95,AU95) -> 0.14479239
A96: 2008.3333 | B96: 0.76441441 | C96: 0.1976 | D96: 0.15104829 | F96: 2008.3333 | G96: 0.68403939 | H96: 0.15375 | I96: 0.10960156 | K96: 2008.3333 | L96: 0.71720688 | M96: 0.061515 | N96: 0.044118884 | P96: 2008.3333 | Q96: 0.50375346 | R96: 0.16775 | S96: 0.053288021 | U96: =AVERAGE(Q96,L96,G96) -> 0.63499991 | V96: =AVERAGE(R96,M96,H96) -> 0.12767167 | W96: =AVERAGE(S96,N96,I96) -> 0.069002821 | Y96: 2008.3333 | Z96: -0.28779707 | AA96: 1.012625 | AB96: 0.79221026 | AD96: 2008.3333 | AE96: -0.54779916 | AF96: -0.68622224 | AG96: -0.60714202 | AI96: 2008.3333 | AJ96: 0.34343009 | AK96: 1.6693263 | AL96: 0.67791277 | AN96: =AVERAGE(AJ96,AE96,Z96) -> -0.16405538 | AO96: =AVERAGE(AK96,AF96,AA96) -> 0.665243 | AP96: =AVERAGE(AL96,AG96,AB96) -> 0.28766034 | AR96: 2008.3333 | AS96: -0.46609662 | AT96: -0.018664176 | AU96: -0.12928806 | AW96: 2008.3333 | AX96: -0.66990888 | AY96: -1.2698574 | AZ96: -0.79836317 | BB96: 2008.3333 | BC96: -0.38711134 | BD96: 0.21308645 | BE96: -0.22527058 | BG96: =AVERAGE(BC96,AX96,AS96) -> -0.50770561 | BH96: =AVERAGE(BD96,AY96,AT96) -> -0.35847836 | BI96: =AVERAGE(BE96,AZ96,AU96) -> -0.38430727
A97: 2008.25 | B97: 0.66488146 | C97: 0.1824 | D97: 0.12127438 | F97: 2008.25 | G97: 0.61059954 | H97: 0.15375 | I97: 0.097968349 | K97: 2008.25 | L97: 0.71392531 | M97: 0.061515 | N97: 0.043917524 | P97: 2008.25 | Q97: 0.45523815 | R97: 0.16775 | S97: 0.039896457 | U97: =AVERAGE(Q97,L97,G97) -> 0.59325434 | V97: =AVERAGE(R97,M97,H97) -> 0.12767167 | W97: =AVERAGE(S97,N97,I97) -> 0.06059411 | Y97: 2008.25 | Z97: -0.71360693 | AA97: 1.012625 | AB97: 0.52448082 | AD97: 2008.25 | AE97: -0.56732699 | AF97: -0.68622224 | AG97: -0.61479871 | AI97: 2008.25 | AJ97: -0.78739379 | AK97: 1.6693263 | AL97: -0.40436486 | AN97: =AVERAGE(AJ97,AE97,Z97) -> -0.68944257 | AO97: =AVERAGE(AK97,AF97,AA97) -> 0.665243 | AP97: =AVERAGE(AL97,AG97,AB97) -> -0.16489425 | AR97: 2008.25 | AS97: -0.68448829 | AT97: -0.062988546 | AU97: -0.32996325 | AW97: 2008.25 | AX97: -0.52067589 | AY97: -1.5103267 | AZ97: -0.88550038 | BB97: 2008.25 | BC97: -1.5687342 | BD97: 0.21308645 | BE97: -1.3979895 | BG97: =AVERAGE(BC97,AX97,AS97) -> -0.92463279 | BH97: =AVERAGE(BD97,AY97,AT97) -> -0.45340959 | BI97: =AVERAGE(BE97,AZ97,AU97) -> -0.87115104
A98: 2008.1667 | B98: 0.60419414 | C98: 0.1824 | D98: 0.11020501 | F98: 2008.1667 | G98: 0.57291547 | H98: 0.123 | I98: 0.074695294 | K98: 2008.1667 | L98: 0.716156 | M98: 0.061515 | N98: 0.044055303 | P98: 2008.1667 | Q98: 0.40728771 | R98: 0.1198 | S98: 0.032765197 | U98: =AVERAGE(Q98,L98,G98) -> 0.56545306 | V98: =AVERAGE(R98,M98,H98) -> 0.10143833 | W98: =AVERAGE(S98,N98,I98) -> 0.050505265 | Y98: 2008.1667 | Z98: -0.93210203 | AA98: 0.41216179 | AB98: -0.011130824 | AD98: 2008.1667 | AE98: -0.5540527 | AF98: -0.68622224 | AG98: -0.60955969 | AI98: 2008.1667 | AJ98: -1.422289 | AK98: 0.52667636 | AL98: -0.98069801 | AN98: =AVERAGE(AJ98,AE98,Z98) -> -0.96948123 | AO98: =AVERAGE(AK98,AF98,AA98) -> 0.084205305 | AP98: =AVERAGE(AL98,AG98,AB98) -> -0.53379617 | AR98: 2008.1667 | AS98: -0.63231124 | AT98: -0.46657287 | AU98: -0.6046787 | AW98: 2008.1667 | AX98: -0.36356598 | AY98: -1.1554373 | AZ98: -0.64771034 | BB98: 2008.1667 | BC98: -2.2321502 | BD98: -0.91224471 | BE98: -2.0224843 | BG98: =AVERAGE(BC98,AX98,AS98) -> -1.0760091 | BH98: =AVERAGE(BD98,AY98,AT98) -> -0.84475161 | BI98: =AVERAGE(BE98,AZ98,AU98) -> -1.0916244
A99: 2008.0833 | B99: 0.56017646 | C99: 0.0608 | D99: 0.034058729 | F99: 2008.0833 | G99: 0.55468399 | H99: 0.09225 | I99: 0.049162441 | K99: 2008.0833 | L99: 0.72203804 | M99: 0.061515 | N99: 0.044417721 | P99: 2008.0833 | Q99: 0.45114984 | R99: 0.09585 | S99: 0.031884894 | U99: =AVERAGE(Q99,L99,G99) -> 0.57595729 | V99: =AVERAGE(R99,M99,H99) -> 0.083205 | W99: =AVERAGE(S99,N99,I99) -> 0.041821685 | Y99: 2008.0833 | Z99: -1.0378095 | AA99: -0.18830137 | AB99: -0.59875001 | AD99: 2008.0833 | AE99: -0.51905014 | AF99: -0.68622224 | AG99: -0.5957788 | AI99: 2008.0833 | AJ99: -1.5273858 | AK99: -0.044052847 | AL99: -1.0518422 | AN99: =AVERAGE(AJ99,AE99,Z99) -> -1.0280818 | AO99: =AVERAGE(AK99,AF99,AA99) -> -0.30619215 | AP99: =AVERAGE(AL99,AG99,AB99) -> -0.74879035 | AR99: 2008.0833 | AS99: -0.67816501 | AT99: 0.50956041 | AU99: -0.15784386 | AW99: 2008.0833 | AX99: -0.22948303 | AY99: -0.87038485 | AZ99: -0.66507278 | BB99: 2008.0833 | BC99: -2.3419682 | BD99: -1.4743236 | BE99: -2.0995737 | BG99: =AVERAGE(BC99,AX99,AS99) -> -1.0832054 | BH99: =AVERAGE(BD99,AY99,AT99) -> -0.611716 | BI99: =AVERAGE(BE99,AZ99,AU99) -> -0.97416346
A100: 2008 | B100: 0.57349585 | C100: 0.0608 | D100: 0.034868548 | F100: 2008 | G100: 0.56154302 | H100: 0.0615 | I100: 0.034534896 | K100: 2008 | L100: 0.87279124 | M100: 0.06153 | N100: 0.053702845 | P100: 2008 | Q100: 0.56659673 | R100: 0.09585 | S100: 0.035592695 | U100: =AVERAGE(Q100,L100,G100) -> 0.66697699 | V100: =AVERAGE(R100,M100,H100) -> 0.07296 | W100: =AVERAGE(S100,N100,I100) -> 0.041276812 | Y100: 2008 | Z100: -0.99804039 | AA100: -0.78876453 | AB100: -0.93539183 | AD100: 2008 | AE100: 0.37804547 | AF100: -0.68585488 | AG100: -0.24271374 | AI100: 2008 | AJ100: -1.1677225 | AK100: -0.044052847 | AL100: -0.75218566 | AN100: =AVERAGE(AJ100,AE100,Z100) -> -0.59590579 | AO100: =AVERAGE(AK100,AF100,AA100) -> -0.50622408 | AP100: =AVERAGE(AL100,AG100,AB100) -> -0.64343041 | AR100: 2008 | AS100: -0.42979538 | AT100: -0.29853294 | AU100: -0.61777739 | AW100: 2008 | AX100: 0.52663702 | AY100: -0.21897704 | AZ100: 0.44031517 | BB100: 2008 | BC100: -0.5092852 | BD100: 0.75540652 | BE100: -0.11212235 | BG100: =AVERAGE(BC100,AX100,AS100) -> -0.13748119 | BH100: =AVERAGE(BD100,AY100,AT100) -> 0.079298847 | BI100: =AVERAGE(BE100,AZ100,AU100) -> -0.096528189
A101: 2007.9167 | B101: 0.58222652 | C101: 0.076 | D101: 0.044249216 | F101: 2007.9167 | G101: 0.57313968 | H101: 0.09225 | I101: 0.050588219 | K101: 2007.9167 | L101: 0.62662025 | M101: 0.0615 | N101: 0.038537145 | P101: 2007.9167 | Q101: 0.69142836 | R101: 0.0719 | S101: 0.040381258 | U101: =AVERAGE(Q101,L101,G101) -> 0.6303961 | V101: =AVERAGE(R101,M101,H101) -> 0.075216667 | W101: =AVERAGE(S101,N101,I101) -> 0.043168874 | Y101: 2007.9167 | Z101: -0.93080207 | AA101: -0.18830137 | AB101: -0.5659368 | AD101: 2007.9167 | AE101: -1.0868582 | AF101: -0.68658961 | AG101: -0.81938658 | AI101: 2007.9167 | AJ101: -0.7173596 | AK101: -0.61478206 | AL101: -0.36518426 | AN101: =AVERAGE(AJ101,AE101,Z101) -> -0.91167328 | AO101: =AVERAGE(AK101,AF101,AA101) -> -0.49655768 | AP101: =AVERAGE(AL101,AG101,AB101) -> -0.58350255 | AR101: 2007.9167 | AS101: -0.68288148 | AT101: 0.68444756 | AU101: -0.10458577 | AW101: 2007.9167 | AX101: -0.78439137 | AY101: -0.51828078 | AZ101: -0.86613789 | BB101: 2007.9167 | BC101: -0.3863947 | BD101: -0.44318112 | BE101: -0.070382987 | BG101: =AVERAGE(BC101,AX101,AS101) -> -0.61788918 | BH101: =AVERAGE(BD101,AY101,AT101) -> -0.092338113 | BI101: =AVERAGE(BE101,AZ101,AU101) -> -0.34703555
A102: 2007.8333 | B102: 0.64467758 | C102: 0.0608 | D102: 0.039196397 | F102: 2007.8333 | G102: 0.5841622 | H102: 0.0615 | I102: 0.035925975 | K102: 2007.8333 | L102: 0.9232361 | M102: 0.06153 | N102: 0.056806717 | P102: 2007.8333 | Q102: 0.84345849 | R102: 0.0958 | S102: 0.029077338 | U102: =AVERAGE(Q102,L102,G102) -> 0.78361893 | V102: =AVERAGE(R102,M102,H102) -> 0.072943333 | W102: =AVERAGE(S102,N102,I102) -> 0.040603344 | Y102: 2007.8333 | Z102: -0.86689265 | AA102: -0.78876453 | AB102: -0.90337719 | AD102: 2007.8333 | AE102: 0.67823056 | AF102: -0.68585488 | AG102: -0.12468958 | AI102: 2007.8333 | AJ102: -0.39451378 | AK102: -0.045244348 | AL102: -1.2787429 | AN102: =AVERAGE(AJ102,AE102,Z102) -> -0.19439195 | AO102: =AVERAGE(AK102,AF102,AA102) -> -0.50662125 | AP102: =AVERAGE(AL102,AG102,AB102) -> -0.76893656 | AR102: 2007.8333 | AS102: -0.46470005 | AT102: -0.28549293 | AU102: -0.62740844 | AW102: 2007.8333 | AX102: 0.58832222 | AY102: -0.19067841 | AZ102: 0.51985431 | BB102: 2007.8333 | BC102: -0.18311627 | BD102: 0.77503763 | BE102: -0.67167433 | BG102: =AVERAGE(BC102,AX102,AS102) -> -0.019831366 | BH102: =AVERAGE(BD102,AY102,AT102) -> 0.099622097 | BI102: =AVERAGE(BE102,AZ102,AU102) -> -0.25974282
A103: 2007.75 | B103: 0.69811638 | C103: 0.0608 | D103: 0.042445476 | F103: 2007.75 | G103: 0.59482016 | H103: 0.0615 | I103: 0.03658144 | K103: 2007.75 | L103: 0.75665231 | M103: 0.061515 | N103: 0.046547049 | P103: 2007.75 | Q103: 0.86353859 | R103: 0.09585 | S103: 0.046945543 | U103: =AVERAGE(Q103,L103,G103) -> 0.73833702 | V103: =AVERAGE(R103,M103,H103) -> 0.072955 | W103: =AVERAGE(S103,N103,I103) -> 0.043358011 | Y103: 2007.75 | Z103: -0.80509698 | AA103: -0.78876453 | AB103: -0.88829217 | AD103: 2007.75 | AE103: -0.31306901 | AF103: -0.68622224 | AG103: -0.5148115 | AI103: 2007.75 | AJ103: -0.059098173 | AK103: -0.044052847 | AL103: 0.16532725 | AN103: =AVERAGE(AJ103,AE103,Z103) -> -0.39242139 | AO103: =AVERAGE(AK103,AF103,AA103) -> -0.50634654 | AP103: =AVERAGE(AL103,AG103,AB103) -> -0.41259214 | AR103: 2007.75 | AS103: -1.0567622 | AT103: -0.67664761 | AU103: -0.98584964 | AW103: 2007.75 | AX103: -0.29002787 | AY103: -0.656467 | AZ103: -0.59987754 | BB103: 2007.75 | BC103: -0.10913135 | BD103: 0.36965282 | BE103: -0.061293792 | BG103: =AVERAGE(BC103,AX103,AS103) -> -0.48530713 | BH103: =AVERAGE(BD103,AY103,AT103) -> -0.32115393 | BI103: =AVERAGE(BE103,AZ103,AU103) -> -0.54900699
A104: 2007.6667 | B104: 0.71866969 | C104: 0.0608 | D104: 0.043695117 | F104: 2007.6667 | G104: 0.62266831 | H104: 0.09225 | I104: 0.054212505 | K104: 2007.6667 | P104: 2007.6667 | Q104: 0.78955738 | R104: 0.0719 | S104: 0.052707436 | U104: =AVERAGE(Q104,L104,G104) -> 0.70611284 | V104: =AVERAGE(R104,M104,H104) -> 0.082075 | W104: =AVERAGE(S104,N104,I104) -> 0.053459971 | Y104: 2007.6667 | Z104: -0.64363129 | AA104: -0.18830137 | AB104: -0.48252662 | AD104: 2007.6667 | AI104: 2007.6667 | AJ104: 0.44599731 | AK104: -0.61478206 | AL104: 0.63099112 | AN104: =AVERAGE(AJ104,AE104,Z104) -> -0.098816988 | AO104: =AVERAGE(AK104,AF104,AA104) -> -0.40154171 | AP104: =AVERAGE(AL104,AG104,AB104) -> 0.074232254 | AR104: 2007.6667 | AS104: -0.49355551 | AT104: 0.70701226 | AU104: -0.039670529 | AW104: 2007.6667 | BB104: 2007.6667 | BC104: 0.12800008 | BD104: 0.00077097787 | BE104: 0.70148828 | BG104: =AVERAGE(BC104,AX104,AS104) -> -0.18277771 | BH104: =AVERAGE(BD104,AY104,AT104) -> 0.35389162 | BI104: =AVERAGE(BE104,AZ104,AU104) -> 0.33090888
A105: 2007.5833 | B105: 0.74388226 | C105: 0.0608 | D105: 0.045228041 | F105: 2007.5833 | G105: 0.67723014 | H105: 0.0615 | I105: 0.041649653 | K105: 2007.5833 | L105: 0.72405146 | M105: 0.061515 | N105: 0.04454074 | P105: 2007.5833 | Q105: 0.70541789 | R105: 0.09585 | S105: 0.059056044 | U105: =AVERAGE(Q105,L105,G105) -> 0.70223316 | V105: =AVERAGE(R105,M105,H105) -> 0.072955 | W105: =AVERAGE(S105,N105,I105) -> 0.048415479 | Y105: 2007.5833 | Z105: -0.32727767 | AA105: -0.78876453 | AB105: -0.7716511 | AD105: 2007.5833 | AE105: -0.50706876 | AF105: -0.68622224 | AG105: -0.59110101 | AI105: 2007.5833 | AJ105: 1.0455783 | AK105: -0.044052847 | AL105: 1.1440721 | AN105: =AVERAGE(AJ105,AE105,Z105) -> 0.070410624 | AO105: =AVERAGE(AK105,AF105,AA105) -> -0.50634654 | AP105: =AVERAGE(AL105,AG105,AB105) -> -0.072893335 | AR105: 2007.5833 | AS105: -0.82542342 | AT105: -0.65870958 | AU105: -0.85438366 | AW105: 2007.5833 | AX105: -0.8082202 | AY105: -0.53553373 | AZ105: -0.91717497 | BB105: 2007.5833 | BC105: 0.41714244 | BD105: 0.77441335 | BE105: 0.37254002 | BG105: =AVERAGE(BC105,AX105,AS105) -> -0.40550039 | BH105: =AVERAGE(BD105,AY105,AT105) -> -0.13994332 | BI105: =AVERAGE(BE105,AZ105,AU105) -> -0.46633954
A106: 2007.5 | B106: 0.75857849 | C106: 0.0608 | D106: 0.046121572 | F106: 2007.5 | G106: 0.7289536 | H106: 0.0615 | I106: 0.044830646 | K106: 2007.5 | P106: 2007.5 | Q106: 0.59488107 | R106: 0.0479 | S106: 0.045065457 | U106: =AVERAGE(Q106,L106,G106) -> 0.66191734 | V106: =AVERAGE(R106,M106,H106) -> 0.0547 | W106: =AVERAGE(S106,N106,I106) -> 0.044948052 | Y106: 2007.5 | Z106: -0.027381082 | AA106: -0.78876453 | AB106: -0.69844296 | AD106: 2007.5 | AI106: 2007.5 | AJ106: 1.7818481 | AK106: -1.1867028 | AL106: 0.013382718 | AN106: =AVERAGE(AJ106,AE106,Z106) -> 0.87723349 | AO106: =AVERAGE(AK106,AF106,AA106) -> -0.98773365 | AP106: =AVERAGE(AL106,AG106,AB106) -> -0.34253012 | AR106: 2007.5 | AS106: -0.25376631 | AT106: -0.023130098 | AU106: -0.27193145 | AW106: 2007.5 | BB106: 2007.5 | BC106: 0.41530532 | BD106: -0.38248369 | BE106: 0.11726706 | BG106: =AVERAGE(BC106,AX106,AS106) -> 0.080769504 | BH106: =AVERAGE(BD106,AY106,AT106) -> -0.20280689 | BI106: =AVERAGE(BE106,AZ106,AU106) -> -0.077332199
...

Sheet Annual
A1: Core | B1: Year | C1: Density | D1: Extension | E1: Calcification | G1: Core | H1: Year | I1: Density | J1: Extension | K1: Calcification | M1: Core | N1: Year | O1: Density | P1: Extension | Q1: Calcification | S1: Core | T1: Year | U1: Density | V1: Extension | W1: Calcification | Y1: Year | Z1: Density | AA1: Extension | AB1: Calcification | AD1: Year | AE1: Density | AF1: Extension | AG1: Calcification
A2: VAR1 | B2: 2015 | C2: 0.68516075 | D2: 1.4472 | E2: 0.99156464 | G2: VAR2 | H2: 2015 | I2: 0.61826624 | J2: 0.8614 | K2: 0.53257454 | M2: VAR3 | N2: 2015 | O2: 0.98136432 | P2: 0.676835 | Q2: 0.65441332 | S2: VAR4 | T2: 2015 | U2: 0.55545949 | V2: 0.9354 | W2: 0.51971936 | Y2: 2015 | Z2: =AVERAGE(U2,O2,I2,C2) -> 0.7100627 | AA2: =AVERAGE(V2,P2,J2,D2) -> 0.98020875 | AB2: =AVERAGE(W2,Q2,K2,E2) -> 0.67456797 | AD2: 2015 | AE2: =STANDARDIZE(Z2,Z$69,Z$70) -> -0.27510539 | AF2: =STANDARDIZE(AA2,AA$69,AA$70) -> -0.35936222 | AG2: =STANDARDIZE(AB2,AB$69,AB$70) -> -0.68532405
A3: VAR1 | B3: 2014 | C3: 0.64420237 | D3: 1.63 | E3: 1.0500499 | G3: VAR2 | H3: 2014 | I3: 0.6456923 | J3: 1.5383 | K3: 1.0090896 | M3: VAR3 | N3: 2014 | O3: 0.75258524 | P3: 0.92295 | Q3: 0.74916116 | S3: VAR4 | T3: 2014 | U3: 0.65445914 | V3: 1.05535 | W3: 0.6881391 | Y3: 2014 | Z3: =AVERAGE(U3,O3,I3,C3) -> 0.67423476 | AA3: =AVERAGE(V3,P3,J3,D3) -> 1.28665 | AB3: =AVERAGE(W3,Q3,K3,E3) -> 0.87410992 | AD3: 2014 | AE3: =STANDARDIZE(Z3,Z$69,Z$70) -> -0.78313099 | AF3: =STANDARDIZE(AA3,AA$69,AA$70) -> 1.9385342 | AG3: =STANDARDIZE(AB3,AB$69,AB$70) -> 1.269742
A4: VAR1 | B4: 2013 | C4: 0.61752516 | D4: 1.63 | E4: 1.006566 | G4: VAR2 | H4: 2013 | I4: 0.57526659 | J4: 1.35365 | K4: 0.76657251 | M4: VAR3 | N4: 2013 | O4: 0.7052864 | P4: 0.52305 | Q4: 0.37217135 | S4: VAR4 | T4: 2013 | U4: 0.68100063 | V4: 1.12725 | W4: 0.76503928 | Y4: 2013 | Z4: =AVERAGE(U4,O4,I4,C4) -> 0.6447697 | AA4: =AVERAGE(V4,P4,J4,D4) -> 1.1584875 | AB4: =AVERAGE(W4,Q4,K4,E4) -> 0.72758729 | AD4: 2013 | AE4: =STANDARDIZE(Z4,Z$69,Z$70) -> -1.2009336 | AF4: =STANDARDIZE(AA4,AA$69,AA$70) -> 0.97748818 | AG4: =STANDARDIZE(AB4,AB$69,AB$70) -> -0.16585298
A5: VAR1 | B5: 2012 | C5: 0.61419012 | D5: 1.95 | E5: 1.1976707 | G5: VAR2 | H5: 2012 | I5: 0.51892142 | J5: 0.9845 | K5: 0.53274886 | M5: VAR3 | N5: 2012 | O5: 0.83413083 | P5: 0.52302 | Q5: 0.43796569 | S5: VAR4 | T5: 2012 | U5: 0.79592003 | V5: 0.88745 | W5: 0.70815367 | Y5: 2012 | Z5: =AVERAGE(U5,O5,I5,C5) -> 0.6907906 | AA5: =AVERAGE(V5,P5,J5,D5) -> 1.0862425 | AB5: =AVERAGE(W5,Q5,K5,E5) -> 0.71913474 | AD5: 2012 | AE5: =STANDARDIZE(Z5,Z$69,Z$70) -> -0.54837596 | AF5: =STANDARDIZE(AA5,AA$69,AA$70) -> 0.43574802 | AG5: =STANDARDIZE(AB5,AB$69,AB$70) -> -0.2486691
A6: VAR1 | B6: 2011 | C6: 0.49883694 | D6: 1.3711 | E6: 0.68395533 | G6: VAR2 | H6: 2011 | I6: 0.61377614 | J6: 0.923 | K6: 0.54661248 | M6: VAR3 | N6: 2011 | O6: 1.1135078 | P6: 0.707605 | Q6: 0.83743763 | S6: VAR4 | T6: 2011 | U6: 0.88550625 | V6: 1.03135 | W6: 0.92175949 | Y6: 2011 | Z6: =AVERAGE(U6,O6,I6,C6) -> 0.77790678 | AA6: =AVERAGE(V6,P6,J6,D6) -> 1.0082637 | AB6: =AVERAGE(W6,Q6,K6,E6) -> 0.74744123 | AD6: 2011 | AE6: =STANDARDIZE(Z6,Z$69,Z$70) -> 0.68689604 | AF6: =STANDARDIZE(AA6,AA$69,AA$70) -> -0.14898753 | AG6: =STANDARDIZE(AB6,AB$69,AB$70) -> 0.028671411
A7: VAR1 | B7: 2010 | C7: 0.63175884 | D7: 1.493 | E7: 0.94321595 | G7: VAR2 | H7: 2010 | I7: 0.74819628 | J7: 0.79985 | K7: 0.59346543 | M7: VAR3 | N7: 2010 | O7: 0.85723376 | P7: 0.73838 | Q7: 0.63296342 | S7: VAR4 | T7: 2010 | U7: 0.9036306 | V7: 0.9114 | W7: 0.83493969 | Y7: 2010 | Z7: =AVERAGE(U7,O7,I7,C7) -> 0.78520487 | AA7: =AVERAGE(V7,P7,J7,D7) -> 0.9856575 | AB7: =AVERAGE(W7,Q7,K7,E7) -> 0.75114612 | AD7: 2010 | AE7: =STANDARDIZE(Z7,Z$69,Z$70) -> 0.79037999 | AF7: =STANDARDIZE(AA7,AA$69,AA$70) -> -0.31850394 | AG7: =STANDARDIZE(AB7,AB$69,AB$70) -> 0.064971054
A8: VAR1 | B8: 2009 | C8: 0.56872467 | D8: 1.0969 | E8: 0.6238341 | G8: VAR2 | H8: 2009 | I8: 0.65715558 | J8: 0.7691 | K8: 0.50735544 | M8: VAR3 | N8: 2009 | O8: 0.76676625 | P8: 0.7384 | Q8: 0.56102507 | S8: VAR4 | T8: 2009 | U8: 0.78769481 | V8: 0.98335 | W8: 0.7716892 | Y8: 2009 | Z8: =AVERAGE(U8,O8,I8,C8) -> 0.69508533 | AA8: =AVERAGE(V8,P8,J8,D8) -> 0.8969375 | AB8: =AVERAGE(W8,Q8,K8,E8) -> 0.61597595 | AD8: 2009 | AE8: =STANDARDIZE(Z8,Z$69,Z$70) -> -0.48747844 | AF8: =STANDARDIZE(AA8,AA$69,AA$70) -> -0.98378439 | AG8: =STANDARDIZE(AB8,AB$69,AB$70) -> -1.2593951
A9: VAR1 | B9: 2008 | C9: 0.66884489 | D9: 1.234 | E9: 0.82535459 | G9: VAR2 | H9: 2008 | I9: 0.67840809 | J9: 1.2614 | K9: 0.86982507 | M9: VAR3 | N9: 2008 | O9: 0.69914533 | P9: 0.492235 | Q9: 0.34560139 | S9: VAR4 | T9: 2008 | U9: 0.66617916 | V9: 1.24715 | W9: 0.83082185 | Y9: 2008 | Z9: =AVERAGE(U9,O9,I9,C9) -> 0.67814437 | AA9: =AVERAGE(V9,P9,J9,D9) -> 1.0586963 | AB9: =AVERAGE(W9,Q9,K9,E9) -> 0.71790072 | AD9: 2008 | AE9: =STANDARDIZE(Z9,Z$69,Z$70) -> -0.72769436 | AF9: =STANDARDIZE(AA9,AA$69,AA$70) -> 0.22918827 | AG9: =STANDARDIZE(AB9,AB$69,AB$70) -> -0.2607597
